id_commune;population_municipale;population_comptee_a_part;population_totale
01001;779;19;798
01002;256;1;257
01004;14134;380;14514
01005;1751;25;1776
01006;112;6;118
01007;2800;115;2915
01008;762;15;777
01009;326;9;335
01010;1105;17;1122
01011;368;11;379
01012;329;4;333
01013;143;4;147
01014;3349;93;3442
01015;650;17;667
01016;460;9;469
01017;457;16;473
01019;27;4;31
01021;1457;28;1485
01022;1249;18;1267
01023;76;0;76
01024;3251;65;3316
01025;4065;106;4171
01026;973;68;1041
01027;2563;52;2615
01028;617;17;634
01029;685;8;693
01030;829;15;844
01031;3652;234;3886
01032;3376;29;3405
01033;16378;350;16728
01034;9182;400;9582
01035;310;8;318
01036;1326;19;1345
01037;308;4;312
01038;754;21;775
01039;443;8;451
01040;486;10;496
01041;748;21;769
01042;291;14;305
01043;4754;113;4867
01044;632;16;648
01045;283;4;287
01046;895;8;903
01047;1182;32;1214
01049;3283;73;3356
01050;365;4;369
01051;91;1;92
01052;328;6;334
01053;41111;1742;42853
01054;1457;32;1489
01056;349;5;354
01057;519;16;535
01058;828;21;849
01060;493;21;514
01061;1144;35;1179
01062;934;22;956
01063;533;7;540
01064;1070;20;1090
01065;1812;64;1876
01066;89;1;90
01067;255;13;268
01068;775;15;790
01069;1503;39;1542
01071;4808;117;4925
01072;3194;62;3256
01073;1000;25;1025
01074;2589;35;2624
01075;1382;31;1413
01076;125;3;128
01077;196;3;199
01078;1557;33;1590
01079;811;31;842
01080;643;14;657
01081;735;21;756
01082;628;14;642
01083;927;17;944
01084;895;18;913
01085;400;5;405
01087;282;10;292
01088;903;27;930
01089;2253;50;2303
01090;356;6;362
01092;1604;58;1662
01093;4931;203;5134
01094;761;12;773
01095;853;12;865
01096;1034;30;1064
01098;1159;36;1195
01099;1566;57;1623
01100;131;4;135
01101;152;7;159
01102;961;15;976
01103;2149;47;2196
01104;461;10;471
01105;1829;53;1882
01106;179;7;186
01107;133;4;137
01108;1176;24;1200
01109;2226;46;2272
01110;156;2;158
01111;132;1;133
01112;450;12;462
01113;817;12;829
01114;667;12;679
01115;1333;30;1363
01116;498;12;510
01117;151;2;153
01118;1278;32;1310
01121;116;1;117
01123;1162;35;1197
01124;689;8;697
01125;612;13;625
01127;508;8;516
01128;305;1;306
01129;291;6;297
01130;2363;44;2407
01133;394;6;400
01134;1758;45;1803
01135;2171;64;2235
01136;893;20;913
01138;3004;64;3068
01139;444;5;449
01140;767;19;786
01141;453;15;468
01142;4777;57;4834
01143;9951;239;10190
01145;1179;22;1201
01146;436;3;439
01147;492;3;495
01148;1879;46;1925
01149;1076;28;1104
01150;214;5;219
01151;1146;27;1173
01152;748;20;768
01153;2115;74;2189
01155;143;4;147
01156;815;12;827
01157;2250;42;2292
01158;1048;17;1065
01159;3365;71;3436
01160;10026;163;10189
01162;65;3;68
01163;2038;35;2073
01165;1594;33;1627
01166;2423;61;2484
01167;634;24;658
01169;641;22;663
01170;1053;28;1081
01171;844;42;886
01173;13121;270;13391
01174;178;2;180
01175;784;23;807
01177;183;6;189
01179;1881;52;1933
01180;839;21;860
01181;1241;50;1291
01183;1479;29;1508
01184;763;26;789
01185;4844;176;5020
01187;618;21;639
01188;663;20;683
01189;1115;26;1141
01190;87;3;90
01191;154;4;158
01192;2277;61;2338
01193;222;7;229
01194;6346;93;6439
01195;1783;54;1837
01196;1226;13;1239
01197;351;13;364
01198;268;3;271
01199;2137;46;2183
01200;214;5;219
01202;7161;147;7308
01203;1313;42;1355
01204;735;15;750
01206;277;6;283
01207;317;12;329
01208;131;4;135
01209;778;16;794
01210;228;4;232
01211;1395;35;1430
01212;718;9;727
01213;1341;29;1370
01214;158;6;164
01215;140;3;143
01216;894;21;915
01219;164;3;167
01224;3225;31;3256
01225;372;8;380
01227;643;14;657
01228;660;14;674
01229;1235;24;1259
01230;312;7;319
01231;1948;48;1996
01232;2276;47;2323
01233;130;3;133
01234;169;3;172
01235;1159;87;1246
01236;1011;29;1040
01237;1667;65;1732
01238;2670;56;2726
01239;620;14;634
01240;627;16;643
01241;1356;34;1390
01242;135;2;137
01243;1253;35;1288
01244;7923;139;8062
01245;943;21;964
01246;2217;36;2253
01247;312;14;326
01248;2197;54;2251
01249;10122;151;10273
01250;1974;252;2226
01252;786;22;808
01254;2116;51;2167
01255;647;12;659
01257;351;10;361
01258;1190;32;1222
01259;702;16;718
01260;302;5;307
01261;668;23;691
01262;6886;83;6969
01263;3772;87;3859
01264;1016;20;1036
01265;3456;71;3527
01266;2576;42;2618
01267;1025;23;1048
01268;246;3;249
01269;3454;135;3589
01272;1500;20;1520
01273;1800;27;1827
01274;645;15;660
01275;2569;50;2619
01276;1624;27;1651
01277;117;2;119
01279;80;6;86
01280;138;1;139
01281;4483;170;4653
01282;258;6;264
01283;22456;479;22935
01284;694;13;707
01285;1229;30;1259
01286;951;38;989
01288;2717;55;2772
01289;6520;291;6811
01290;1273;32;1305
01291;842;7;849
01293;148;4;152
01294;886;16;902
01295;686;13;699
01296;420;8;428
01297;867;15;882
01298;150;2;152
01299;584;8;592
01301;2547;61;2608
01302;163;5;168
01303;1699;36;1735
01304;2924;53;2977
01305;2213;43;2256
01306;1641;64;1705
01307;836;21;857
01308;807;14;821
01309;85;0;85
01310;251;4;255
01311;44;0;44
01313;8711;239;8950
01314;1729;33;1762
01317;330;6;336
01318;726;17;743
01319;466;9;475
01320;3791;91;3882
01321;888;29;917
01322;4984;140;5124
01323;989;14;1003
01325;1032;18;1050
01328;597;4;601
01329;153;6;159
01330;182;6;188
01331;187;0;187
01332;779;23;802
01333;3369;59;3428
01334;658;9;667
01335;402;6;408
01336;1174;22;1196
01337;1311;27;1338
01338;1227;37;1264
01339;1463;43;1506
01342;554;11;565
01343;1793;41;1834
01344;5943;166;6109
01345;2266;34;2300
01346;858;19;877
01347;2035;63;2098
01348;2938;65;3003
01349;503;5;508
01350;2542;40;2582
01351;1571;26;1597
01352;583;6;589
01353;1700;28;1728
01354;13943;200;14143
01355;486;7;493
01356;208;5;213
01357;502;7;509
01358;429;3;432
01359;246;3;249
01360;1895;48;1943
01361;1577;48;1625
01362;786;15;801
01363;1772;70;1842
01364;756;7;763
01365;1162;20;1182
01366;1082;18;1100
01367;746;4;750
01368;838;15;853
01369;942;25;967
01370;1688;28;1716
01371;1242;29;1271
01372;444;5;449
01373;1023;30;1053
01374;1871;45;1916
01375;782;20;802
01376;3962;39;4001
01378;2645;54;2699
01379;760;11;771
01380;632;13;645
01381;921;18;939
01382;279;2;281
01383;1562;21;1583
01384;2188;33;2221
01385;985;23;1008
01386;1127;66;1193
01387;256;3;259
01388;1102;9;1111
01389;1834;43;1877
01390;1246;21;1267
01391;271;8;279
01392;656;27;683
01393;544;5;549
01396;977;13;990
01397;978;19;997
01398;1421;17;1438
01399;2107;51;2158
01400;139;3;142
01401;2167;71;2238
01402;652;20;672
01403;1295;41;1336
01404;135;2;137
01405;1280;29;1309
01406;174;1;175
01407;1002;18;1020
01408;661;12;673
01410;300;7;307
01411;273;6;279
01412;595;12;607
01415;499;6;505
01416;1014;11;1025
01418;1087;27;1114
01419;6021;176;6197
01420;1690;8;1698
01421;729;16;745
01422;1355;36;1391
01423;1124;21;1145
01424;1776;43;1819
01425;288;7;295
01426;2538;59;2597
01427;6920;164;7084
01428;126;1;127
01429;707;13;720
01430;619;12;631
01431;1227;30;1257
01432;323;2;325
01433;313;4;317
01434;472;10;482
01435;2157;69;2226
01436;481;11;492
01437;223;5;228
01439;99;4;103
01441;734;18;752
01443;4978;95;5073
01444;1196;17;1213
01445;615;21;636
01446;1548;37;1585
01447;1342;32;1374
01448;389;8;397
01449;759;14;773
01450;3717;67;3784
01451;6595;150;6745
01452;1132;24;1156
01453;710;23;733
01454;1112;21;1133
01456;71;2;73
01457;3181;59;3240
02001;502;11;513
02002;610;8;618
02003;1021;24;1045
02004;182;5;187
02005;380;8;388
02006;262;9;271
02007;122;1;123
02008;294;4;298
02009;534;6;540
02010;173;4;177
02011;1138;54;1192
02012;71;0;71
02013;386;9;395
02014;729;23;752
02015;72;1;73
02016;216;9;225
02017;323;4;327
02018;2574;53;2627
02019;362;5;367
02020;455;8;463
02021;84;3;87
02022;403;6;409
02023;102;3;105
02024;51;0;51
02025;367;2;369
02027;214;7;221
02028;2606;60;2666
02029;354;12;366
02030;257;4;261
02031;661;6;667
02032;253;4;257
02033;104;2;106
02034;121;4;125
02035;280;9;289
02036;72;1;73
02037;1386;30;1416
02038;59;0;59
02039;173;3;176
02040;180;3;183
02041;807;15;822
02042;384;2;386
02043;65;1;66
02044;25;0;25
02046;557;9;566
02047;108;5;113
02048;133;4;137
02049;739;13;752
02050;323;2;325
02051;391;6;397
02052;135;6;141
02053;571;6;577
02054;461;4;465
02055;88;2;90
02056;179;1;180
02057;1406;18;1424
02058;856;10;866
02059;2714;28;2742
02060;257;7;264
02061;246;7;253
02062;137;4;141
02063;378;8;386
02064;3832;53;3885
02065;600;13;613
02066;196;2;198
02067;210;5;215
02068;88;4;92
02069;105;2;107
02070;445;12;457
02071;658;15;673
02072;186;2;188
02073;670;4;674
02074;593;10;603
02075;195;2;197
02076;152;3;155
02077;379;9;388
02078;163;3;166
02079;149;0;149
02080;333;9;342
02081;434;8;442
02082;110;0;110
02083;750;15;765
02084;257;5;262
02085;1015;25;1040
02086;1006;11;1017
02087;34;1;35
02088;92;3;95
02089;1148;21;1169
02090;207;10;217
02091;95;1;96
02093;1298;59;1357
02094;464;9;473
02095;5686;78;5764
02096;197;3;200
02097;256;2;258
02098;379;14;393
02099;221;5;226
02100;138;0;138
02101;192;5;197
02102;191;6;197
02103;1339;16;1355
02104;99;4;103
02105;196;2;198
02106;810;12;822
02107;107;4;111
02108;159;4;163
02109;475;10;485
02110;2235;25;2260
02111;721;11;732
02112;553;13;566
02114;1563;37;1600
02115;190;6;196
02116;147;1;148
02117;68;0;68
02118;129;2;131
02119;327;6;333
02120;196;6;202
02121;240;4;244
02122;54;1;55
02123;301;5;306
02124;651;10;661
02125;193;11;204
02126;455;5;460
02127;192;5;197
02128;1475;47;1522
02129;18;0;18
02130;194;7;201
02131;1861;42;1903
02132;194;3;197
02133;404;9;413
02134;862;18;880
02135;1157;17;1174
02136;128;3;131
02137;160;0;160
02138;200;3;203
02139;442;5;447
02140;456;7;463
02141;1778;79;1857
02142;253;5;258
02143;185;6;191
02144;144;3;147
02145;545;10;555
02146;94;1;95
02148;255;2;257
02149;62;2;64
02150;63;0;63
02151;116;3;119
02152;89;0;89
02153;764;20;784
02154;365;7;372
02155;166;5;171
02156;257;1;258
02157;836;23;859
02158;273;2;275
02159;295;2;297
02160;544;12;556
02162;291;8;299
02163;2585;42;2627
02164;325;7;332
02165;1654;26;1680
02166;356;9;365
02167;890;14;904
02168;15254;362;15616
02169;84;0;84
02170;125;0;125
02171;88;1;89
02172;252;9;261
02173;11653;419;12072
02174;829;16;845
02175;161;4;165
02176;206;3;209
02177;139;2;141
02178;106;2;108
02179;385;8;393
02180;721;14;735
02181;79;1;80
02182;117;3;120
02183;185;1;186
02184;351;5;356
02185;390;15;405
02186;1351;45;1396
02187;1134;15;1149
02188;147;4;151
02189;350;8;358
02190;518;12;530
02191;523;5;528
02192;371;7;378
02193;65;1;66
02194;186;8;194
02195;910;25;935
02196;311;7;318
02197;535;102;637
02198;228;2;230
02199;601;8;609
02200;106;1;107
02201;441;6;447
02203;1282;20;1302
02204;65;2;67
02205;229;3;232
02206;76;3;79
02207;216;3;219
02208;267;6;273
02209;708;11;719
02210;364;6;370
02211;294;3;297
02212;708;11;719
02213;343;2;345
02214;61;1;62
02215;841;6;847
02216;294;4;298
02217;992;9;1001
02218;628;12;640
02219;200;72;272
02220;436;15;451
02221;152;4;156
02222;32;0;32
02223;301;12;313
02224;346;4;350
02225;84;2;86
02226;1863;30;1893
02227;120;1;121
02228;339;6;345
02229;71;0;71
02230;186;6;192
02231;941;9;950
02232;362;10;372
02233;145;8;153
02234;83;1;84
02235;115;3;118
02236;330;3;333
02237;1502;16;1518
02238;1816;31;1847
02239;1244;85;1329
02240;218;3;221
02241;96;3;99
02242;641;11;652
02243;2923;47;2970
02244;63;3;66
02245;1805;35;1840
02246;611;4;615
02248;156;3;159
02249;100;0;100
02250;73;4;77
02251;27;1;28
02252;71;2;73
02253;358;3;361
02254;129;5;134
02255;153;2;155
02256;129;3;132
02257;437;13;450
02258;370;13;383
02259;392;15;407
02260;650;11;661
02261;391;9;400
02262;211;3;214
02263;112;0;112
02264;730;16;746
02265;99;2;101
02266;46;2;48
02267;292;10;302
02268;647;13;660
02269;155;6;161
02270;164;3;167
02271;130;2;132
02272;78;2;80
02273;207;0;207
02274;195;6;201
02275;319;6;325
02276;117;5;122
02277;342;7;349
02278;28;5;33
02279;553;25;578
02280;409;12;421
02281;256;11;267
02282;427;8;435
02283;287;8;295
02284;102;1;103
02286;867;11;878
02287;1048;27;1075
02288;347;8;355
02289;411;11;422
02290;2745;73;2818
02291;410;8;418
02292;1305;28;1333
02293;553;10;563
02294;207;8;215
02295;853;7;860
02296;1197;21;1218
02297;121;2;123
02298;1420;9;1429
02299;546;6;552
02302;321;12;333
02303;680;16;696
02304;2838;135;2973
02305;3001;55;3056
02306;510;9;519
02307;2060;159;2219
02308;476;8;484
02309;671;5;676
02310;248;7;255
02311;120;2;122
02312;1100;10;1110
02313;444;5;449
02315;1669;34;1703
02316;128;5;133
02317;218;4;222
02318;1381;18;1399
02319;490;8;498
02320;237;4;241
02321;901;189;1090
02322;386;3;389
02323;134;3;137
02324;281;3;284
02326;470;8;478
02327;163;1;164
02328;513;6;519
02329;425;9;434
02330;530;7;537
02331;110;3;113
02332;265;4;269
02333;164;0;164
02334;2958;70;3028
02335;183;8;191
02336;983;15;998
02337;168;4;172
02338;252;10;262
02339;690;9;699
02340;5235;74;5309
02341;268;1;269
02342;134;2;136
02343;81;0;81
02345;41;1;42
02346;664;12;676
02347;444;6;450
02349;56;0;56
02350;136;2;138
02351;113;6;119
02352;560;10;570
02353;287;10;297
02354;80;2;82
02355;953;26;979
02356;240;2;242
02357;71;2;73
02358;333;3;336
02359;1301;20;1321
02360;2751;39;2790
02361;4645;78;4723
02362;238;12;250
02363;390;3;393
02364;258;5;263
02366;324;7;331
02367;130;4;134
02368;574;7;581
02369;242;2;244
02370;610;5;615
02371;1578;35;1613
02372;347;10;357
02373;197;5;202
02374;861;9;870
02375;159;3;162
02376;174;5;179
02377;135;8;143
02378;129;5;134
02379;209;123;332
02380;24;1;25
02381;8710;187;8897
02382;1367;39;1406
02383;1452;46;1498
02384;56;2;58
02385;160;3;163
02386;225;2;227
02387;1015;35;1050
02388;225;6;231
02389;659;16;675
02390;264;2;266
02391;206;0;206
02392;311;6;317
02393;141;5;146
02395;141;6;147
02396;64;1;65
02397;1252;20;1272
02398;284;4;288
02399;607;5;612
02400;148;4;152
02401;194;2;196
02402;37;2;39
02403;260;7;267
02404;190;0;190
02405;535;5;540
02406;132;5;137
02407;199;9;208
02408;24304;666;24970
02409;268;4;272
02410;244;10;254
02411;203;4;207
02412;100;1;101
02413;244;4;248
02414;201;5;206
02415;160;4;164
02416;420;10;430
02417;116;0;116
02418;223;4;227
02419;269;9;278
02420;829;11;840
02421;106;1;107
02422;805;10;815
02423;422;8;430
02424;104;0;104
02425;172;3;175
02426;540;10;550
02427;138;1;139
02428;74;2;76
02429;122;1;123
02430;1281;119;1400
02431;383;9;392
02432;189;5;194
02433;221;8;229
02435;79;0;79
02438;249;9;258
02439;1177;20;1197
02440;138;0;138
02441;188;3;191
02442;90;1;91
02443;203;6;209
02444;121;0;121
02445;282;6;288
02446;118;1;119
02447;147;5;152
02448;121;4;125
02449;66;3;69
02450;366;4;370
02451;124;1;125
02452;236;10;246
02453;404;8;412
02454;404;3;407
02455;204;1;205
02456;299;4;303
02457;404;10;414
02458;820;17;837
02459;161;8;169
02460;201;1;202
02461;383;6;389
02462;231;2;233
02463;89;2;91
02464;365;2;367
02465;513;7;520
02466;133;0;133
02467;51;1;52
02468;2235;29;2264
02469;485;13;498
02470;435;12;447
02471;135;2;137
02472;409;7;416
02473;215;1;216
02474;392;4;396
02476;669;14;683
02477;964;21;985
02478;261;8;269
02480;312;3;315
02481;473;16;489
02482;54;1;55
02483;513;10;523
02484;527;3;530
02485;94;4;98
02486;107;1;108
02487;627;9;636
02488;156;2;158
02489;342;7;349
02490;126;3;129
02491;324;9;333
02492;454;8;462
02493;224;6;230
02494;127;2;129
02495;1046;15;1061
02496;100;1;101
02497;1154;29;1183
02498;763;13;776
02499;43;2;45
02500;810;19;829
02501;93;2;95
02502;1324;9;1333
02503;831;2;833
02504;1616;28;1644
02505;206;5;211
02506;195;6;201
02507;31;1;32
02508;151;6;157
02509;156;0;156
02510;151;2;153
02511;295;4;299
02512;270;5;275
02513;138;2;140
02514;704;15;719
02515;55;6;61
02516;67;1;68
02517;299;5;304
02518;303;3;306
02519;186;4;190
02520;741;7;748
02521;1364;14;1378
02522;74;2;76
02523;72;1;73
02524;694;15;709
02525;577;13;590
02526;99;3;102
02527;458;9;467
02528;228;5;233
02529;178;1;179
02530;78;1;79
02531;118;1;119
02532;986;18;1004
02533;111;8;119
02534;48;1;49
02535;113;5;118
02536;103;1;104
02537;202;1;203
02538;70;0;70
02539;702;8;710
02540;1227;36;1263
02541;421;6;427
02542;82;2;84
02543;2066;34;2100
02544;616;14;630
02545;187;2;189
02546;193;4;197
02547;66;1;67
02548;377;7;384
02549;846;25;871
02550;115;3;118
02551;115;0;115
02552;187;9;196
02553;244;4;248
02554;1071;22;1093
02555;2108;46;2154
02556;81;1;82
02557;127;0;127
02558;2557;28;2585
02559;462;4;466
02560;246;4;250
02561;153;4;157
02562;212;2;214
02563;164;3;167
02564;495;5;500
02565;291;3;294
02566;1104;23;1127
02567;279;8;287
02568;162;4;166
02569;471;3;474
02570;177;0;177
02571;717;75;792
02572;502;9;511
02573;60;1;61
02574;1432;28;1460
02575;1670;14;1684
02576;330;8;338
02577;90;1;91
02578;86;1;87
02579;125;9;134
02580;816;10;826
02581;323;1;324
02582;76;2;78
02583;54;2;56
02584;121;6;127
02585;259;7;266
02586;139;6;145
02587;355;7;362
02588;68;2;70
02589;261;0;261
02590;169;4;173
02591;135;1;136
02592;192;4;196
02593;1064;21;1085
02594;132;6;138
02595;133;0;133
02596;763;15;778
02598;669;18;687
02599;255;3;258
02600;347;5;352
02601;197;2;199
02602;1698;27;1725
02604;84;1;85
02605;192;5;197
02606;70;3;73
02607;78;3;81
02608;473;2;475
02609;20;0;20
02610;736;11;747
02612;127;1;128
02613;605;11;616
02614;265;7;272
02615;360;5;365
02616;211;3;214
02617;508;4;512
02618;694;12;706
02619;658;0;658
02620;347;9;356
02621;379;15;394
02622;54;0;54
02623;97;3;100
02624;275;66;341
02625;142;2;144
02626;334;7;341
02627;123;3;126
02628;217;6;223
02629;311;12;323
02631;411;5;416
02632;57;1;58
02633;60;0;60
02634;82;4;86
02635;146;5;151
02636;199;5;204
02637;293;10;303
02638;237;1;238
02639;346;7;353
02640;157;4;161
02641;111;4;115
02642;173;3;176
02643;769;8;777
02644;346;13;359
02645;192;9;201
02647;60;0;60
02648;1937;38;1975
02649;307;4;311
02650;357;6;363
02651;106;1;107
02652;104;1;105
02653;500;13;513
02654;82;1;83
02655;135;0;135
02656;394;10;404
02657;250;4;254
02658;236;8;244
02659;504;13;517
02660;38;2;40
02661;254;3;257
02662;322;9;331
02663;221;5;226
02664;123;3;126
02665;300;5;305
02666;1002;17;1019
02667;203;6;209
02668;1057;21;1078
02670;151;0;151
02671;287;5;292
02672;261;4;265
02673;444;7;451
02674;48;0;48
02675;133;1;134
02676;1716;40;1756
02677;240;3;243
02678;68;0;68
02679;150;4;154
02680;2294;37;2331
02681;279;5;284
02682;114;3;117
02683;110;3;113
02684;3314;57;3371
02685;120;1;121
02686;373;4;377
02687;333;9;342
02688;48;4;52
02689;41;1;42
02690;80;1;81
02691;53570;1281;54851
02693;221;3;224
02694;641;10;651
02695;81;0;81
02696;76;3;79
02697;384;5;389
02698;101;2;103
02699;280;3;283
02701;708;8;716
02702;602;22;624
02703;1083;13;1096
02704;247;4;251
02705;210;6;216
02706;566;11;577
02707;181;0;181
02708;215;8;223
02709;407;8;415
02710;742;18;760
02711;293;7;300
02712;142;3;145
02713;270;4;274
02714;358;2;360
02715;45;3;48
02716;290;5;295
02717;590;13;603
02718;121;3;124
02719;2028;41;2069
02720;2034;74;2108
02721;476;2;478
02722;28712;651;29363
02723;98;1;99
02724;61;1;62
02725;139;6;145
02726;181;3;184
02727;221;3;224
02728;264;4;268
02729;81;1;82
02730;267;6;273
02731;171;2;173
02732;104;0;104
02734;274;6;280
02735;17;0;17
02736;167;5;172
02737;552;12;564
02738;13588;200;13788
02739;335;7;342
02740;221;6;227
02741;539;5;544
02742;114;0;114
02743;158;1;159
02744;72;2;74
02745;121;1;122
02746;658;8;666
02747;83;0;83
02748;939;24;963
02749;219;7;226
02750;583;8;591
02751;144;2;146
02752;281;5;286
02753;328;4;332
02754;185;3;188
02755;589;10;599
02756;684;12;696
02757;529;8;537
02758;2012;37;2049
02759;370;3;373
02760;142;3;145
02761;211;4;215
02762;139;5;144
02763;219;4;223
02764;88;3;91
02765;246;10;256
02766;235;6;241
02767;322;3;325
02768;542;6;548
02769;898;14;912
02770;788;20;808
02772;160;1;161
02773;39;0;39
02774;118;1;119
02775;936;17;953
02776;558;12;570
02777;142;7;149
02778;97;1;98
02779;219;3;222
02780;1378;17;1395
02781;453;16;469
02782;220;2;222
02783;138;0;138
02784;138;0;138
02785;1100;30;1130
02786;127;2;129
02787;258;2;260
02788;460;7;467
02789;2587;96;2683
02790;238;3;241
02791;259;6;265
02792;157;7;164
02793;119;1;120
02794;188;4;192
02795;1618;18;1636
02796;83;0;83
02797;172;1;173
02798;1221;19;1240
02799;407;9;416
02800;313;5;318
02801;272;3;275
02802;209;0;209
02803;146;5;151
02804;186;3;189
02805;2549;44;2593
02806;294;5;299
02807;656;24;680
02808;289;5;294
02809;69;3;72
02810;10424;417;10841
02812;207;6;213
02813;252;8;260
02814;162;0;162
02815;430;17;447
02816;531;6;537
02817;82;1;83
02818;1166;11;1177
02819;116;1;117
02820;1688;43;1731
02821;680;21;701
02822;391;12;403
02823;74;0;74
02824;375;8;383
02826;356;7;363
02827;312;5;317
02828;94;0;94
02829;42;1;43
02830;955;16;971
02831;379;6;385
02832;189;5;194
02833;508;7;515
02834;169;6;175
03001;2904;60;2964
03002;309;12;321
03003;987;27;1014
03004;253;7;260
03005;338;3;341
03006;633;17;650
03007;357;7;364
03008;372;14;386
03009;135;36;171
03010;424;13;437
03011;421;9;430
03012;323;5;328
03013;3953;96;4049
03014;136;3;139
03015;328;11;339
03016;143;2;145
03017;189;6;195
03018;685;14;699
03019;1640;24;1664
03020;294;7;301
03021;224;2;226
03022;997;17;1014
03023;8741;231;8972
03024;237;6;243
03025;1328;31;1359
03026;761;18;779
03027;928;24;952
03028;364;7;371
03029;783;12;795
03030;856;15;871
03031;291;9;300
03032;244;2;246
03033;181;4;185
03034;496;12;508
03035;212;4;216
03036;2572;72;2644
03037;259;2;261
03038;521;8;529
03039;384;7;391
03040;1126;38;1164
03041;319;12;331
03042;530;17;547
03043;1189;75;1264
03044;1516;36;1552
03045;849;18;867
03046;1026;23;1049
03047;407;9;416
03048;1305;24;1329
03049;428;10;438
03050;179;10;189
03051;301;6;307
03052;1093;29;1122
03053;1102;25;1127
03054;237;6;243
03055;966;17;983
03056;382;7;389
03057;201;6;207
03058;238;6;244
03059;359;7;366
03060;1030;17;1047
03061;394;6;400
03062;351;17;368
03063;1028;20;1048
03064;180;1;181
03065;544;9;553
03066;324;5;329
03067;138;4;142
03068;104;1;105
03069;312;6;318
03070;133;1;134
03071;248;3;251
03072;492;12;504
03073;638;11;649
03074;656;15;671
03075;168;2;170
03076;227;7;234
03077;128;3;131
03078;231;8;239
03079;303;8;311
03080;691;11;702
03081;327;12;339
03082;6132;189;6321
03083;580;13;593
03084;2034;31;2065
03085;646;55;701
03086;321;8;329
03087;597;7;604
03088;320;2;322
03089;152;1;153
03090;305;8;313
03091;438;9;447
03092;628;13;641
03093;1185;27;1212
03094;3297;102;3399
03095;12474;481;12955
03096;86;1;87
03097;360;9;369
03098;4459;87;4546
03099;391;11;402
03100;1381;35;1416
03101;8729;166;8895
03102;3032;59;3091
03103;1065;25;1090
03104;1169;32;1201
03105;357;7;364
03106;1316;105;1421
03107;1270;27;1297
03108;376;6;382
03109;781;32;813
03110;968;26;994
03111;1112;24;1136
03112;668;9;677
03113;536;16;552
03114;279;7;286
03115;341;7;348
03116;191;5;196
03117;475;12;487
03118;5830;197;6027
03119;413;4;417
03120;710;12;722
03121;647;17;664
03122;236;6;242
03124;219;3;222
03125;124;2;126
03126;1167;13;1180
03127;620;10;630
03128;2645;57;2702
03129;312;13;325
03130;279;6;285
03131;550;13;563
03132;559;15;574
03133;519;10;529
03134;193;3;196
03135;407;9;416
03136;235;5;240
03137;271;6;277
03138;3144;73;3217
03139;313;11;324
03140;1154;33;1187
03141;149;2;151
03142;242;5;247
03143;92;3;95
03144;211;8;219
03145;736;13;749
03146;154;35;189
03147;167;2;169
03148;349;6;355
03149;441;16;457
03150;203;7;210
03151;159;3;162
03152;231;7;238
03154;276;4;280
03155;1881;42;1923
03156;1688;54;1742
03157;1020;23;1043
03158;871;19;890
03159;780;15;795
03160;410;4;414
03161;900;29;929
03162;202;6;208
03163;751;22;773
03164;273;2;275
03165;1384;86;1470
03166;306;5;311
03167;286;4;290
03168;906;15;921
03169;331;6;337
03170;129;6;135
03171;249;6;255
03172;122;2;124
03173;1142;33;1175
03174;914;25;939
03175;278;12;290
03176;541;10;551
03177;253;3;256
03178;298;6;304
03179;297;10;307
03180;662;11;673
03181;296;3;299
03182;263;1;264
03183;469;4;473
03184;505;8;513
03185;34361;1070;35431
03186;1524;21;1545
03187;630;9;639
03188;219;1;220
03189;715;24;739
03190;19246;542;19788
03191;280;8;288
03192;150;3;153
03193;187;4;191
03194;125;2;127
03195;2570;94;2664
03196;221;3;224
03197;1453;32;1485
03198;187;0;187
03200;1520;256;1776
03201;304;13;317
03202;603;15;618
03203;387;9;396
03204;623;18;641
03205;440;11;451
03206;168;6;174
03207;512;13;525
03208;423;9;432
03209;151;3;154
03210;399;10;409
03211;2507;49;2556
03212;1512;25;1537
03213;252;4;256
03214;382;3;385
03215;550;8;558
03216;172;3;175
03217;761;35;796
03218;272;8;280
03219;215;5;220
03220;710;15;725
03221;730;8;738
03222;90;5;95
03223;441;14;455
03224;288;7;295
03225;444;10;454
03226;250;5;255
03227;373;8;381
03228;38;0;38
03229;612;18;630
03230;526;16;542
03231;188;5;193
03232;303;9;312
03233;395;8;403
03234;373;11;384
03235;969;10;979
03236;3654;70;3724
03237;427;9;436
03238;529;9;538
03239;265;9;274
03240;543;11;554
03241;368;46;414
03242;568;14;582
03243;121;6;127
03244;128;2;130
03245;124;1;125
03246;594;12;606
03247;1106;33;1139
03248;165;2;167
03249;162;2;164
03250;349;6;355
03251;376;9;385
03252;677;15;692
03253;379;10;389
03254;5221;118;5339
03255;143;4;147
03256;214;5;219
03257;803;23;826
03258;1737;26;1763
03259;338;3;341
03260;224;5;229
03261;178;7;185
03262;2092;38;2130
03263;194;8;202
03264;2570;53;2623
03265;671;78;749
03266;272;8;280
03267;664;24;688
03268;386;3;389
03269;85;2;87
03270;143;5;148
03271;805;32;837
03272;282;7;289
03273;492;15;507
03274;318;6;324
03275;1747;49;1796
03276;102;6;108
03277;254;5;259
03278;191;4;195
03279;556;10;566
03280;182;9;191
03281;391;3;394
03282;372;13;385
03283;1065;18;1083
03284;290;9;299
03285;178;8;186
03286;1138;20;1158
03287;379;9;388
03288;384;8;392
03289;514;12;526
03290;1630;59;1689
03291;415;13;428
03292;879;12;891
03293;283;10;293
03294;168;1;169
03295;76;0;76
03296;376;12;388
03297;1538;26;1564
03298;3618;73;3691
03299;229;8;237
03300;537;9;546
03301;1166;26;1192
03302;39;1;40
03303;236;10;246
03304;2249;59;2308
03305;593;15;608
03306;1918;52;1970
03307;236;3;239
03308;152;4;156
03309;454;10;464
03310;24980;322;25302
03311;305;7;312
03312;274;10;284
03313;275;9;284
03314;1322;36;1358
03315;1283;37;1320
03316;1073;16;1089
03317;294;8;302
03319;484;10;494
03320;776;17;793
03321;12838;517;13355
04001;1432;28;1460
04004;546;30;576
04005;133;2;135
04006;824;8;832
04007;67;0;67
04008;1031;35;1066
04009;14;0;14
04012;95;0;95
04013;605;15;620
04016;63;0;63
04017;99;5;104
04018;1028;15;1043
04019;2564;198;2762
04020;133;2;135
04021;147;4;151
04022;417;8;425
04023;189;4;193
04024;127;3;130
04025;386;14;400
04026;136;6;142
04027;252;56;308
04028;122;9;131
04030;57;0;57
04031;557;10;567
04032;127;0;127
04033;766;19;785
04034;1124;15;1139
04035;290;6;296
04036;960;28;988
04037;73;2;75
04039;1470;39;1509
04040;63;1;64
04041;299;6;305
04042;138;1;139
04043;86;3;89
04045;1206;21;1227
04046;687;107;794
04047;848;20;868
04049;5089;108;5197
04050;27;0;27
04051;72;2;74
04053;492;20;512
04054;74;1;75
04055;188;0;188
04057;176;3;179
04058;272;6;278
04059;220;1;221
04061;482;5;487
04062;149;4;153
04063;1219;32;1251
04065;633;6;639
04066;571;12;583
04067;52;1;53
04068;836;14;850
04069;135;3;138
04070;16482;922;17404
04072;110;2;112
04073;388;12;400
04074;102;2;104
04075;372;11;383
04076;816;21;837
04077;172;3;175
04079;1371;37;1408
04081;392;4;396
04084;493;7;500
04085;59;2;61
04086;303;17;320
04087;133;2;135
04088;5121;88;5209
04090;207;4;211
04091;92;0;92
04092;118;4;122
04093;62;1;63
04094;2639;48;2687
04095;90;0;90
04096;1132;26;1158
04097;385;5;390
04099;88;5;93
04101;133;3;136
04102;179;3;182
04104;385;11;396
04106;380;10;390
04107;4;0;4
04108;1975;30;2005
04109;322;4;326
04110;1011;28;1039
04111;1347;28;1375
04112;22528;669;23197
04113;451;14;465
04115;121;2;123
04116;3751;45;3796
04118;123;1;124
04120;118;1;119
04121;639;11;650
04122;511;10;521
04123;1121;29;1150
04124;417;6;423
04126;406;15;421
04127;322;3;325
04128;221;9;230
04129;59;1;60
04130;203;2;205
04132;144;1;145
04133;237;1;238
04134;553;20;573
04135;720;15;735
04136;313;8;321
04137;42;0;42
04138;281;6;287
04139;523;9;532
04140;127;3;130
04141;365;9;374
04142;54;0;54
04143;5867;74;5941
04144;353;1;354
04145;1448;37;1485
04148;253;9;262
04149;2813;43;2856
04150;202;4;206
04151;520;13;533
04152;3905;126;4031
04154;92;1;93
04155;179;1;180
04156;264;1;265
04157;691;8;699
04158;407;8;415
04159;85;5;90
04160;1680;37;1717
04161;329;8;337
04162;258;6;264
04163;525;11;536
04164;88;1;89
04166;1726;39;1765
04167;288;5;293
04169;104;3;107
04170;75;0;75
04171;121;0;121
04172;738;10;748
04173;1010;21;1031
04174;145;2;147
04175;91;1;92
04176;119;4;123
04177;45;0;45
04178;1319;35;1354
04179;105;2;107
04180;79;4;83
04181;48;1;49
04182;215;2;217
04183;142;3;145
04184;136;3;139
04186;99;4;103
04187;41;1;42
04188;867;8;875
04189;627;14;641
04190;114;3;117
04191;13;2;15
04192;1235;24;1259
04193;180;7;187
04194;96;2;98
04195;597;13;610
04197;3442;78;3520
04199;177;4;181
04200;640;21;661
04201;122;3;125
04202;132;2;134
04203;475;9;484
04204;163;4;167
04205;1379;27;1406
04206;425;8;433
04207;103;4;107
04208;602;16;618
04209;7595;239;7834
04210;89;4;93
04211;178;3;181
04214;130;1;131
04216;234;5;239
04217;748;19;767
04218;231;3;234
04219;244;6;250
04220;379;11;390
04222;335;8;343
04224;100;1;101
04226;594;14;608
04227;287;7;294
04228;39;0;39
04229;252;5;257
04230;3173;62;3235
04231;245;6;251
04233;268;8;276
04234;226;2;228
04235;61;1;62
04236;108;0;108
04237;126;3;129
04240;249;5;254
04241;192;5;197
04242;4323;78;4401
04244;1641;37;1678
04245;3206;75;3281
05001;383;6;389
05003;397;11;408
05004;917;15;932
05006;2255;86;2341
05007;358;8;366
05008;369;5;374
05009;99;3;102
05010;803;12;815
05011;419;9;428
05012;620;14;634
05013;127;5;132
05014;180;2;182
05016;256;2;258
05017;2562;57;2619
05018;325;10;335
05019;150;4;154
05021;142;1;143
05022;239;3;242
05023;11339;320;11659
05024;220;8;228
05025;215;7;222
05026;285;3;288
05027;199;4;203
05028;155;4;159
05029;887;25;912
05031;188;1;189
05032;136;3;139
05033;40;0;40
05035;30;3;33
05036;1198;34;1232
05037;506;20;526
05038;319;17;336
05039;705;12;717
05040;3061;80;3141
05044;127;3;130
05045;1105;32;1137
05046;6335;378;6713
05047;125;4;129
05048;203;6;209
05049;57;0;57
05050;821;9;830
05051;29;1;30
05052;805;12;817
05053;520;11;531
05054;433;4;437
05055;328;4;332
05056;334;11;345
05057;255;6;261
05058;217;5;222
05059;904;19;923
05060;179;8;187
05061;40631;1545;42176
05062;160;1;161
05063;479;10;489
05064;105;3;108
05065;2312;85;2397
05066;8;0;8
05068;460;13;473
05070;3543;51;3594
05071;338;19;357
05072;243;7;250
05073;342;13;355
05074;191;0;191
05075;427;7;434
05076;86;3;89
05077;297;5;302
05078;284;10;294
05079;1060;23;1083
05080;58;0;58
05081;52;4;56
05082;173;2;175
05084;457;6;463
05085;454;14;468
05086;104;2;106
05087;529;14;543
05089;84;1;85
05090;212;8;220
05091;41;3;44
05092;763;15;778
05093;359;10;369
05094;15;1;16
05095;301;2;303
05096;674;18;692
05097;356;35;391
05098;543;13;556
05099;104;1;105
05100;763;29;792
05101;1154;40;1194
05102;93;2;95
05103;777;21;798
05104;323;16;339
05106;299;7;306
05107;453;23;476
05108;167;5;172
05109;524;20;544
05110;301;5;306
05111;273;9;282
05112;87;0;87
05113;378;17;395
05114;251;1;252
05115;453;9;462
05116;209;2;211
05117;114;0;114
05118;1340;28;1368
05119;655;18;673
05121;175;4;179
05122;808;27;835
05123;1528;38;1566
05124;474;9;483
05126;469;9;478
05127;181;7;188
05128;692;22;714
05129;152;2;154
05130;178;5;183
05131;81;4;85
05132;2063;75;2138
05133;1531;45;1576
05134;318;5;323
05135;51;0;51
05136;737;15;752
05139;916;27;943
05140;286;7;293
05142;443;17;460
05144;144;2;146
05145;1075;93;1168
05146;136;1;137
05147;365;5;370
05148;535;18;553
05149;362;11;373
05151;1128;37;1165
05152;126;4;130
05153;352;13;365
05154;162;0;162
05155;30;1;31
05156;516;11;527
05157;192;6;198
05158;117;1;118
05159;87;3;90
05160;85;0;85
05161;935;23;958
05162;1443;36;1479
05163;144;4;148
05164;1076;42;1118
05165;252;7;259
05166;1285;27;1312
05167;87;2;89
05168;708;21;729
05169;35;1;36
05170;2285;52;2337
05171;214;4;218
05172;310;5;315
05173;457;10;467
05174;615;22;637
05176;267;4;271
05177;528;9;537
05178;584;40;624
05179;3216;144;3360
05180;542;14;556
05181;294;13;307
05182;42;3;45
05183;1477;53;1530
05184;209;8;217
06001;94;0;94
06002;54;0;54
06003;648;5;653
06004;73438;1085;74523
06005;175;0;175
06006;2272;32;2304
06007;3200;68;3268
06008;31;2;33
06009;109;1;110
06010;2921;63;2984
06011;3755;28;3783
06012;13358;130;13488
06013;690;11;701
06014;947;6;953
06015;1240;21;1261
06016;551;4;555
06017;254;4;258
06018;9668;351;10019
06019;1657;19;1676
06020;566;11;577
06021;731;4;735
06022;554;6;560
06023;2137;52;2189
06024;217;2;219
06025;1414;7;1421
06026;1380;27;1407
06027;52178;491;52669
06028;411;4;415
06029;74545;802;75347
06030;41887;359;42246
06031;1300;11;1311
06032;4523;68;4591
06033;12550;136;12686
06034;1656;15;1671
06035;1126;9;1135
06036;400;4;404
06037;298;3;301
06038;3664;59;3723
06039;942;8;950
06040;63;0;63
06041;401;6;407
06042;665;12;677
06043;822;4;826
06044;7898;157;8055
06045;73;2;75
06046;3482;41;3523
06047;95;1;96
06048;7437;81;7518
06049;110;2;112
06050;531;6;537
06051;98;2;100
06052;179;2;181
06053;143;1;144
06054;5117;40;5157
06055;150;3;153
06056;142;2;144
06057;2554;18;2572
06058;611;15;626
06059;2256;60;2316
06060;1994;34;2028
06061;96;3;99
06062;317;1;318
06063;73;0;73
06064;4173;56;4229
06065;7010;105;7115
06066;1599;11;1610
06067;1493;13;1506
06068;373;10;383
06069;48870;922;49792
06070;570;13;583
06071;600;7;607
06072;162;1;163
06073;653;12;665
06074;1241;10;1251
06075;4761;46;4807
06076;47;3;50
06077;1294;12;1306
06078;321;7;328
06079;21998;283;22281
06080;106;4;110
06081;118;2;120
06082;103;1;104
06083;30525;456;30981
06084;9887;282;10169
06085;19982;439;20421
06086;251;2;253
06087;44;0;44
06088;342669;2859;345528
06089;2295;74;2369
06090;7996;89;8085
06091;2370;18;2388
06092;1465;13;1478
06093;206;1;207
06094;783;9;792
06095;8192;187;8379
06096;105;0;105
06097;335;0;335
06098;126;1;127
06099;1840;81;1921
06100;231;0;231
06101;184;2;186
06102;91;5;96
06103;1833;49;1882
06104;12839;202;13041
06105;7183;195;7378
06106;577;8;585
06107;68;1;69
06108;5385;94;5479
06109;950;4;954
06110;120;3;123
06111;119;4;123
06112;4072;122;4194
06113;1338;22;1360
06114;5695;29;5724
06115;87;0;87
06116;215;3;218
06117;1240;9;1249
06118;3903;100;4003
06119;108;2;110
06120;1494;160;1654
06121;1492;8;1500
06122;4246;110;4356
06123;29169;183;29352
06124;49;0;49
06125;152;7;159
06126;3095;19;3114
06127;1444;12;1456
06128;3252;70;3322
06129;306;82;388
06130;3654;104;3758
06131;48;2;50
06132;458;10;468
06133;71;1;72
06134;540;8;548
06135;197;2;199
06136;3805;85;3890
06137;1161;24;1185
06138;1362;14;1376
06139;110;3;113
06140;3066;53;3119
06141;347;1;348
06142;299;2;301
06143;664;11;675
06144;553;4;557
06145;133;1;134
06146;155;1;156
06147;5013;46;5059
06148;4041;100;4141
06149;10115;65;10180
06150;2981;55;3036
06151;867;1;868
06152;13486;554;14040
06153;835;285;1120
06154;464;8;472
06155;27364;179;27543
06156;161;1;162
06157;18940;302;19242
06158;776;3;779
06159;5033;35;5068
06160;89;2;91
06161;16285;236;16521
06162;696;10;706
06163;2166;49;2215
07001;376;12;388
07002;551;18;569
07003;170;1;171
07004;81;1;82
07005;1464;35;1499
07006;158;6;164
07007;989;14;1003
07008;1458;52;1510
07009;1205;23;1228
07010;16297;623;16920
07011;894;18;912
07012;377;9;386
07013;1253;22;1275
07014;326;7;333
07015;535;23;558
07017;763;16;779
07018;44;0;44
07019;12479;776;13255
07020;468;11;479
07022;1254;26;1280
07023;374;6;380
07024;661;22;683
07025;206;2;208
07026;254;8;262
07027;1844;30;1874
07028;516;10;526
07029;251;3;254
07030;207;5;212
07031;761;18;779
07032;164;1;165
07033;220;4;224
07034;251;3;254
07035;614;19;633
07036;444;11;455
07037;146;3;149
07038;49;0;49
07039;252;7;259
07040;259;5;264
07041;2376;65;2441
07042;7187;165;7352
07044;260;8;268
07045;522;7;529
07047;84;0;84
07048;336;7;343
07049;54;3;57
07050;941;16;957
07051;581;20;601
07052;616;10;626
07053;523;3;526
07054;254;9;263
07055;2979;74;3053
07056;913;18;931
07058;1039;35;1074
07059;240;7;247
07060;263;5;268
07061;415;12;427
07062;150;3;153
07063;397;9;406
07064;2877;156;3033
07065;236;3;239
07066;3015;173;3188
07067;318;4;322
07068;572;6;578
07069;657;22;679
07070;2311;49;2360
07071;790;13;803
07072;1662;42;1704
07073;520;11;531
07074;151;4;155
07075;149;4;153
07076;3063;66;3129
07077;254;2;256
07078;3168;87;3255
07079;1162;21;1183
07080;297;7;304
07081;58;1;59
07082;205;12;217
07083;434;10;444
07084;1028;37;1065
07085;619;14;633
07086;931;19;950
07087;433;8;441
07088;97;2;99
07089;1713;48;1761
07090;1224;17;1241
07091;333;12;345
07092;46;1;47
07093;275;8;283
07094;178;3;181
07095;460;3;463
07096;371;3;374
07097;693;18;711
07098;81;4;85
07099;633;18;651
07100;499;19;518
07101;911;21;932
07102;10756;221;10977
07103;310;3;313
07104;87;2;89
07105;99;3;102
07106;132;1;133
07107;1273;23;1296
07108;119;8;127
07109;297;6;303
07110;1752;28;1780
07111;169;5;174
07112;248;7;255
07113;308;7;315
07114;201;2;203
07115;671;11;682
07116;1358;22;1380
07117;2206;35;2241
07118;145;6;151
07119;255;5;260
07120;61;0;61
07121;192;0;192
07122;1657;46;1703
07123;165;3;168
07124;38;1;39
07126;1171;24;1195
07127;1118;13;1131
07128;379;5;384
07129;2349;44;2393
07130;205;5;210
07131;452;42;494
07132;1587;50;1637
07133;243;3;246
07134;1019;27;1046
07136;104;1;105
07137;44;0;44
07138;2226;46;2272
07139;105;0;105
07140;797;24;821
07141;232;7;239
07142;318;8;326
07143;773;18;791
07144;47;2;49
07145;1160;21;1181
07146;601;16;617
07147;242;5;247
07148;146;8;154
07149;284;5;289
07150;556;20;576
07151;257;11;268
07152;1183;26;1209
07153;264;7;271
07154;121;1;122
07155;1210;46;1256
07156;931;29;960
07157;1345;13;1358
07158;99;0;99
07159;715;10;725
07160;64;1;65
07161;739;23;762
07162;581;19;600
07163;81;7;88
07165;552;22;574
07166;250;2;252
07167;1006;19;1025
07168;597;17;614
07169;381;1;382
07170;243;6;249
07171;537;8;545
07172;2276;51;2327
07173;50;0;50
07174;482;6;488
07175;83;1;84
07176;153;2;155
07177;847;19;866
07178;588;12;600
07179;134;2;136
07181;2879;39;2918
07182;1186;31;1217
07183;473;12;485
07184;511;13;524
07185;703;9;712
07186;8465;282;8747
07187;135;4;139
07188;1686;38;1724
07189;315;7;322
07190;216;7;223
07191;2292;52;2344
07192;242;8;250
07193;276;4;280
07194;457;9;466
07195;62;2;64
07196;258;4;262
07197;2746;84;2830
07198;1126;30;1156
07199;1249;25;1274
07200;59;1;60
07201;2276;29;2305
07202;177;4;181
07203;116;3;119
07204;2377;63;2440
07205;1419;23;1442
07206;77;3;80
07207;1084;17;1101
07208;123;3;126
07209;54;2;56
07210;519;11;530
07211;461;14;475
07212;210;3;213
07213;149;1;150
07214;206;2;208
07215;199;6;205
07216;497;21;518
07217;833;21;854
07218;346;10;356
07219;320;6;326
07220;107;0;107
07221;248;9;257
07222;209;5;214
07223;139;2;141
07224;217;13;230
07225;1187;45;1232
07226;88;0;88
07227;1392;47;1439
07228;844;23;867
07229;926;25;951
07230;413;14;427
07231;2833;83;2916
07232;413;9;422
07233;211;4;215
07234;297;3;300
07235;216;3;219
07236;1147;19;1166
07237;777;13;790
07238;332;7;339
07239;110;2;112
07240;2405;45;2450
07241;711;17;728
07242;112;4;116
07243;290;5;295
07244;256;5;261
07245;2508;69;2577
07247;845;9;854
07248;247;11;258
07249;95;2;97
07250;486;10;496
07251;173;3;176
07253;175;3;178
07254;872;19;891
07255;1461;38;1499
07257;114;3;117
07258;223;2;225
07259;1688;37;1725
07260;950;17;967
07261;1589;35;1624
07262;172;2;174
07263;111;3;114
07264;2380;69;2449
07265;1384;35;1419
07266;113;2;115
07267;267;4;271
07268;949;12;961
07269;1096;38;1134
07270;432;12;444
07272;313;13;326
07273;217;3;220
07274;208;5;213
07275;103;3;106
07276;266;20;286
07277;149;5;154
07278;389;9;398
07279;1897;43;1940
07280;958;21;979
07281;7580;219;7799
07282;430;25;455
07283;63;1;64
07284;169;4;173
07285;109;1;110
07286;526;2;528
07287;296;15;311
07288;1280;44;1324
07289;1688;58;1746
07290;269;7;276
07291;858;23;881
07292;1248;36;1284
07293;900;18;918
07294;533;15;548
07295;1106;24;1130
07296;1748;48;1796
07297;508;7;515
07298;777;31;808
07299;120;4;124
07300;461;16;477
07301;950;15;965
07302;837;22;859
07303;254;4;258
07304;704;12;716
07305;372;8;380
07306;232;7;239
07307;447;9;456
07308;2228;35;2263
07309;1503;30;1533
07310;903;24;927
07311;146;7;153
07312;534;16;550
07313;1137;17;1154
07314;380;12;392
07315;372;13;385
07316;2284;49;2333
07317;1085;31;1116
07318;200;5;205
07319;8832;211;9043
07321;239;6;245
07322;1216;25;1241
07323;1708;53;1761
07324;10622;515;11137
07325;2062;72;2134
07326;117;0;117
07327;412;12;424
07328;583;18;601
07329;417;8;425
07330;2412;39;2451
07331;3530;65;3595
07332;447;13;460
07333;935;13;948
07334;2655;58;2713
07335;207;2;209
07336;225;7;232
07337;2614;85;2699
07338;1962;31;1993
07339;1990;62;2052
07340;1514;48;1562
07341;3001;115;3116
07342;1184;28;1212
07343;1401;40;1441
07344;466;3;469
07345;944;19;963
07346;3689;66;3755
07347;628;2;630
07348;1097;25;1122
07349;4848;58;4906
08001;467;3;470
08003;1637;35;1672
08004;236;1;237
08005;158;2;160
08006;242;4;246
08008;711;6;717
08010;133;5;138
08011;210;4;214
08013;390;3;393
08014;140;6;146
08015;101;5;106
08016;205;2;207
08017;117;3;120
08018;73;2;75
08019;61;0;61
08020;61;0;61
08021;155;3;158
08022;320;12;332
08023;65;1;66
08024;1088;19;1107
08025;1119;28;1147
08026;310;8;318
08027;97;3;100
08028;982;20;1002
08029;87;3;90
08030;58;0;58
08031;43;4;47
08032;218;3;221
08033;90;4;94
08034;340;6;346
08035;59;2;61
08036;114;8;122
08037;879;10;889
08038;328;9;337
08039;465;13;478
08040;886;12;898
08041;206;8;214
08043;1622;30;1652
08044;163;1;164
08045;268;11;279
08046;159;3;162
08047;106;0;106
08048;416;4;420
08049;128;3;131
08052;82;5;87
08053;2423;219;2642
08055;428;7;435
08056;45;0;45
08057;260;24;284
08058;222;6;228
08059;30;1;31
08060;293;1;294
08061;38;1;39
08062;126;6;132
08063;136;1;137
08064;307;5;312
08065;46;1;47
08066;68;1;69
08067;1121;17;1138
08069;145;2;147
08070;369;6;375
08071;138;2;140
08073;96;2;98
08074;56;3;59
08075;137;3;140
08076;966;19;985
08077;51;1;52
08078;853;15;868
08080;129;0;129
08081;5018;74;5092
08082;81;2;83
08083;353;7;360
08084;271;2;273
08085;226;7;233
08086;92;7;99
08087;146;2;148
08088;134;4;138
08089;370;9;379
08090;2879;44;2923
08092;190;8;198
08094;57;3;60
08095;182;6;188
08096;709;15;724
08097;444;7;451
08098;54;2;56
08099;123;4;127
08100;72;1;73
08101;167;5;172
08102;92;5;97
08103;222;3;225
08104;60;1;61
08105;46436;1090;47526
08106;73;0;73
08107;1331;18;1349
08109;140;3;143
08110;165;1;166
08111;782;2;784
08113;497;11;508
08115;545;4;549
08116;1021;17;1038
08117;159;0;159
08119;455;7;462
08120;45;2;47
08121;138;5;143
08122;754;15;769
08123;72;1;73
08124;345;9;354
08125;402;9;411
08126;221;4;225
08128;65;2;67
08130;83;3;86
08131;64;3;67
08132;189;2;191
08133;508;5;513
08134;77;1;78
08135;151;3;154
08136;349;8;357
08137;458;13;471
08138;255;3;258
08139;1041;10;1051
08140;1083;20;1103
08141;181;4;185
08142;2018;27;2045
08143;73;0;73
08144;102;1;103
08145;2199;60;2259
08146;95;2;97
08147;84;9;93
08148;279;7;286
08149;142;5;147
08150;170;5;175
08151;306;12;318
08153;347;5;352
08154;81;3;84
08155;101;5;106
08156;508;3;511
08158;299;8;307
08159;110;4;114
08160;188;4;192
08161;38;1;39
08162;350;6;356
08163;255;4;259
08164;336;9;345
08165;58;1;59
08166;268;2;270
08167;74;2;76
08168;174;4;178
08169;104;8;112
08170;215;3;218
08171;95;4;99
08172;188;1;189
08173;1722;52;1774
08174;2313;56;2369
08175;238;8;246
08176;53;1;54
08178;186;5;191
08179;597;13;610
08180;1671;41;1712
08182;54;0;54
08183;1043;24;1067
08184;82;2;84
08185;3280;48;3328
08186;49;0;49
08187;311;8;319
08188;1016;24;1040
08189;162;2;164
08190;6476;148;6624
08191;1052;25;1077
08192;86;1;87
08193;271;6;277
08194;845;13;858
08195;326;3;329
08196;104;0;104
08197;38;2;40
08198;520;16;536
08199;796;17;813
08200;184;6;190
08201;100;2;102
08202;517;10;527
08203;280;6;286
08204;82;1;83
08205;73;0;73
08206;371;5;376
08207;231;4;235
08208;137;1;138
08209;475;5;480
08210;112;4;116
08211;721;4;725
08212;504;10;514
08214;488;3;491
08215;43;2;45
08216;314;13;327
08217;88;0;88
08218;1446;24;1470
08219;117;1;118
08220;334;8;342
08222;1847;47;1894
08223;122;2;124
08225;205;6;211
08226;170;4;174
08228;168;5;173
08229;131;7;138
08230;390;6;396
08232;412;9;421
08233;46;1;47
08234;104;0;104
08235;374;12;386
08236;297;10;307
08237;655;20;675
08238;102;1;103
08239;1233;30;1263
08240;171;4;175
08242;428;8;436
08243;165;3;168
08244;72;3;75
08245;31;2;33
08246;74;1;75
08247;131;2;133
08248;686;9;695
08249;240;10;250
08250;188;5;193
08251;75;2;77
08252;118;2;120
08254;616;10;626
08255;224;3;227
08256;86;1;87
08257;155;3;158
08259;72;2;74
08260;627;8;635
08262;572;34;606
08263;1126;26;1152
08264;515;11;526
08268;69;4;73
08269;79;1;80
08271;100;6;106
08272;57;0;57
08273;72;1;73
08274;99;1;100
08275;207;4;211
08276;740;13;753
08277;131;4;135
08278;81;0;81
08279;58;2;60
08280;75;2;77
08281;469;9;478
08282;1033;72;1105
08283;127;1;128
08284;885;23;908
08286;113;5;118
08287;133;2;135
08288;90;1;91
08289;604;8;612
08291;245;5;250
08293;143;5;148
08294;135;4;139
08295;185;4;189
08296;115;7;122
08297;299;8;307
08298;1578;45;1623
08300;15;0;15
08301;69;4;73
08302;2237;84;2321
08303;385;10;395
08304;81;2;83
08305;255;5;260
08306;56;3;59
08307;82;1;83
08308;87;0;87
08309;57;1;58
08310;69;5;74
08311;2226;40;2266
08312;186;7;193
08313;145;4;149
08314;800;23;823
08315;74;2;76
08316;1006;15;1021
08317;115;4;119
08318;357;8;365
08319;333;8;341
08320;555;16;571
08321;168;4;172
08322;373;14;387
08323;160;1;161
08324;114;2;116
08325;26;1;27
08326;121;2;123
08327;2241;37;2278
08328;5689;109;5798
08329;497;11;508
08330;765;9;774
08331;669;14;683
08332;44;4;48
08333;237;9;246
08334;38;2;40
08335;81;1;82
08336;230;3;233
08338;188;3;191
08339;307;4;311
08340;176;4;180
08341;864;40;904
08342;245;5;250
08343;1144;23;1167
08344;134;2;136
08346;1350;36;1386
08347;220;5;225
08348;113;3;116
08349;576;6;582
08350;237;3;240
08351;84;0;84
08352;199;4;203
08353;723;22;745
08354;824;13;837
08355;387;7;394
08356;177;1;178
08357;784;15;799
08358;251;4;255
08360;199;5;204
08361;1652;58;1710
08362;7467;297;7764
08363;5836;124;5960
08364;132;2;134
08365;1342;21;1363
08366;682;11;693
08367;2283;29;2312
08368;220;3;223
08369;131;3;134
08370;572;6;578
08372;67;0;67
08373;293;4;297
08374;121;0;121
08375;178;5;183
08376;251;5;256
08377;156;2;158
08378;108;1;109
08379;243;10;253
08380;216;4;220
08381;821;12;833
08382;99;3;102
08383;102;4;106
08384;144;3;147
08385;1071;171;1242
08386;344;7;351
08387;182;6;188
08388;344;11;355
08389;335;7;342
08390;79;4;83
08391;947;16;963
08392;197;11;208
08393;66;1;67
08394;72;3;75
08395;136;4;140
08396;122;0;122
08397;50;0;50
08398;89;2;91
08399;139;3;142
08400;515;10;525
08401;231;3;234
08402;831;9;840
08403;1916;16;1932
08404;218;3;221
08405;235;8;243
08406;373;12;385
08407;59;0;59
08408;561;10;571
08409;16092;337;16429
08410;178;15;193
08411;89;0;89
08412;159;4;163
08413;264;3;267
08415;338;12;350
08416;170;6;176
08417;278;8;286
08418;224;3;227
08419;1354;28;1382
08420;1194;22;1216
08421;94;0;94
08422;135;4;139
08424;123;2;125
08425;43;1;44
08426;98;0;98
08427;205;1;206
08428;146;2;148
08429;536;14;550
08430;39;2;41
08431;100;6;106
08432;110;4;114
08433;61;2;63
08434;52;2;54
08435;879;13;892
08436;407;7;414
08437;174;6;180
08438;104;2;106
08439;150;9;159
08440;130;2;132
08444;129;4;133
08445;419;2;421
08446;79;0;79
08448;1043;12;1055
08449;640;15;655
08450;225;9;234
08451;378;8;386
08452;273;0;273
08453;103;3;106
08454;86;2;88
08455;92;1;93
08456;232;4;236
08457;1067;27;1094
08458;180;4;184
08459;149;3;152
08460;153;0;153
08461;206;1;207
08462;128;4;132
08463;55;1;56
08464;80;3;83
08465;44;3;47
08466;70;2;72
08467;108;0;108
08468;193;0;193
08469;478;12;490
08470;66;1;67
08471;31;2;33
08472;297;2;299
08473;305;7;312
08476;418;7;425
08477;108;0;108
08478;237;3;240
08479;196;2;198
08480;3568;71;3639
08481;253;5;258
08482;105;3;108
08483;524;13;537
08484;82;1;83
08485;204;11;215
08486;1467;31;1498
08487;1954;55;2009
08488;2918;83;3001
08489;218;3;221
08490;4320;150;4470
08491;3572;76;3648
08492;319;8;327
08494;459;5;464
08496;131;1;132
08497;1197;25;1222
08498;385;16;401
08499;321;3;324
08500;57;1;58
08501;41;3;44
08502;93;3;96
08503;127;1;128
09001;60;1;61
09002;645;20;665
09003;397;9;406
09004;121;7;128
09005;131;2;133
09006;54;0;54
09007;72;0;72
09008;122;2;124
09009;267;13;280
09011;71;1;72
09012;27;1;28
09013;81;2;83
09014;192;7;199
09015;692;8;700
09016;218;8;226
09017;111;2;113
09018;90;4;94
09019;562;10;572
09020;42;0;42
09021;121;3;124
09022;215;0;215
09023;120;1;121
09024;207;5;212
09025;55;3;58
09026;147;1;148
09027;79;2;81
09029;160;6;166
09030;469;10;479
09031;42;1;43
09032;1288;66;1354
09033;37;1;38
09034;34;2;36
09035;196;2;198
09037;42;0;42
09038;383;7;390
09039;340;13;353
09040;287;7;294
09041;203;7;210
09042;980;14;994
09043;670;13;683
09044;169;3;172
09045;199;1;200
09046;67;3;70
09047;1072;19;1091
09048;80;1;81
09049;179;3;182
09050;527;7;534
09051;152;4;156
09052;162;8;170
09053;19;3;22
09054;350;5;355
09055;93;0;93
09056;394;10;404
09057;317;5;322
09058;192;5;197
09059;121;4;125
09060;751;10;761
09061;505;6;511
09062;199;5;204
09063;109;2;111
09064;39;0;39
09065;213;1;214
09066;620;10;630
09067;214;3;217
09068;42;0;42
09069;26;0;26
09070;337;8;345
09071;223;8;231
09072;34;0;34
09073;194;1;195
09074;147;1;148
09075;285;8;293
09076;204;7;211
09077;183;1;184
09078;75;2;77
09079;796;14;810
09080;176;2;178
09081;275;11;286
09082;453;8;461
09083;22;0;22
09084;93;1;94
09085;401;5;406
09086;332;5;337
09087;47;0;47
09088;15;0;15
09089;57;2;59
09090;37;6;43
09091;204;3;207
09092;60;3;63
09093;157;0;157
09094;137;9;146
09095;148;1;149
09096;42;3;45
09097;115;0;115
09098;68;2;70
09099;394;19;413
09100;90;1;91
09101;282;3;285
09102;171;2;173
09103;864;17;881
09104;770;19;789
09105;708;11;719
09106;358;16;374
09107;619;15;634
09108;178;4;182
09109;171;3;174
09110;90;4;94
09111;304;4;308
09113;562;3;565
09114;130;2;132
09115;133;2;135
09116;386;3;389
09117;107;6;113
09118;184;4;188
09119;546;6;552
09120;349;4;353
09121;753;100;853
09122;9493;325;9818
09123;113;1;114
09124;1046;14;1060
09125;432;5;437
09126;85;3;88
09127;125;4;129
09128;308;10;318
09129;115;0;115
09130;726;9;735
09131;147;0;147
09132;250;3;253
09133;22;1;23
09134;32;1;33
09136;74;3;77
09137;202;4;206
09138;196;26;222
09139;102;0;102
09140;119;6;125
09141;73;0;73
09142;120;0;120
09143;33;0;33
09145;243;9;252
09146;57;0;57
09147;176;1;177
09148;124;5;129
09149;193;4;197
09150;201;6;207
09151;51;1;52
09152;23;1;24
09153;120;4;124
09154;59;2;61
09155;47;0;47
09156;20;0;20
09157;2405;53;2458
09158;251;7;258
09159;97;0;97
09160;6031;165;6196
09161;610;15;625
09162;16;0;16
09163;79;0;79
09164;493;23;516
09165;233;1;234
09166;99;6;105
09167;2348;40;2388
09168;185;9;194
09169;125;3;128
09170;255;6;261
09171;70;0;70
09172;26;0;26
09173;281;5;286
09174;355;13;368
09175;94;4;98
09176;521;9;530
09177;241;6;247
09178;45;4;49
09179;78;1;79
09180;120;1;121
09181;1145;9;1154
09182;709;10;719
09183;102;4;106
09184;45;1;46
09185;3873;83;3956
09186;104;0;104
09187;355;10;365
09188;1203;24;1227
09189;168;4;172
09190;114;1;115
09192;114;3;117
09193;61;0;61
09194;3102;124;3226
09195;30;0;30
09196;80;1;81
09197;17;0;17
09198;207;4;211
09199;696;18;714
09200;99;2;101
09201;78;1;79
09202;335;9;344
09203;156;9;165
09204;250;10;260
09205;81;2;83
09206;534;13;547
09207;1484;31;1515
09208;125;0;125
09209;1034;21;1055
09210;408;7;415
09211;117;2;119
09212;103;1;104
09213;243;3;246
09214;757;12;769
09215;122;4;126
09216;62;1;63
09217;154;2;156
09218;88;1;89
09219;195;4;199
09220;164;3;167
09221;243;3;246
09222;26;0;26
09223;555;7;562
09224;474;8;482
09225;15659;478;16137
09226;37;0;37
09227;199;3;202
09228;224;5;229
09229;465;8;473
09230;60;0;60
09231;164;1;165
09232;32;0;32
09233;47;1;48
09234;119;3;122
09235;864;16;880
09236;368;16;384
09237;30;1;31
09238;831;17;848
09239;136;1;137
09240;297;3;300
09241;366;5;371
09242;53;1;54
09243;84;3;87
09244;712;12;724
09245;1284;35;1319
09246;529;20;549
09247;163;9;172
09249;147;4;151
09250;93;2;95
09251;166;8;174
09252;88;0;88
09253;384;6;390
09254;241;6;247
09255;43;0;43
09256;58;0;58
09257;620;16;636
09258;464;9;473
09259;152;4;156
09260;29;0;29
09261;6418;401;6819
09262;382;6;388
09263;22;1;23
09264;1275;18;1293
09265;2859;63;2922
09266;66;2;68
09267;127;2;129
09268;1365;31;1396
09269;363;11;374
09270;220;5;225
09271;81;2;83
09272;1330;27;1357
09273;665;23;688
09274;337;6;343
09275;371;8;379
09276;220;10;230
09277;690;11;701
09279;47;2;49
09280;641;9;650
09281;121;2;123
09282;4828;158;4986
09283;389;15;404
09284;187;6;193
09285;708;14;722
09287;13;0;13
09289;1491;35;1526
09290;155;3;158
09291;105;3;108
09292;56;0;56
09293;680;10;690
09294;103;1;104
09295;95;0;95
09296;152;2;154
09297;28;0;28
09298;80;2;82
09299;426;7;433
09300;174;7;181
09301;376;2;378
09303;322;8;330
09304;14;1;15
09305;354;8;362
09306;3024;32;3056
09307;158;2;160
09308;208;8;216
09309;152;2;154
09310;47;2;49
09311;22;0;22
09312;3218;68;3286
09313;155;7;162
09314;274;15;289
09315;129;0;129
09316;101;1;102
09318;125;1;126
09319;117;4;121
09320;29;1;30
09321;317;4;321
09322;272;10;282
09323;92;1;93
09324;3495;55;3550
09325;29;0;29
09326;124;1;125
09327;234;2;236
09328;216;9;225
09329;673;21;694
09330;28;0;28
09331;718;6;724
09332;2252;68;2320
09334;561;64;625
09335;39;0;39
09336;965;19;984
09338;155;4;159
09339;769;15;784
09340;156;4;160
09341;146;0;146
09342;239;2;241
10002;237;5;242
10003;3546;38;3584
10004;207;2;209
10005;255;12;267
10006;2803;81;2884
10007;104;2;106
10008;113;1;114
10009;87;2;89
10010;47;2;49
10011;210;1;211
10012;306;5;311
10013;145;2;147
10014;181;1;182
10015;376;6;382
10017;130;3;133
10018;1023;10;1033
10019;379;5;384
10020;505;10;515
10021;157;4;161
10022;200;12;212
10023;187;7;194
10024;169;3;172
10025;171;4;175
10026;36;0;36
10027;60;5;65
10028;120;0;120
10029;155;2;157
10030;1530;30;1560
10031;471;8;479
10032;302;9;311
10033;4787;193;4980
10034;2961;196;3157
10035;751;9;760
10037;447;10;457
10038;194;2;196
10039;117;5;122
10040;164;8;172
10041;50;1;51
10042;206;4;210
10043;127;3;130
10044;34;0;34
10045;182;9;191
10046;114;2;116
10047;41;1;42
10048;161;4;165
10049;531;9;540
10050;198;3;201
10051;1087;47;1134
10052;216;4;220
10053;594;9;603
10054;113;1;114
10055;266;12;278
10056;240;1;241
10057;53;1;54
10058;242;9;251
10059;112;5;117
10060;2851;56;2907
10061;673;12;685
10062;201;2;203
10063;411;13;424
10064;2772;26;2798
10065;85;1;86
10066;436;10;446
10067;1827;28;1855
10068;125;6;131
10069;116;0;116
10070;490;19;509
10071;51;2;53
10072;34;0;34
10073;127;2;129
10074;507;8;515
10075;96;6;102
10076;264;7;271
10077;110;2;112
10078;27;0;27
10079;129;2;131
10080;1038;10;1048
10081;11741;92;11833
10082;245;4;249
10083;338;6;344
10084;1019;28;1047
10085;65;0;65
10086;264;8;272
10087;53;1;54
10089;698;13;711
10090;232;2;234
10091;141;4;145
10092;128;0;128
10093;103;2;105
10094;588;12;600
10095;289;5;294
10096;433;8;441
10097;161;4;165
10098;322;9;331
10099;519;14;533
10100;1127;23;1150
10101;173;3;176
10102;189;4;193
10103;153;1;154
10104;306;3;309
10105;26;1;27
10106;136;5;141
10107;104;0;104
10108;82;0;82
10109;232;8;240
10110;559;11;570
10111;105;5;110
10112;177;2;179
10113;199;6;205
10114;706;14;720
10115;1982;34;2016
10116;316;4;320
10117;158;7;165
10118;93;4;97
10119;174;4;178
10120;213;2;215
10121;322;8;330
10122;225;4;229
10123;873;16;889
10124;262;13;275
10125;307;5;312
10126;133;4;137
10127;58;0;58
10128;73;1;74
10129;299;9;308
10130;101;6;107
10131;360;4;364
10132;234;5;239
10133;260;11;271
10134;88;6;94
10135;101;3;104
10136;117;1;118
10137;33;0;33
10138;142;2;144
10139;166;4;170
10140;1142;9;1151
10141;721;12;733
10142;1851;19;1870
10143;169;5;174
10144;154;3;157
10145;212;7;219
10146;90;3;93
10147;126;4;130
10148;410;10;420
10149;333;4;337
10150;253;5;258
10151;877;9;886
10153;621;14;635
10154;71;1;72
10155;190;6;196
10156;706;8;714
10157;215;6;221
10158;535;16;551
10159;88;1;89
10160;37;1;38
10161;49;3;52
10162;287;6;293
10163;43;2;45
10164;735;10;745
10165;337;6;343
10166;398;6;404
10167;91;0;91
10168;79;1;80
10169;220;8;228
10170;490;9;499
10171;231;9;240
10172;155;1;156
10173;462;8;470
10174;169;3;172
10175;177;3;180
10176;164;7;171
10177;148;7;155
10178;263;6;269
10179;472;10;482
10180;96;4;100
10181;221;12;233
10182;119;1;120
10183;35;1;36
10184;128;1;129
10185;209;4;213
10186;529;16;545
10187;400;10;410
10188;215;7;222
10189;59;0;59
10190;569;6;575
10191;910;10;920
10192;127;1;128
10193;303;7;310
10194;95;2;97
10195;296;4;300
10196;209;1;210
10197;180;11;191
10198;99;3;102
10199;349;6;355
10200;91;3;94
10201;69;0;69
10202;218;80;298
10203;390;14;404
10204;147;3;150
10205;93;2;95
10206;126;1;127
10207;128;1;129
10208;290;12;302
10209;2207;54;2261
10210;455;13;468
10211;971;15;986
10212;116;4;120
10213;160;3;163
10214;87;1;88
10215;261;4;265
10216;1933;25;1958
10217;32;0;32
10218;164;1;165
10219;67;3;70
10220;1498;43;1541
10221;162;0;162
10222;438;7;445
10223;727;9;736
10224;1757;33;1790
10225;234;7;241
10226;112;2;114
10227;329;5;334
10228;198;2;200
10229;105;2;107
10230;680;10;690
10231;621;10;631
10232;325;5;330
10233;1511;49;1560
10234;277;1;278
10235;47;0;47
10236;57;1;58
10237;591;29;620
10238;458;9;467
10239;587;24;611
10240;466;11;477
10241;64;0;64
10242;160;3;163
10243;105;5;110
10245;809;28;837
10246;264;16;280
10247;124;4;128
10248;388;11;399
10249;403;7;410
10250;224;6;230
10251;253;9;262
10252;60;2;62
10253;141;1;142
10254;328;9;337
10255;291;5;296
10256;407;4;411
10257;30;0;30
10258;283;7;290
10259;364;3;367
10260;643;16;659
10261;1017;15;1032
10262;415;8;423
10263;435;5;440
10264;117;2;119
10265;3280;33;3313
10266;47;3;50
10267;312;4;316
10268;5966;118;6084
10269;150;4;154
10270;258;6;264
10271;595;11;606
10272;180;3;183
10273;24;0;24
10274;312;4;316
10275;594;7;601
10276;334;6;340
10278;137;4;141
10279;53;1;54
10280;817;9;826
10281;291;8;299
10282;1374;19;1393
10283;130;2;132
10284;148;3;151
10285;73;0;73
10286;206;7;213
10287;1483;16;1499
10288;263;4;267
10289;968;17;985
10290;235;3;238
10291;187;7;194
10293;159;2;161
10294;62;2;64
10295;323;6;329
10296;190;9;199
10297;5154;92;5246
10298;1159;20;1179
10299;522;17;539
10300;290;2;292
10301;173;4;177
10302;87;2;89
10303;81;2;83
10304;185;2;187
10305;86;3;89
10306;239;6;245
10307;367;10;377
10308;211;8;219
10309;95;2;97
10310;216;5;221
10312;168;5;173
10313;371;2;373
10314;409;4;413
10315;45;2;47
10316;221;4;225
10317;1212;23;1235
10318;161;2;163
10319;325;7;332
10320;233;5;238
10321;3591;113;3704
10323;14480;318;14798
10324;159;2;161
10325;4521;347;4868
10326;171;8;179
10327;114;1;115
10328;388;4;392
10329;513;45;558
10330;110;1;111
10331;557;10;567
10332;497;11;508
10333;12784;190;12974
10334;589;8;597
10335;241;6;247
10336;395;5;400
10337;33;1;34
10338;177;3;180
10339;291;6;297
10340;2275;48;2323
10341;357;9;366
10342;404;8;412
10343;6765;145;6910
10344;902;15;917
10345;383;11;394
10346;54;1;55
10347;208;6;214
10348;231;4;235
10349;2885;62;2947
10350;638;11;649
10351;366;5;371
10352;1715;294;2009
10353;886;10;896
10354;137;4;141
10355;67;0;67
10356;299;8;307
10357;3167;49;3216
10358;1043;18;1061
10359;513;11;524
10360;953;230;1183
10361;241;4;245
10362;10508;388;10896
10363;550;3;553
10364;73;2;75
10365;123;0;123
10366;65;2;67
10367;689;9;698
10368;999;11;1010
10369;193;6;199
10370;246;6;252
10371;308;5;313
10372;417;6;423
10373;379;20;399
10374;161;1;162
10375;332;10;342
10376;154;3;157
10377;112;9;121
10378;69;3;72
10379;456;9;465
10380;80;5;85
10381;988;18;1006
10382;1047;13;1060
10383;185;3;188
10384;217;7;224
10386;224;7;231
10387;61957;1130;63087
10388;44;1;45
10389;116;4;120
10390;122;2;124
10391;294;1;295
10392;400;9;409
10393;177;3;180
10394;165;1;166
10395;295;4;299
10396;500;5;505
10397;164;2;166
10398;76;4;80
10399;720;8;728
10400;117;5;122
10401;2315;39;2354
10402;245;5;250
10403;54;1;55
10404;109;2;111
10405;56;0;56
10406;1858;37;1895
10408;132;5;137
10409;602;4;606
10410;107;4;111
10411;27;0;27
10412;942;20;962
10414;124;5;129
10416;245;9;254
10417;204;6;210
10418;201;9;210
10419;753;13;766
10420;2726;30;2756
10421;148;4;152
10422;184;2;186
10423;417;15;432
10424;63;2;65
10425;272;3;275
10426;960;12;972
10427;204;7;211
10428;100;5;105
10429;248;3;251
10430;85;2;87
10431;101;1;102
10432;71;1;72
10433;251;8;259
10434;56;1;57
10435;186;4;190
10436;170;7;177
10437;605;10;615
10438;221;5;226
10439;125;3;128
10440;146;6;152
10441;232;2;234
10442;686;9;695
10443;45;1;46
10444;227;3;230
10445;54;9;63
11001;563;11;574
11002;168;2;170
11003;196;3;199
11004;333;5;338
11005;1313;33;1346
11006;79;2;81
11007;121;4;125
11008;386;3;389
11009;1582;22;1604
11010;258;7;265
11011;456;14;470
11012;2189;32;2221
11013;355;6;361
11014;1513;30;1543
11015;262;3;265
11016;80;3;83
11017;74;1;75
11018;1220;33;1253
11019;64;0;64
11020;38;0;38
11021;535;11;546
11022;1113;23;1136
11023;760;14;774
11024;784;15;799
11025;306;3;309
11026;175;3;178
11027;777;20;797
11028;382;7;389
11029;60;3;63
11030;118;6;124
11031;23;2;25
11032;245;2;247
11033;1317;27;1344
11034;857;7;864
11035;243;6;249
11036;162;2;164
11037;966;10;976
11038;46;0;46
11039;47;1;48
11040;1746;28;1774
11041;1225;15;1240
11042;228;6;234
11043;223;6;229
11044;105;0;105
11045;141;1;142
11046;55;0;55
11047;47;1;48
11048;727;16;743
11049;3208;81;3289
11051;181;4;185
11052;343;5;348
11053;283;5;288
11054;271;11;282
11055;240;4;244
11056;171;4;175
11057;29;0;29
11058;256;8;264
11059;138;1;139
11060;49;1;50
11061;303;4;307
11062;19;0;19
11063;603;5;608
11064;371;4;375
11065;53;1;54
11066;102;0;102
11067;1826;18;1844
11068;1473;41;1514
11069;46825;1291;48116
11070;337;5;342
11071;224;7;231
11072;165;8;173
11073;59;0;59
11074;302;2;304
11075;133;2;135
11076;12187;507;12694
11077;503;9;512
11078;207;7;214
11079;206;3;209
11080;170;2;172
11081;1621;30;1651
11082;8;0;8
11083;52;0;52
11084;1003;23;1026
11085;954;39;993
11086;906;13;919
11087;93;1;94
11088;1652;50;1702
11089;407;7;414
11090;623;17;640
11091;1132;12;1144
11092;87;1;88
11093;28;2;30
11094;26;0;26
11095;303;8;311
11096;36;2;38
11098;905;19;924
11099;2581;55;2636
11100;26;1;27
11101;52;1;53
11102;587;8;595
11103;1118;21;1139
11104;50;0;50
11105;726;10;736
11106;5825;96;5921
11107;76;1;77
11108;46;1;47
11109;52;1;53
11110;118;0;118
11111;933;9;942
11112;84;1;85
11113;116;5;121
11114;39;0;39
11115;897;24;921
11116;4033;71;4104
11117;115;2;117
11118;44;1;45
11119;295;7;302
11120;530;13;543
11121;110;1;111
11122;765;12;777
11123;146;3;149
11124;654;11;665
11125;153;0;153
11126;477;4;481
11127;71;3;74
11128;148;2;150
11129;1729;32;1761
11130;227;5;232
11131;573;13;586
11132;1256;16;1272
11133;42;0;42
11134;50;4;54
11135;12;1;13
11136;849;89;938
11137;127;5;132
11138;526;16;542
11139;79;0;79
11140;1235;21;1256
11141;120;1;121
11142;198;5;203
11143;110;0;110
11144;1069;12;1081
11145;3758;62;3820
11146;406;8;414
11147;5;0;5
11148;552;10;562
11149;79;1;80
11150;450;50;500
11151;514;11;525
11152;127;4;131
11153;241;7;248
11154;49;0;49
11155;78;1;79
11156;105;2;107
11157;213;5;218
11158;291;11;302
11159;138;2;140
11160;36;0;36
11161;127;3;130
11162;58;1;59
11163;46;0;46
11164;1499;21;1520
11165;303;9;312
11166;81;0;81
11167;124;2;126
11168;95;0;95
11169;86;5;91
11170;5087;80;5167
11172;594;11;605
11173;132;3;135
11174;55;0;55
11175;476;9;485
11176;59;2;61
11177;32;0;32
11178;1284;15;1299
11179;91;2;93
11180;64;0;64
11181;399;8;407
11182;175;3;178
11183;267;9;276
11184;92;3;95
11185;540;9;549
11186;55;2;57
11187;57;1;58
11188;1704;31;1735
11189;106;1;107
11190;1227;20;1247
11191;151;7;158
11192;788;30;818
11193;278;3;281
11194;157;3;160
11195;402;9;411
11196;180;8;188
11197;604;16;620
11198;1022;15;1037
11199;1513;26;1539
11200;134;7;141
11201;865;15;880
11202;4612;58;4670
11203;11317;220;11537
11204;48;0;48
11205;134;2;136
11206;10012;509;10521
11207;239;5;244
11208;80;3;83
11209;246;7;253
11210;1138;10;1148
11211;534;5;539
11212;574;12;586
11213;47;0;47
11214;422;12;434
11215;864;26;890
11216;368;12;380
11217;1314;27;1341
11218;83;0;83
11219;19;0;19
11220;703;13;716
11221;299;5;304
11222;178;5;183
11223;25;1;26
11224;27;1;28
11225;927;22;949
11226;81;1;82
11227;38;1;39
11228;151;4;155
11229;25;1;26
11230;32;0;32
11231;97;3;100
11232;46;0;46
11233;758;13;771
11234;185;5;190
11235;60;2;62
11236;242;2;244
11238;138;6;144
11239;83;2;85
11240;556;9;565
11241;329;1;330
11242;173;0;173
11243;602;10;612
11244;90;3;93
11245;38;0;38
11246;46;0;46
11247;38;0;38
11248;69;1;70
11249;82;1;83
11250;36;1;37
11251;741;10;751
11252;304;9;313
11253;836;14;850
11254;1900;173;2073
11255;1485;15;1500
11256;614;12;626
11257;230;3;233
11258;2030;48;2078
11259;1005;30;1035
11260;106;3;109
11261;701;8;709
11262;55516;1184;56700
11263;260;5;265
11264;1289;32;1321
11265;38;1;39
11266;5795;68;5863
11267;1127;25;1152
11268;113;0;113
11269;2564;50;2614
11270;137;1;138
11271;33;0;33
11272;2398;101;2499
11273;673;12;685
11274;369;15;384
11275;205;3;208
11276;526;17;543
11277;28;2;30
11278;74;1;75
11279;2634;60;2694
11280;1087;30;1117
11281;1230;19;1249
11282;52;2;54
11283;77;5;82
11284;476;16;492
11285;1132;23;1155
11286;1166;20;1186
11287;87;2;89
11288;1577;155;1732
11289;967;17;984
11290;116;1;117
11291;108;4;112
11292;165;1;166
11293;899;23;922
11294;58;1;59
11295;1339;19;1358
11296;565;9;574
11297;142;1;143
11299;623;14;637
11300;154;0;154
11301;1184;17;1201
11302;265;9;274
11303;441;15;456
11304;3212;108;3320
11305;50;0;50
11306;52;2;54
11307;262;5;267
11308;451;9;460
11309;93;4;97
11310;201;1;202
11311;270;4;274
11312;111;5;116
11313;302;7;309
11314;85;7;92
11315;1949;26;1975
11316;210;3;213
11317;113;1;114
11318;136;6;142
11319;80;1;81
11320;294;4;298
11321;83;0;83
11322;990;18;1008
11323;275;2;277
11324;505;13;518
11325;452;11;463
11326;80;1;81
11327;472;13;485
11328;241;3;244
11330;506;12;518
11331;61;3;64
11332;1369;16;1385
11333;107;3;110
11334;117;2;119
11335;45;0;45
11336;436;7;443
11337;387;4;391
11338;41;1;42
11339;504;12;516
11340;525;10;535
11341;112;2;114
11342;242;4;246
11343;120;2;122
11344;713;16;729
11345;262;0;262
11346;127;3;130
11347;104;2;106
11348;88;1;89
11350;51;3;54
11351;724;26;750
11352;51;2;53
11353;2020;46;2066
11354;27;0;27
11355;361;8;369
11356;1121;20;1141
11357;217;7;224
11358;24;2;26
11359;475;6;481
11360;2069;35;2104
11361;883;20;903
11362;201;4;205
11363;182;5;187
11364;143;2;145
11365;41;2;43
11366;537;10;547
11367;922;23;945
11368;119;3;122
11369;3024;43;3067
11370;3254;76;3330
11371;707;13;720
11372;379;5;384
11373;72;1;73
11374;16;0;16
11375;30;1;31
11376;95;4;99
11377;76;0;76
11378;203;6;209
11379;5533;96;5629
11380;130;3;133
11381;122;7;129
11382;362;58;420
11383;324;10;334
11384;126;0;126
11385;236;7;243
11386;483;7;490
11387;111;1;112
11388;47;0;47
11389;16;0;16
11390;556;10;566
11391;24;2;26
11392;270;4;274
11393;487;7;494
11394;131;0;131
11395;30;0;30
11396;597;3;600
11397;5502;128;5630
11398;255;5;260
11399;106;5;111
11400;103;1;104
11401;793;11;804
11402;23;0;23
11404;956;33;989
11405;574;10;584
11406;33;2;35
11407;280;6;286
11408;504;8;512
11409;105;1;106
11410;986;17;1003
11411;135;1;136
11412;55;0;55
11413;503;11;514
11414;24;1;25
11415;124;0;124
11416;249;5;254
11417;98;0;98
11418;1211;39;1250
11419;63;0;63
11420;135;3;138
11421;534;8;542
11422;348;15;363
11423;159;4;163
11424;85;1;86
11425;1684;54;1738
11426;1177;23;1200
11427;302;8;310
11428;252;7;259
11429;4469;80;4549
11430;1359;42;1401
11431;248;7;255
11432;322;10;332
11433;976;17;993
11434;1276;25;1301
11435;154;6;160
11436;370;2;372
11437;911;17;928
11438;388;6;394
11439;400;8;408
11440;35;3;38
11441;2658;53;2711
12001;1069;32;1101
12002;869;29;898
12003;343;7;350
12004;445;20;465
12006;351;11;362
12007;176;8;184
12008;885;19;904
12009;36;1;37
12010;153;2;155
12011;775;28;803
12012;746;9;755
12013;3741;113;3854
12015;228;3;231
12016;824;26;850
12017;216;5;221
12018;181;7;188
12019;89;4;93
12021;1558;55;1613
12022;109;0;109
12023;106;1;107
12024;195;3;198
12025;972;12;984
12026;1054;20;1074
12027;202;10;212
12028;518;9;527
12029;201;4;205
12030;379;15;394
12031;356;5;361
12032;595;14;609
12033;2923;66;2989
12034;303;7;310
12035;172;8;180
12036;637;8;645
12037;608;16;624
12038;164;4;168
12039;264;5;269
12041;264;6;270
12042;208;11;219
12043;2166;76;2242
12044;1028;32;1060
12045;388;12;400
12046;573;16;589
12047;451;6;457
12048;345;9;354
12049;451;10;461
12050;442;12;454
12051;310;2;312
12052;4419;115;4534
12053;327;6;333
12054;351;8;359
12055;83;0;83
12056;3150;84;3234
12057;925;34;959
12058;106;5;111
12059;517;24;541
12060;114;4;118
12061;575;11;586
12062;343;3;346
12063;1939;29;1968
12064;268;6;274
12065;461;14;475
12066;1148;28;1176
12067;76;0;76
12068;878;26;904
12069;265;7;272
12070;522;26;548
12071;334;7;341
12072;232;7;239
12073;625;19;644
12074;295;14;309
12075;106;2;108
12076;1615;57;1672
12077;513;12;525
12078;185;2;187
12079;491;18;509
12080;373;9;382
12082;189;2;191
12083;1473;52;1525
12084;1569;57;1626
12085;315;0;315
12086;324;16;340
12088;228;4;232
12089;5323;206;5529
12090;3205;94;3299
12091;455;11;466
12092;523;10;533
12093;176;1;177
12094;985;17;1002
12095;240;6;246
12096;4601;149;4750
12097;248;3;251
12098;461;21;482
12099;241;4;245
12100;2372;67;2439
12101;1072;35;1107
12102;2359;51;2410
12103;282;8;290
12104;488;10;498
12105;1108;25;1133
12106;534;11;545
12107;318;5;323
12108;375;5;380
12109;99;2;101
12110;325;16;341
12111;495;18;513
12113;506;7;513
12115;290;3;293
12116;266;8;274
12118;522;13;535
12119;1234;28;1262
12120;2147;104;2251
12121;723;16;739
12122;124;8;132
12124;306;9;315
12125;278;4;282
12127;636;20;656
12128;220;6;226
12129;463;14;477
12130;1127;32;1159
12131;1512;47;1559
12133;6005;166;6171
12134;347;10;357
12135;441;14;455
12136;938;17;955
12137;838;11;849
12138;1729;50;1779
12139;139;1;140
12140;988;24;1012
12141;222;7;229
12142;637;15;652
12143;62;0;62
12144;125;2;127
12145;21979;680;22659
12146;2284;77;2361
12147;138;1;139
12148;1407;39;1446
12149;154;5;159
12150;502;89;591
12151;214;8;222
12152;127;2;129
12153;421;7;428
12154;619;26;645
12155;334;9;343
12156;532;13;545
12157;1693;49;1742
12158;327;8;335
12159;561;24;585
12160;317;5;322
12161;545;15;560
12162;1080;28;1108
12163;210;4;214
12164;701;14;715
12165;363;16;379
12166;115;1;116
12167;699;22;721
12168;998;18;1016
12169;2007;146;2153
12170;370;8;378
12171;584;19;603
12172;530;12;542
12174;3439;99;3538
12175;178;2;180
12176;11665;594;12259
12177;1017;15;1032
12178;373;9;382
12179;84;1;85
12180;73;2;75
12181;214;5;219
12182;279;5;284
12183;218;6;224
12184;120;6;126
12185;1639;68;1707
12186;211;2;213
12187;354;4;358
12188;316;10;326
12189;354;6;360
12190;295;9;304
12191;322;9;331
12192;185;4;189
12193;286;13;299
12194;848;21;869
12195;274;3;277
12197;1983;78;2061
12198;1949;72;2021
12199;1991;142;2133
12200;1039;27;1066
12201;1067;45;1112
12202;24475;1935;26410
12203;554;15;569
12204;178;4;182
12205;775;16;791
12206;637;15;652
12207;345;14;359
12208;8023;635;8658
12209;749;13;762
12210;454;5;459
12211;134;1;135
12212;88;7;95
12213;616;15;631
12214;521;13;534
12215;1160;48;1208
12216;1400;37;1437
12217;745;18;763
12219;376;9;385
12220;288;2;290
12221;339;10;349
12222;195;4;199
12223;1600;38;1638
12224;2211;40;2251
12225;1617;44;1661
12226;427;13;440
12227;182;5;187
12228;303;8;311
12229;254;7;261
12230;403;16;419
12231;715;8;723
12232;279;8;287
12233;293;3;296
12234;613;8;621
12235;206;7;213
12236;154;5;159
12237;645;81;726
12238;416;14;430
12239;315;13;328
12240;403;10;413
12241;1751;65;1816
12242;306;15;321
12243;948;13;961
12244;883;10;893
12246;538;15;553
12247;284;7;291
12248;611;104;715
12249;194;8;202
12250;205;2;207
12251;336;7;343
12252;418;9;427
12253;1013;30;1043
12254;2265;75;2340
12255;766;28;794
12256;371;10;381
12257;788;18;806
12258;982;15;997
12259;648;17;665
12260;171;2;173
12261;122;4;126
12262;711;14;725
12263;732;23;755
12264;3256;92;3348
12265;521;14;535
12266;548;5;553
12267;627;12;639
12268;421;18;439
12269;126;3;129
12270;4069;122;4191
12272;519;13;532
12273;291;8;299
12274;112;2;114
12275;36;1;37
12276;362;13;375
12277;530;4;534
12278;183;2;185
12280;407;6;413
12281;740;22;762
12282;425;8;433
12283;485;15;500
12284;345;1;346
12286;1206;31;1237
12287;636;22;658
12288;1593;38;1631
12289;206;8;214
12290;489;10;499
12291;403;9;412
12292;417;14;431
12293;137;1;138
12294;656;18;674
12295;98;2;100
12296;529;13;542
12297;510;19;529
12298;415;8;423
12299;692;26;718
12300;11602;551;12153
12301;1988;46;2034
12303;249;5;254
12305;1243;22;1265
12307;295;15;310
13001;145133;3203;148336
13002;21372;225;21597
13003;2626;54;2680
13004;50454;789;51243
13005;47535;451;47986
13006;1545;26;1571
13007;12922;162;13084
13008;563;16;579
13009;828;33;861
13010;4192;162;4354
13011;342;7;349
13012;593;55;648
13013;1916;35;1951
13014;13660;77;13737
13015;14838;305;15143
13016;6270;83;6353
13017;1509;18;1527
13018;4439;59;4498
13019;9918;324;10242
13020;2168;44;2212
13021;5690;127;5817
13022;6905;108;7013
13023;4729;109;4838
13024;2669;36;2705
13025;2380;76;2456
13026;17606;61;17667
13027;16063;252;16315
13028;35993;381;36374
13029;1437;23;1460
13030;5244;55;5299
13031;3768;44;3812
13032;8030;143;8173
13033;5783;99;5882
13034;1740;28;1768
13035;6844;161;7005
13036;4496;128;4624
13037;8744;104;8848
13038;3544;71;3615
13039;15687;183;15870
13040;10161;188;10349
13041;21521;338;21859
13042;6635;128;6763
13043;9887;90;9977
13044;5196;84;5280
13045;4856;73;4929
13046;4271;78;4349
13047;43626;657;44283
13048;4406;98;4504
13049;2037;41;2078
13050;9909;266;10175
13051;8941;120;9061
13052;2667;33;2700
13053;6134;156;6290
13054;32384;228;32612
13056;48574;516;49090
13057;517;11;528
13058;2362;50;2412
13059;3855;53;3908
13060;5821;91;5912
13061;215;5;220
13062;4213;74;4287
13063;26428;400;26828
13064;2656;29;2685
13065;3410;49;3459
13066;5847;68;5915
13067;2821;34;2855
13068;2110;36;2146
13069;10487;267;10754
13070;6519;61;6580
13071;21623;287;21910
13072;3540;94;3634
13073;5598;78;5676
13074;5134;89;5223
13075;11649;103;11752
13076;3515;49;3564
13077;16651;127;16778
13078;8424;80;8504
13079;1783;103;1886
13080;5882;90;5972
13081;12086;123;12209
13082;4637;126;4763
13083;4058;58;4116
13084;5426;120;5546
13085;6015;74;6089
13086;8713;124;8837
13087;4918;140;5058
13088;5145;48;5193
13089;3346;51;3397
13090;123;4;127
13091;5638;114;5752
13092;8591;129;8720
13093;379;8;387
13094;2497;45;2542
13095;1236;68;1304
13096;2144;21;2165
13097;13413;299;13712
13098;5820;110;5930
13099;885;13;898
13100;9769;223;9992
13101;3443;59;3502
13102;6631;52;6683
13103;45386;584;45970
13104;7581;144;7725
13105;6894;86;6980
13106;11196;95;11291
13107;5808;122;5930
13108;15811;142;15953
13109;2271;56;2327
13110;10303;150;10453
13111;1007;20;1027
13112;8582;151;8733
13113;8400;184;8584
13114;5407;137;5544
13115;2028;40;2068
13116;819;17;836
13117;33333;368;33701
13118;3702;52;3754
13119;6498;84;6582
13201;39893;200;40093
13202;25217;58;25275
13203;51792;194;51986
13204;49296;303;49599
13205;46152;279;46431
13206;42135;406;42541
13207;34697;313;35010
13208;81436;1254;82690
13209;76633;654;77287
13210;58491;340;58831
13211;57278;443;57721
13212;61406;552;61958
13213;91358;717;92075
13214;61702;252;61954
13215;77243;299;77542
13216;16002;100;16102
14001;1212;45;1257
14003;304;7;311
14005;1723;38;1761
14006;1046;21;1067
14007;231;4;235
14009;1356;19;1375
14011;1894;38;1932
14012;192;1;193
14014;1206;34;1240
14015;738;22;760
14016;484;14;498
14019;219;3;222
14020;3795;30;3825
14021;473;11;484
14022;584;8;592
14023;68;1;69
14024;591;12;603
14025;308;3;311
14026;1109;20;1129
14027;4595;67;4662
14030;1696;49;1745
14032;275;11;286
14033;216;2;218
14034;569;2;571
14035;1374;57;1431
14036;172;1;173
14037;565;13;578
14038;789;9;798
14039;824;18;842
14040;189;3;192
14041;124;2;126
14042;975;21;996
14043;70;0;70
14044;1073;18;1091
14045;252;2;254
14046;1923;14;1937
14047;12682;329;13011
14049;139;2;141
14050;181;2;183
14053;172;3;175
14054;200;3;203
14055;405;9;414
14057;1477;8;1485
14059;414;32;446
14060;2042;26;2068
14061;8950;157;9107
14062;447;7;454
14063;214;1;215
14064;224;7;231
14066;2274;35;2309
14068;3561;85;3646
14069;1338;27;1365
14070;194;2;196
14076;5855;73;5928
14077;719;55;774
14078;370;4;374
14079;1553;35;1588
14080;124;5;129
14082;189;9;198
14083;666;15;681
14084;403;9;412
14085;795;21;816
14086;325;13;338
14087;125;1;126
14088;406;7;413
14089;394;9;403
14090;736;6;742
14091;102;1;103
14092;2186;24;2210
14093;198;5;203
14096;226;6;232
14097;305;4;309
14098;6120;100;6220
14100;1913;24;1937
14101;4005;72;4077
14102;1012;23;1035
14103;408;7;415
14104;166;4;170
14106;660;6;666
14107;164;0;164
14110;125;2;127
14111;438;6;444
14116;109;5;114
14117;3558;31;3589
14118;106230;2174;108404
14119;1966;21;1987
14120;1396;23;1419
14121;252;1;253
14122;158;1;159
14123;2021;48;2069
14124;546;10;556
14125;1753;49;1802
14126;1334;36;1370
14127;548;4;552
14130;186;1;187
14131;228;4;232
14132;204;0;204
14134;186;5;191
14135;281;2;283
14136;101;0;101
14137;2886;25;2911
14138;292;6;298
14140;349;6;355
14141;163;2;165
14143;2372;25;2397
14145;525;4;529
14146;169;4;173
14147;140;1;141
14149;422;13;435
14150;1338;27;1365
14159;220;13;233
14160;188;6;194
14161;342;16;358
14162;1305;15;1320
14163;382;3;385
14165;174;4;178
14166;2555;44;2599
14167;6976;52;7028
14168;207;5;212
14169;159;0;159
14171;144;1;145
14172;432;10;442
14173;440;14;454
14174;6452;274;6726
14175;292;5;297
14177;848;17;865
14179;164;5;169
14180;156;3;159
14181;4957;45;5002
14182;404;6;410
14183;103;1;104
14184;229;0;229
14190;128;5;133
14191;4196;54;4250
14193;655;20;675
14194;648;10;658
14195;261;1;262
14196;208;6;214
14197;1116;27;1143
14198;255;9;264
14200;2261;79;2340
14202;267;6;273
14203;192;7;199
14204;179;2;181
14205;217;6;223
14206;298;0;298
14207;646;9;655
14209;512;10;522
14211;360;4;364
14214;190;2;192
14215;2259;34;2293
14216;238;3;241
14218;403;6;409
14220;3565;60;3625
14221;3117;45;3162
14223;87;2;89
14224;49;2;51
14225;5276;169;5445
14226;299;2;301
14227;210;6;216
14228;4973;204;5177
14229;2293;22;2315
14230;116;1;117
14231;446;12;458
14232;168;3;171
14236;585;7;592
14237;618;7;625
14238;109;2;111
14239;107;0;107
14240;511;12;523
14241;621;15;636
14242;1623;24;1647
14243;1587;6;1593
14244;312;11;323
14245;320;11;331
14246;807;6;813
14248;250;5;255
14249;1431;10;1441
14250;283;6;289
14251;539;6;545
14252;260;3;263
14254;1653;27;1680
14256;336;5;341
14257;2013;27;2040
14258;7968;250;8218
14260;245;7;252
14261;338;7;345
14266;1439;23;1462
14269;226;4;230
14270;398;16;414
14271;4938;69;5007
14272;96;2;98
14273;136;1;137
14274;2617;64;2681
14275;464;6;470
14276;355;4;359
14277;1941;13;1954
14278;1199;18;1217
14280;256;9;265
14281;735;14;749
14282;208;6;214
14283;224;7;231
14284;156;4;160
14285;71;2;73
14286;484;20;504
14287;1970;14;1984
14288;933;24;957
14289;584;13;597
14290;812;8;820
14291;289;4;293
14293;274;6;280
14297;584;7;591
14298;135;3;138
14299;835;18;853
14300;52;0;52
14301;4916;47;4963
14302;166;14;180
14303;919;20;939
14304;882;35;917
14305;678;13;691
14306;390;5;395
14308;268;0;268
14309;840;4;844
14310;706;7;713
14311;1045;9;1054
14312;1536;24;1560
14316;265;3;268
14318;728;7;735
14319;973;8;981
14320;283;7;290
14322;245;5;250
14325;3110;42;3152
14326;808;39;847
14327;22555;275;22830
14328;1345;9;1354
14329;109;4;113
14332;667;11;678
14333;6733;200;6933
14334;316;6;322
14335;300;3;303
14336;476;5;481
14337;329;10;339
14338;1711;37;1748
14341;11696;193;11889
14342;3610;43;3653
14343;66;0;66
14344;379;9;388
14345;301;2;303
14346;679;14;693
14347;1041;12;1053
14348;81;1;82
14349;2116;21;2137
14352;841;20;861
14353;451;5;456
14354;1934;48;1982
14355;1191;20;1211
14357;910;22;932
14358;89;2;91
14360;216;2;218
14362;160;0;160
14364;465;13;478
14365;2536;40;2576
14366;20038;654;20692
14367;437;5;442
14368;262;11;273
14369;288;3;291
14370;3016;39;3055
14371;6220;110;6330
14374;142;2;144
14375;166;3;169
14377;592;9;601
14378;274;9;283
14379;364;5;369
14380;186;5;191
14381;61;2;63
14383;2683;38;2721
14384;3213;52;3265
14385;164;9;173
14389;263;9;272
14390;189;4;193
14391;393;4;397
14393;366;7;373
14394;428;14;442
14396;1024;15;1039
14397;335;6;341
14398;547;16;563
14399;275;11;286
14400;217;3;220
14401;132;6;138
14402;109;2;111
14403;745;21;766
14404;120;2;122
14405;325;7;332
14406;1116;27;1143
14407;2286;56;2342
14408;2014;14;2028
14409;2186;35;2221
14410;1080;7;1087
14411;309;6;315
14412;83;2;85
14419;257;9;266
14421;607;6;613
14424;190;3;193
14425;164;6;170
14426;160;7;167
14427;294;3;297
14430;137;3;140
14431;9586;113;9699
14435;198;3;201
14436;558;5;563
14437;9973;244;10217
14438;545;10;555
14439;90;2;92
14445;95;2;97
14446;98;2;100
14448;64;0;64
14449;408;5;413
14452;626;10;636
14453;352;7;359
14454;1626;22;1648
14455;285;2;287
14456;3273;45;3318
14457;128;1;129
14458;533;58;591
14460;1353;31;1384
14461;470;2;472
14465;501;13;514
14466;342;9;351
14467;320;7;327
14468;363;6;369
14469;91;3;94
14473;112;3;115
14474;201;3;204
14475;2352;43;2395
14476;178;3;181
14478;1967;50;2017
14480;521;7;528
14482;238;2;240
14483;191;3;194
14484;245;4;249
14486;570;9;579
14487;774;23;797
14488;9344;118;9462
14491;196;11;207
14492;313;7;320
14494;129;7;136
14495;548;11;559
14496;57;4;61
14497;333;7;340
14498;240;4;244
14499;534;5;539
14500;159;6;165
14501;247;5;252
14502;89;1;90
14504;813;21;834
14506;246;3;249
14509;212;5;217
14510;55;3;58
14511;67;0;67
14512;73;0;73
14514;4627;70;4697
14515;1938;17;1955
14516;2079;19;2098
14519;126;0;126
14520;867;23;890
14522;391;7;398
14524;294;5;299
14527;538;8;546
14528;391;5;396
14529;262;3;265
14530;1909;27;1936
14531;48;0;48
14533;96;4;100
14534;391;6;397
14535;554;12;566
14536;2547;43;2590
14538;1650;31;1681
14540;289;14;303
14541;121;1;122
14542;535;11;546
14543;2448;71;2519
14546;222;2;224
14547;158;3;161
14550;94;1;95
14552;505;14;519
14554;1659;10;1669
14555;452;6;458
14556;1822;23;1845
14557;1132;12;1144
14558;1093;15;1108
14559;229;1;230
14562;2237;41;2278
14563;430;9;439
14565;259;4;263
14566;2525;52;2577
14569;236;6;242
14570;2507;44;2551
14571;305;5;310
14572;788;7;795
14574;1751;88;1839
14575;389;25;414
14576;524;13;537
14578;1352;30;1382
14579;1321;24;1345
14582;735;24;759
14586;164;6;170
14587;2298;42;2340
14588;330;3;333
14589;950;9;959
14590;133;1;134
14591;732;10;742
14592;1340;22;1362
14593;688;10;698
14595;237;5;242
14598;230;4;234
14601;168;5;173
14602;270;3;273
14603;508;8;516
14605;265;8;273
14606;211;2;213
14607;145;1;146
14609;545;9;554
14610;1955;115;2070
14613;94;1;95
14614;779;13;792
14619;124;2;126
14620;422;9;431
14621;436;7;443
14622;127;6;133
14623;2523;19;2542
14625;772;14;786
14626;930;21;951
14627;398;8;406
14630;705;18;723
14635;187;2;189
14637;204;3;207
14639;257;9;266
14640;237;1;238
14643;831;14;845
14644;654;14;668
14645;163;9;172
14646;439;9;448
14648;453;19;472
14649;475;10;485
14650;190;4;194
14651;261;2;263
14652;79;2;81
14654;7329;340;7669
14656;988;16;1004
14657;313;4;317
14658;4357;97;4454
14659;1428;24;1452
14660;94;3;97
14661;154;1;155
14663;2490;52;2542
14664;311;4;315
14665;294;4;298
14666;1906;27;1933
14667;222;4;226
14668;318;3;321
14669;207;2;209
14672;874;15;889
14674;128;3;131
14675;2036;25;2061
14676;993;23;1016
14677;254;6;260
14678;562;8;570
14679;666;21;687
14680;153;6;159
14681;151;4;155
14682;452;13;465
14684;253;3;256
14685;1726;33;1759
14687;192;3;195
14689;3629;48;3677
14692;1744;21;1765
14694;510;19;529
14698;391;1;392
14699;3731;67;3798
14700;664;9;673
14701;782;19;801
14705;152;1;153
14706;240;11;251
14707;1118;14;1132
14708;297;7;304
14709;346;7;353
14710;105;0;105
14711;917;10;927
14712;3459;91;3550
14713;577;11;588
14714;785;10;795
14715;4603;89;4692
14716;210;3;213
14719;700;7;707
14720;857;28;885
14721;648;9;657
14723;270;4;274
14724;997;12;1009
14726;5755;117;5872
14728;563;7;570
14731;188;13;201
14732;307;11;318
14733;312;9;321
14734;333;8;341
14735;800;11;811
14737;500;8;508
14738;3636;54;3690
14739;1645;36;1681
14740;1181;18;1199
14741;121;3;124
14742;72;0;72
14743;88;3;91
14744;299;4;303
14745;230;4;234
14747;678;8;686
14748;74;1;75
14751;295;9;304
14752;3160;37;3197
14753;740;22;762
14754;2543;58;2601
14755;593;13;606
14756;231;3;234
14758;777;25;802
14759;269;10;279
14760;742;6;748
14761;817;15;832
14762;16590;891;17481
14764;975;16;991
15001;799;9;808
15002;223;4;227
15003;599;12;611
15004;472;9;481
15005;350;16;366
15006;731;28;759
15007;121;7;128
15008;285;1;286
15009;186;6;192
15010;190;3;193
15011;182;3;185
15012;6279;192;6471
15013;147;0;147
15014;25593;1283;26876
15015;167;4;171
15016;629;14;643
15017;145;6;151
15018;132;1;133
15019;235;4;239
15020;97;4;101
15021;634;16;650
15022;163;6;169
15024;76;0;76
15025;240;7;247
15026;183;1;184
15027;745;14;759
15028;356;9;365
15029;507;16;523
15030;294;7;301
15032;60;3;63
15033;215;4;219
15034;145;6;151
15036;470;8;478
15037;1056;24;1080
15038;1030;25;1055
15040;98;7;105
15041;252;5;257
15042;254;4;258
15043;87;2;89
15045;841;11;852
15046;218;3;221
15048;31;1;32
15049;221;5;226
15050;170;2;172
15051;209;5;214
15052;156;12;168
15053;439;10;449
15054;989;24;1013
15055;442;12;454
15056;856;20;876
15057;189;4;193
15058;147;0;147
15059;121;7;128
15060;51;1;52
15061;272;4;276
15063;332;14;346
15064;83;1;84
15065;79;1;80
15066;117;2;119
15067;28;1;29
15069;248;2;250
15070;200;3;203
15072;222;6;228
15073;92;2;94
15074;763;21;784
15075;74;4;78
15076;171;4;175
15077;61;0;61
15078;155;2;157
15079;372;9;381
15080;147;4;151
15081;98;2;100
15082;297;11;308
15083;2022;67;2089
15084;291;9;300
15085;496;12;508
15086;58;2;60
15087;360;10;370
15088;512;15;527
15089;449;8;457
15090;591;15;606
15091;90;5;95
15092;1405;41;1446
15093;99;3;102
15094;829;16;845
15095;355;3;358
15096;286;7;293
15097;111;5;116
15098;93;0;93
15100;131;2;133
15101;517;14;531
15102;107;0;107
15103;237;6;243
15104;345;9;354
15105;35;3;38
15106;156;2;158
15107;171;4;175
15108;990;23;1013
15110;130;6;136
15111;208;7;215
15112;92;4;96
15113;183;4;187
15114;517;7;524
15116;154;11;165
15117;593;68;661
15118;726;31;757
15119;1797;66;1863
15120;3498;218;3716
15121;108;1;109
15122;2111;60;2171
15123;164;2;166
15124;532;23;555
15125;128;3;131
15126;81;2;83
15127;281;3;284
15128;120;3;123
15129;174;6;180
15130;140;4;144
15131;286;12;298
15132;45;0;45
15133;135;1;136
15134;815;12;827
15135;115;6;121
15137;267;7;274
15138;1845;99;1944
15139;68;0;68
15140;2113;58;2171
15141;1804;30;1834
15142;1735;40;1775
15143;102;1;103
15144;330;10;340
15146;126;5;131
15147;450;9;459
15148;432;11;443
15149;257;3;260
15151;151;0;151
15152;898;18;916
15153;1463;36;1499
15154;1188;24;1212
15155;87;2;89
15156;685;15;700
15157;351;43;394
15158;103;2;105
15159;269;8;277
15160;1094;22;1116
15161;108;2;110
15162;2479;62;2541
15163;1098;31;1129
15164;627;18;645
15165;203;3;206
15166;314;10;324
15167;117;8;125
15168;712;25;737
15169;820;16;836
15170;231;4;235
15172;93;1;94
15173;115;5;120
15174;271;6;277
15175;1070;27;1097
15176;242;9;251
15178;142;7;149
15179;249;4;253
15180;75;3;78
15181;577;11;588
15182;133;3;136
15183;135;0;135
15184;785;19;804
15185;243;11;254
15186;229;3;232
15187;6458;542;7000
15188;1198;31;1229
15189;222;7;229
15190;104;3;107
15191;644;9;653
15192;293;4;297
15194;105;6;111
15196;1548;53;1601
15198;108;1;109
15199;75;0;75
15200;146;3;149
15201;226;3;229
15202;717;17;734
15203;174;3;177
15204;1539;42;1581
15205;105;5;110
15206;142;2;144
15207;362;12;374
15208;135;4;139
15209;124;5;129
15211;298;5;303
15212;359;15;374
15213;203;4;207
15214;178;5;183
15215;1121;37;1158
15216;402;14;416
15217;106;3;109
15218;68;2;70
15219;325;5;330
15220;145;2;147
15221;1368;34;1402
15222;217;10;227
15223;214;6;220
15224;132;13;145
15225;212;4;216
15226;204;4;208
15228;462;10;472
15229;81;2;83
15230;197;9;206
15231;596;20;616
15232;228;7;235
15233;301;5;306
15234;330;6;336
15235;573;23;596
15236;602;14;616
15237;172;6;178
15238;128;3;131
15240;173;7;180
15241;48;3;51
15242;101;3;104
15243;503;9;512
15244;473;10;483
15245;252;4;256
15246;235;2;237
15247;23;0;23
15248;564;12;576
15249;64;2;66
15250;509;18;527
15251;141;6;147
15252;413;18;431
15253;65;1;66
15254;119;2;121
15255;1249;35;1284
15256;52;5;57
15257;125;4;129
15258;1838;36;1874
15259;244;3;247
15260;108;4;112
15261;825;21;846
15262;562;11;573
15263;124;5;129
15264;269;6;275
15265;1644;28;1672
15266;551;10;561
15267;4335;106;4441
15268;1233;26;1259
15269;130;3;133
16001;503;1;504
16002;523;8;531
16003;857;10;867
16005;1579;39;1618
16007;463;11;474
16008;310;2;312
16009;380;6;386
16010;167;4;171
16011;568;21;589
16012;503;9;512
16013;319;8;327
16014;128;0;128
16015;41603;1687;43290
16016;827;23;850
16018;709;18;727
16019;1248;23;1271
16020;347;4;351
16023;590;11;601
16024;515;9;524
16025;1237;31;1268
16026;1359;27;1386
16027;126;3;129
16028;4714;177;4891
16029;226;5;231
16030;1052;22;1074
16031;410;11;421
16032;517;7;524
16034;144;2;146
16035;199;5;204
16036;291;9;300
16037;141;5;146
16038;310;8;318
16039;474;12;486
16040;305;6;311
16041;111;1;112
16042;110;7;117
16044;215;7;222
16045;366;6;372
16046;1003;12;1015
16047;295;6;301
16048;129;0;129
16049;375;8;383
16050;251;8;259
16052;246;3;249
16053;119;1;120
16054;175;1;176
16055;892;11;903
16056;891;18;909
16057;320;6;326
16058;1410;51;1461
16059;176;5;181
16060;454;12;466
16061;4233;82;4315
16062;137;1;138
16063;159;0;159
16064;1115;17;1132
16065;621;6;627
16066;464;8;472
16067;465;10;475
16068;565;6;571
16069;388;3;391
16070;1568;32;1600
16071;591;16;607
16072;511;10;521
16073;1776;31;1807
16074;333;8;341
16075;244;3;247
16076;878;9;887
16077;491;9;500
16078;5149;118;5267
16079;347;3;350
16081;215;5;220
16082;673;12;685
16083;340;6;346
16084;334;3;337
16085;3083;272;3355
16086;864;17;881
16087;142;2;144
16088;1105;38;1143
16089;3746;66;3812
16090;3537;64;3601
16091;172;2;174
16093;1587;26;1613
16095;130;4;134
16096;418;3;421
16097;2299;100;2399
16098;141;2;143
16099;221;1;222
16100;767;14;781
16101;1052;18;1070
16102;18670;434;19104
16103;123;5;128
16104;470;9;479
16105;620;5;625
16106;2712;154;2866
16107;534;6;540
16108;131;1;132
16109;763;8;771
16110;777;21;798
16111;178;3;181
16112;57;2;59
16113;7764;260;8024
16114;165;3;168
16116;390;9;399
16117;120;3;123
16118;138;0;138
16119;1355;15;1370
16120;1520;21;1541
16121;440;13;453
16122;140;4;144
16123;488;10;498
16124;569;10;579
16125;263;3;266
16127;95;3;98
16128;174;6;180
16130;186;7;193
16131;497;7;504
16132;990;9;999
16133;198;3;201
16134;1014;27;1041
16135;314;4;318
16136;572;12;584
16137;312;6;318
16138;3818;105;3923
16139;239;2;241
16140;438;15;453
16141;321;12;333
16142;200;4;204
16143;704;13;717
16144;421;6;427
16145;639;19;658
16146;2108;35;2143
16147;264;6;270
16148;1011;14;1025
16150;1594;43;1637
16151;886;21;907
16152;719;20;739
16153;1168;22;1190
16154;6119;115;6234
16155;110;1;111
16157;162;3;165
16158;308;5;313
16160;482;7;489
16161;165;3;168
16162;182;0;182
16163;1145;21;1166
16164;243;2;245
16165;367;4;371
16166;5626;153;5779
16167;4434;134;4568
16168;813;8;821
16169;563;8;571
16170;399;2;401
16171;651;13;664
16173;180;4;184
16174;511;11;522
16175;1390;34;1424
16176;305;7;312
16177;118;2;120
16178;186;5;191
16180;247;6;253
16181;523;11;534
16182;453;13;466
16183;178;4;182
16184;87;1;88
16185;157;2;159
16186;552;17;569
16187;2092;47;2139
16188;341;4;345
16189;254;6;260
16190;186;6;192
16191;181;1;182
16192;3900;107;4007
16193;991;17;1008
16194;104;1;105
16195;294;8;302
16196;723;9;732
16197;110;7;117
16198;445;5;450
16199;3223;69;3292
16200;482;4;486
16203;115;0;115
16204;1298;35;1333
16205;540;5;545
16206;1692;17;1709
16207;492;9;501
16208;398;4;402
16209;824;9;833
16210;817;10;827
16211;561;7;568
16212;391;6;397
16213;295;5;300
16215;155;5;160
16216;843;14;857
16217;1101;24;1125
16218;409;12;421
16220;716;15;731
16221;238;4;242
16222;328;7;335
16223;2009;28;2037
16224;714;18;732
16225;650;31;681
16226;717;9;726
16227;139;0;139
16229;242;4;246
16230;2564;100;2664
16231;321;2;323
16232;2151;50;2201
16233;1004;17;1021
16234;731;8;739
16236;2397;73;2470
16237;223;0;223
16238;117;0;117
16239;134;2;136
16240;99;0;99
16241;207;4;211
16242;1382;17;1399
16243;1047;21;1068
16244;2348;54;2402
16245;932;23;955
16246;266;8;274
16248;152;1;153
16249;403;3;406
16250;220;2;222
16251;253;6;259
16252;152;3;155
16253;362;3;365
16254;221;8;229
16255;141;5;146
16256;240;11;251
16258;483;9;492
16260;271;7;278
16261;467;17;484
16263;400;5;405
16264;323;6;329
16267;89;1;90
16268;209;2;211
16269;898;10;908
16270;344;5;349
16271;2369;146;2515
16272;543;9;552
16273;124;6;130
16275;175;2;177
16276;761;17;778
16277;595;11;606
16279;225;3;228
16280;1996;31;2027
16281;3977;159;4136
16282;534;11;545
16283;570;7;577
16284;120;1;121
16285;406;5;411
16286;2964;49;3013
16287;4277;69;4346
16289;294;2;296
16290;242;4;246
16291;7305;200;7505
16292;3372;150;3522
16293;492;7;499
16295;1333;24;1357
16297;329;12;341
16298;373;5;378
16300;1308;16;1324
16301;229;3;232
16302;216;2;218
16303;406;12;418
16304;963;35;998
16306;317;8;325
16307;333;14;347
16308;1053;24;1077
16310;216;2;218
16312;823;13;836
16315;107;1;108
16316;385;6;391
16317;439;5;444
16318;366;2;368
16320;896;17;913
16321;46;0;46
16323;471;11;482
16325;132;3;135
16326;135;0;135
16329;782;15;797
16330;826;28;854
16331;89;3;92
16334;126;3;129
16335;124;3;127
16336;343;3;346
16337;895;30;925
16338;319;5;324
16339;802;19;821
16340;1032;28;1060
16341;3218;39;3257
16342;299;7;306
16343;296;9;305
16345;218;2;220
16346;248;8;256
16347;508;12;520
16348;1296;32;1328
16349;513;11;524
16350;796;10;806
16352;216;8;224
16353;787;16;803
16354;121;3;124
16355;1192;16;1208
16356;31;0;31
16357;136;2;138
16358;7381;246;7627
16359;1011;27;1038
16360;403;85;488
16361;313;6;319
16362;326;12;338
16363;524;10;534
16364;64;2;66
16365;106;0;106
16366;2074;77;2151
16368;888;21;909
16369;982;20;1002
16370;1160;41;1201
16372;127;2;129
16373;196;6;202
16374;9761;312;10073
16375;386;6;392
16377;116;0;116
16378;573;15;588
16379;1486;27;1513
16380;410;3;413
16381;164;2;166
16382;721;31;752
16383;758;10;768
16384;581;7;588
16385;1165;26;1191
16387;466;63;529
16388;940;22;962
16389;87;2;89
16390;222;7;229
16392;189;6;195
16393;2168;33;2201
16394;83;2;85
16395;297;4;301
16396;124;0;124
16397;374;7;381
16398;99;5;104
16399;346;9;355
16400;620;11;631
16401;146;2;148
16402;283;5;288
16403;127;3;130
16404;109;2;111
16405;165;9;174
16406;770;15;785
16408;717;19;736
16409;982;11;993
16412;338;1;339
16413;136;2;138
16414;312;4;316
16415;1099;20;1119
16416;506;8;514
16418;1547;28;1575
16419;328;2;330
16420;242;4;246
16421;411;6;417
16422;811;8;819
16423;254;4;258
16424;525;8;533
16425;557;11;568
17002;133;4;137
17003;4143;74;4217
17004;207;5;212
17005;196;1;197
17006;252;4;256
17007;313;7;320
17008;2272;33;2305
17009;1147;9;1156
17010;4050;101;4151
17011;394;4;398
17012;155;5;160
17013;340;8;348
17015;760;9;769
17016;782;12;794
17017;670;13;683
17018;855;13;868
17019;1302;24;1326
17020;349;4;353
17021;3566;84;3650
17022;1006;23;1029
17023;373;7;380
17024;1333;25;1358
17025;704;29;733
17026;385;5;390
17027;471;7;478
17028;9247;167;9414
17029;209;1;210
17030;545;5;550
17031;195;2;197
17032;804;17;821
17033;496;5;501
17034;463;7;470
17035;112;2;114
17036;780;14;794
17037;650;9;659
17038;692;6;698
17039;211;1;212
17041;1679;16;1695
17042;443;9;452
17043;746;13;759
17044;1149;22;1171
17045;1030;18;1048
17046;387;8;395
17047;237;1;238
17048;321;4;325
17049;79;5;84
17050;517;144;661
17051;2272;30;2302
17052;693;9;702
17053;1322;27;1349
17054;204;9;213
17055;361;4;365
17056;600;14;614
17057;916;16;932
17058;3506;126;3632
17059;1375;25;1400
17060;228;5;233
17061;137;2;139
17062;216;3;219
17063;453;7;460
17064;3010;63;3073
17065;1777;53;1830
17066;235;2;237
17067;173;4;177
17068;243;3;246
17069;232;6;238
17070;934;14;948
17071;511;9;520
17072;1303;26;1329
17073;1277;44;1321
17074;1053;15;1068
17075;1386;23;1409
17076;321;3;324
17077;1235;20;1255
17078;511;7;518
17079;1610;33;1643
17080;961;12;973
17081;372;7;379
17082;527;8;535
17083;619;12;631
17084;678;8;686
17085;408;6;414
17086;3587;83;3670
17087;205;2;207
17089;1004;26;1030
17091;2001;27;2028
17092;160;4;164
17093;4270;79;4349
17094;5900;93;5993
17095;215;6;221
17096;77;2;79
17097;778;15;793
17098;598;13;611
17099;635;10;645
17100;1118;17;1135
17101;331;1;332
17102;1263;35;1298
17104;1090;108;1198
17105;316;1;317
17106;313;5;318
17107;1455;24;1479
17108;407;15;422
17109;1438;20;1458
17110;977;15;992
17111;820;12;832
17112;713;16;729
17113;717;7;724
17114;212;2;214
17115;309;7;316
17116;225;5;230
17117;140;0;140
17118;348;10;358
17119;1127;20;1147
17120;1878;39;1917
17121;1137;19;1156
17122;234;4;238
17124;426;5;431
17125;462;10;472
17126;299;6;305
17127;1776;30;1806
17128;694;12;706
17129;419;6;425
17130;473;13;486
17131;2150;43;2193
17132;650;18;668
17133;896;75;971
17134;432;9;441
17135;229;2;231
17136;1284;28;1312
17137;223;3;226
17138;282;3;285
17139;336;7;343
17140;3144;62;3206
17141;470;9;479
17142;5638;143;5781
17143;703;13;716
17145;485;8;493
17146;3547;70;3617
17147;1376;22;1398
17148;459;10;469
17149;59;2;61
17150;521;7;528
17151;876;23;899
17152;874;8;882
17153;2076;32;2108
17154;712;8;720
17155;2618;43;2661
17156;129;3;132
17157;163;2;165
17158;1066;8;1074
17159;365;7;372
17160;413;13;426
17161;2785;40;2825
17162;198;1;199
17163;514;10;524
17164;2326;54;2380
17165;392;13;405
17166;1316;14;1330
17167;771;11;782
17168;3934;75;4009
17171;767;18;785
17172;2906;30;2936
17173;234;6;240
17174;909;9;918
17175;645;7;652
17176;107;4;111
17177;118;0;118
17178;70;1;71
17179;1772;85;1857
17180;89;3;92
17181;310;6;316
17182;553;11;564
17183;938;13;951
17184;587;12;599
17185;2100;32;2132
17186;963;11;974
17187;513;17;530
17188;455;9;464
17190;2865;56;2921
17191;427;9;436
17192;835;18;853
17193;2541;54;2595
17194;3336;75;3411
17195;274;5;279
17196;545;6;551
17197;3519;223;3742
17198;301;0;301
17199;158;2;160
17200;7098;155;7253
17201;480;6;486
17202;587;13;600
17203;729;9;738
17204;306;8;314
17205;395;9;404
17206;283;3;286
17207;734;17;751
17208;1051;15;1066
17209;269;4;273
17210;505;4;509
17211;751;9;760
17212;165;2;167
17213;134;4;138
17214;536;12;548
17215;47;0;47
17216;1012;14;1026
17217;291;7;298
17218;4505;64;4569
17219;6234;103;6337
17220;415;17;432
17221;930;21;951
17222;3130;93;3223
17223;181;2;183
17224;2160;80;2240
17225;2110;32;2142
17226;973;14;987
17227;221;3;224
17228;2992;72;3064
17229;219;3;222
17230;3123;72;3195
17231;106;5;111
17232;1530;21;1551
17233;325;1;326
17234;344;5;349
17235;721;14;735
17236;1500;29;1529
17237;585;4;589
17239;442;8;450
17240;3226;51;3277
17241;1565;19;1584
17242;869;13;882
17243;1229;10;1239
17244;690;8;698
17245;911;13;924
17246;517;7;524
17247;855;12;867
17248;916;20;936
17249;175;1;176
17250;476;5;481
17252;304;7;311
17253;1349;16;1365
17254;187;4;191
17255;798;12;810
17256;324;12;336
17257;683;6;689
17258;302;5;307
17259;153;2;155
17260;466;5;471
17261;312;6;318
17262;1262;22;1284
17263;585;11;596
17264;5859;148;6007
17265;1208;20;1228
17266;719;7;726
17267;1165;15;1180
17268;191;7;198
17269;687;7;694
17270;619;14;633
17271;322;6;328
17273;1017;13;1030
17274;8684;188;8872
17275;774;26;800
17276;75;1;76
17277;1092;86;1178
17278;761;9;770
17279;626;13;639
17280;731;16;747
17281;159;3;162
17282;213;2;215
17283;4203;249;4452
17284;1776;290;2066
17285;1147;27;1174
17286;594;10;604
17287;249;0;249
17288;315;6;321
17289;445;17;462
17290;294;9;303
17291;6556;124;6680
17292;512;5;517
17293;695;11;706
17294;201;0;201
17295;794;16;810
17296;1059;19;1078
17297;2305;43;2348
17298;986;18;1004
17299;23584;682;24266
17300;77205;2128;79333
17301;70;1;71
17302;593;9;602
17303;1031;17;1048
17304;478;5;483
17305;414;9;423
17306;18419;527;18946
17307;1391;32;1423
17308;2700;61;2761
17309;1895;39;1934
17310;1119;14;1133
17311;1381;24;1405
17312;826;14;840
17313;381;9;390
17314;894;16;910
17315;1362;28;1390
17316;397;11;408
17317;559;5;564
17318;682;11;693
17319;107;1;108
17320;413;6;419
17321;361;3;364
17322;678;4;682
17323;1283;22;1305
17324;111;0;111
17325;538;3;541
17326;286;5;291
17327;311;3;314
17328;902;11;913
17329;357;2;359
17330;1340;15;1355
17331;1250;50;1300
17332;390;6;396
17333;5342;116;5458
17334;223;4;227
17335;288;3;291
17336;2741;58;2799
17337;3742;54;3796
17338;1765;33;1798
17339;1278;123;1401
17340;1536;84;1620
17341;181;2;183
17342;421;9;430
17343;146;3;149
17344;1319;15;1334
17345;309;15;324
17346;1455;26;1481
17347;6796;434;7230
17348;691;7;698
17349;2975;43;3018
17350;873;16;889
17351;2026;33;2059
17353;2214;60;2274
17354;645;12;657
17355;503;11;514
17356;306;4;310
17357;534;8;542
17358;311;6;317
17359;1206;20;1226
17360;3363;106;3469
17361;113;5;118
17362;297;7;304
17363;545;14;559
17364;437;14;451
17365;467;9;476
17366;487;4;491
17367;157;4;161
17369;2215;20;2235
17372;78;1;79
17373;2302;43;2345
17374;243;2;245
17375;1201;25;1226
17376;1897;32;1929
17377;125;6;131
17378;434;6;440
17379;207;3;210
17380;3907;85;3992
17381;228;3;231
17382;535;6;541
17383;348;4;352
17384;259;4;263
17385;6634;98;6732
17386;353;9;362
17387;1896;30;1926
17388;256;7;263
17389;579;9;588
17390;116;1;117
17391;2352;49;2401
17393;1733;27;1760
17394;906;18;924
17395;481;8;489
17396;1732;29;1761
17397;2446;106;2552
17398;168;7;175
17400;630;13;643
17401;95;7;102
17402;155;3;158
17403;747;13;760
17404;659;19;678
17405;199;2;201
17406;413;3;416
17407;4846;99;4945
17408;886;10;896
17409;3309;65;3374
17410;575;9;584
17411;1145;21;1166
17412;675;8;683
17413;1359;21;1380
17414;5091;163;5254
17415;25287;1407;26694
17416;59;2;61
17417;165;1;166
17418;605;16;621
17420;2263;62;2325
17421;7180;117;7297
17422;72;0;72
17423;74;1;75
17424;382;3;385
17425;2405;45;2450
17426;252;4;256
17427;216;5;221
17428;493;10;503
17429;3047;30;3077
17430;401;7;408
17431;708;6;714
17432;365;6;371
17433;213;7;220
17434;6786;170;6956
17435;176;1;177
17436;756;23;779
17437;98;1;99
17438;303;7;310
17439;784;14;798
17440;374;8;382
17441;1125;24;1149
17442;382;3;385
17443;1723;44;1767
17444;1675;257;1932
17445;330;8;338
17446;464;6;470
17447;1987;31;2018
17448;1170;14;1184
17449;8097;139;8236
17450;230;3;233
17451;550;10;560
17452;4322;63;4385
17453;1470;33;1503
17454;375;6;381
17455;670;11;681
17457;1191;18;1209
17458;170;0;170
17459;561;10;571
17460;833;17;850
17461;3926;81;4007
17462;766;15;781
17463;1258;22;1280
17464;151;6;157
17465;590;8;598
17466;2296;32;2328
17467;235;2;237
17468;150;3;153
17469;575;12;587
17470;232;9;241
17471;210;3;213
17472;2278;17;2295
17473;117;0;117
17474;739;15;754
17476;272;3;275
17477;110;1;111
17478;58;1;59
17479;294;4;298
17480;766;10;776
17481;164;3;167
17482;644;11;655
17483;1490;26;1516
17484;1768;15;1783
17485;1070;13;1083
17486;684;6;690
18001;380;8;388
18002;191;4;195
18003;1889;28;1917
18004;1070;19;1089
18005;1068;21;1089
18006;237;2;239
18007;70;3;73
18008;500;10;510
18009;283;11;294
18010;199;7;206
18011;2063;40;2103
18012;440;5;445
18013;304;5;309
18014;148;7;155
18015;5502;128;5630
18016;400;3;403
18017;288;3;291
18018;2740;36;2776
18019;445;7;452
18020;858;13;871
18021;273;4;277
18022;345;8;353
18023;1665;54;1719
18024;99;3;102
18025;617;12;629
18026;1010;27;1037
18027;657;67;724
18028;1183;37;1220
18029;301;4;305
18030;1018;22;1040
18031;568;5;573
18032;1396;36;1432
18033;64541;2065;66606
18034;309;9;318
18035;1043;24;1067
18036;523;7;530
18037;974;14;988
18038;567;4;571
18039;318;8;326
18040;362;3;365
18041;192;2;194
18042;353;2;355
18043;195;0;195
18044;416;4;420
18045;418;8;426
18046;169;3;172
18047;613;8;621
18048;381;5;386
18049;468;8;476
18050;3663;77;3740
18051;136;3;139
18052;1023;21;1044
18053;293;8;301
18054;246;3;249
18055;941;22;963
18056;239;5;244
18057;1751;20;1771
18058;1457;19;1476
18059;943;12;955
18060;50;2;52
18061;90;0;90
18062;268;2;270
18063;162;6;168
18064;216;7;223
18065;823;12;835
18066;906;15;921
18067;710;9;719
18068;34;2;36
18069;417;15;432
18070;202;2;204
18071;33;0;33
18072;266;4;270
18073;203;8;211
18074;200;4;204
18075;1013;26;1039
18076;442;8;450
18077;363;9;372
18078;59;1;60
18079;454;6;460
18080;152;2;154
18081;401;3;404
18082;1032;30;1062
18083;750;7;757
18084;203;4;207
18085;240;6;246
18086;549;17;566
18087;3655;76;3731
18088;212;7;219
18089;434;10;444
18090;427;10;437
18091;249;6;255
18092;999;24;1023
18093;139;3;142
18094;337;8;345
18095;180;4;184
18096;2099;25;2124
18097;1964;32;1996
18098;129;4;133
18099;223;3;226
18100;676;16;692
18101;296;10;306
18102;301;2;303
18103;1432;14;1446
18104;133;2;135
18105;458;17;475
18106;266;3;269
18107;124;8;132
18108;3177;35;3212
18109;1729;21;1750
18110;967;24;991
18111;182;1;183
18112;286;1;287
18113;181;3;184
18114;226;4;230
18115;790;8;798
18116;277;2;279
18117;503;5;508
18118;1322;35;1357
18119;203;5;208
18120;593;13;606
18121;92;2;94
18122;215;2;217
18124;312;3;315
18125;1082;23;1105
18126;1379;42;1421
18127;1358;27;1385
18128;165;0;165
18129;229;6;235
18130;299;6;305
18131;34;0;34
18132;137;1;138
18133;1585;15;1600
18134;659;16;675
18135;240;5;245
18136;296;5;301
18137;505;10;515
18138;1922;57;1979
18139;655;9;664
18140;1365;24;1389
18141;6555;128;6683
18142;686;17;703
18143;379;7;386
18144;467;10;477
18145;1612;40;1652
18146;316;13;329
18147;204;3;207
18148;2606;62;2668
18149;575;13;588
18150;694;15;709
18151;352;12;364
18152;109;2;111
18153;332;3;335
18154;175;4;179
18155;430;9;439
18156;436;9;445
18157;763;24;787
18158;847;19;866
18159;820;29;849
18160;1466;30;1496
18161;219;2;221
18162;255;1;256
18163;271;5;276
18164;132;3;135
18165;1108;30;1138
18166;574;10;584
18167;300;2;302
18168;217;2;219
18169;213;7;220
18170;668;14;682
18171;252;4;256
18172;1798;44;1842
18173;246;2;248
18174;263;3;266
18175;614;3;617
18176;405;5;410
18177;57;0;57
18178;198;3;201
18179;1005;20;1025
18180;2069;68;2137
18181;539;8;547
18182;218;5;223
18183;148;3;151
18184;348;1;349
18185;234;1;235
18186;422;8;430
18187;512;9;521
18188;249;5;254
18189;479;4;483
18190;859;18;877
18191;179;2;181
18192;237;3;240
18193;204;5;209
18194;971;19;990
18195;191;5;196
18196;82;2;84
18197;9488;282;9770
18198;371;16;387
18199;252;4;256
18200;311;15;326
18201;771;15;786
18202;13;0;13
18203;97;1;98
18204;290;8;298
18205;9607;239;9846
18206;1549;53;1602
18207;6442;101;6543
18208;411;7;418
18209;447;15;462
18210;607;10;617
18211;681;12;693
18212;637;15;652
18213;5041;116;5157
18214;594;2;596
18215;154;2;156
18216;486;13;499
18217;147;4;151
18218;657;5;662
18219;508;11;519
18220;349;4;353
18221;299;2;301
18223;2447;39;2486
18224;297;9;306
18225;277;9;286
18226;451;15;466
18227;172;3;175
18228;218;3;221
18229;611;19;630
18230;283;11;294
18231;742;18;760
18232;241;3;244
18233;1400;48;1448
18234;426;8;434
18235;1126;18;1144
18236;133;2;135
18237;478;4;482
18238;128;3;131
18240;644;7;651
18241;1349;30;1379
18242;2984;33;3017
18243;400;8;408
18244;79;0;79
18245;487;9;496
18246;1107;22;1129
18247;725;15;740
18248;468;6;474
18249;402;14;416
18250;68;2;70
18251;58;2;60
18252;295;5;300
18253;476;13;489
18254;602;16;618
18255;1012;204;1216
18256;337;7;344
18257;680;14;694
18258;695;16;711
18259;278;3;281
18260;88;2;90
18261;410;7;417
18262;327;8;335
18263;663;3;666
18264;79;2;81
18265;793;13;806
18266;239;6;245
18267;3953;116;4069
18268;404;10;414
18269;652;13;665
18270;717;20;737
18271;1501;34;1535
18272;632;22;654
18273;817;16;833
18274;306;3;309
18275;142;7;149
18276;189;1;190
18277;35;0;35
18278;554;10;564
18279;25464;522;25986
18280;717;21;738
18281;2126;38;2164
18282;581;12;593
18283;84;0;84
18284;214;4;218
18285;420;6;426
18286;464;9;473
18287;292;9;301
18288;243;7;250
18289;591;17;608
18290;587;10;597
19001;359;14;373
19002;396;8;404
19003;239;9;248
19004;737;10;747
19005;3968;102;4070
19006;104;0;104
19007;840;24;864
19008;208;4;212
19009;122;2;124
19010;2896;112;3008
19011;1136;12;1148
19012;219;5;224
19013;887;21;908
19014;225;5;230
19015;701;7;708
19016;304;9;313
19017;87;1;88
19018;158;4;162
19019;1284;20;1304
19020;110;8;118
19021;91;3;94
19022;223;5;228
19023;1250;20;1270
19024;598;23;621
19025;359;4;363
19026;250;4;254
19027;115;0;115
19028;2648;100;2748
19029;279;5;284
19030;962;17;979
19031;46330;1285;47615
19033;793;12;805
19034;220;11;231
19035;547;19;566
19036;1388;15;1403
19037;1182;28;1210
19038;1521;54;1575
19039;227;7;234
19040;155;5;160
19041;436;18;454
19042;625;13;638
19043;442;9;451
19044;279;10;289
19045;197;6;203
19046;113;1;114
19047;364;6;370
19048;356;12;368
19049;743;20;763
19050;411;10;421
19051;163;4;167
19052;50;1;51
19053;258;4;262
19054;209;4;213
19055;292;12;304
19056;405;12;417
19057;483;19;502
19058;341;16;357
19059;392;9;401
19060;688;12;700
19061;1308;12;1320
19062;1140;48;1188
19063;2974;79;3053
19064;72;2;74
19065;71;0;71
19066;1736;36;1772
19067;208;9;217
19068;710;6;716
19069;140;3;143
19070;336;12;348
19071;200;3;203
19072;2678;72;2750
19073;4295;731;5026
19074;54;0;54
19075;381;14;395
19076;420;9;429
19077;130;2;132
19078;419;8;427
19079;493;10;503
19080;688;12;700
19081;506;15;521
19082;1097;22;1119
19083;134;2;136
19084;265;12;277
19085;789;16;805
19086;333;6;339
19087;94;3;97
19088;52;1;53
19089;187;3;190
19090;94;7;101
19091;317;13;330
19092;77;1;78
19093;964;34;998
19094;1114;26;1140
19095;136;1;137
19096;408;11;419
19097;134;1;135
19098;971;21;992
19099;220;10;230
19100;1097;23;1120
19101;1542;47;1589
19102;297;2;299
19103;67;2;69
19104;115;1;116
19105;487;14;501
19106;373;2;375
19107;1617;45;1662
19108;60;2;62
19109;222;7;229
19110;132;0;132
19111;99;0;99
19112;109;0;109
19113;644;38;682
19114;164;10;174
19115;301;8;309
19116;253;5;258
19117;698;21;719
19118;810;10;820
19119;147;1;148
19120;239;1;240
19121;2236;43;2279
19122;192;10;202
19123;7984;165;8149
19124;1449;22;1471
19125;784;17;801
19126;172;0;172
19128;307;6;313
19129;664;8;672
19130;442;10;452
19131;538;23;561
19132;130;1;131
19133;242;1;243
19134;705;21;726
19135;348;6;354
19136;2308;202;2510
19137;63;0;63
19138;1264;52;1316
19139;76;1;77
19140;635;19;654
19141;284;6;290
19142;98;3;101
19143;597;14;611
19144;235;5;240
19145;445;77;522
19146;2336;213;2549
19147;635;14;649
19148;1659;252;1911
19149;200;4;204
19150;363;16;379
19151;935;18;953
19152;436;8;444
19153;3624;94;3718
19154;318;9;327
19155;264;5;269
19156;161;2;163
19157;222;2;224
19158;167;4;171
19159;89;1;90
19160;192;2;194
19161;464;6;470
19162;1219;17;1236
19163;292;7;299
19164;830;11;841
19165;122;3;125
19166;93;0;93
19167;43;0;43
19168;84;4;88
19169;290;4;294
19170;210;9;219
19171;188;3;191
19172;113;5;118
19173;305;11;316
19174;131;1;132
19175;94;0;94
19176;1086;34;1120
19177;176;4;180
19178;966;23;989
19179;200;6;206
19180;704;18;722
19181;420;7;427
19182;763;23;786
19184;128;4;132
19186;213;4;217
19187;402;5;407
19188;413;6;419
19189;43;1;44
19190;190;5;195
19191;646;12;658
19192;499;6;505
19193;174;5;179
19194;1322;36;1358
19195;379;6;385
19196;481;19;500
19198;104;0;104
19199;240;5;245
19200;89;8;97
19201;594;13;607
19202;2007;44;2051
19203;1779;92;1871
19204;274;3;277
19205;88;2;90
19206;88;2;90
19207;1129;32;1161
19208;185;3;188
19209;165;2;167
19210;66;0;66
19211;1004;20;1024
19212;104;6;110
19213;624;17;641
19214;452;3;455
19215;122;2;124
19216;247;3;250
19217;154;5;159
19219;55;1;56
19220;481;10;491
19221;87;2;89
19222;340;12;352
19223;268;2;270
19225;171;2;173
19226;129;3;132
19227;1319;35;1354
19228;67;1;68
19229;4751;92;4843
19230;399;8;407
19231;177;2;179
19232;77;2;79
19233;295;14;309
19234;480;6;486
19235;234;6;240
19236;482;10;492
19237;1056;22;1078
19238;222;8;230
19239;295;7;302
19240;290;14;304
19241;285;6;291
19242;458;17;475
19243;851;17;868
19244;85;1;86
19245;133;5;138
19246;1877;42;1919
19247;194;8;202
19248;701;13;714
19249;342;9;351
19250;670;6;676
19251;275;7;282
19252;845;16;861
19253;223;2;225
19254;193;1;194
19255;1778;37;1815
19256;346;6;352
19257;272;7;279
19258;608;10;618
19259;234;4;238
19260;217;7;224
19261;746;15;761
19262;155;16;171
19263;294;11;305
19264;506;4;510
19265;344;8;352
19266;98;4;102
19268;38;0;38
19269;1297;80;1377
19270;551;6;557
19271;241;3;244
19272;14812;663;15475
19273;811;20;831
19274;4215;115;4330
19275;9358;368;9726
19276;2794;59;2853
19277;143;5;148
19278;2457;43;2500
19279;387;10;397
19280;180;4;184
19281;72;7;79
19283;75;1;76
19284;87;3;90
19285;1255;29;1284
19286;535;9;544
19287;270;6;276
19288;1242;164;1406
19289;668;8;676
21001;462;52;514
21002;266;3;269
21003;1464;27;1491
21004;269;7;276
21005;1470;17;1487
21006;172;1;173
21007;226;30;256
21008;572;7;579
21009;175;1;176
21010;136;6;142
21011;82;0;82
21012;344;13;357
21013;450;7;457
21014;62;0;62
21015;92;0;92
21016;966;19;985
21017;507;18;525
21018;54;1;55
21020;224;8;232
21021;2629;49;2678
21022;536;13;549
21023;1384;31;1415
21024;111;0;111
21025;67;2;69
21026;189;9;198
21027;1312;26;1338
21028;781;10;791
21029;76;1;77
21030;88;3;91
21031;529;5;534
21032;167;5;172
21033;151;5;156
21034;131;2;133
21035;331;4;335
21036;78;3;81
21037;297;12;309
21038;7614;85;7699
21039;37;0;37
21040;95;5;100
21041;184;2;186
21042;161;4;165
21043;223;19;242
21044;99;1;100
21045;211;8;219
21046;70;2;72
21047;69;1;70
21048;651;10;661
21049;42;2;44
21050;207;6;213
21051;85;3;88
21052;25;4;29
21053;202;4;206
21054;20551;759;21310
21055;15;0;15
21056;875;10;885
21057;352;5;357
21058;248;5;253
21059;885;24;909
21060;1618;18;1636
21061;67;2;69
21062;220;9;229
21063;90;5;95
21064;112;0;112
21065;127;4;131
21066;53;1;54
21067;689;9;698
21068;104;7;111
21069;121;1;122
21070;139;4;143
21071;701;20;721
21072;193;4;197
21074;255;4;259
21075;68;1;69
21076;827;8;835
21077;127;2;129
21078;76;2;78
21079;130;0;130
21080;647;13;660
21081;128;1;129
21082;64;2;66
21083;124;1;125
21084;63;4;67
21085;140;3;143
21086;1239;29;1268
21087;811;11;822
21088;281;7;288
21089;437;6;443
21090;61;3;64
21091;44;0;44
21092;222;5;227
21093;152;4;156
21094;411;4;415
21095;47;1;48
21096;107;1;108
21097;38;2;40
21098;125;2;127
21099;311;6;317
21100;34;0;34
21101;166;4;170
21102;142;3;145
21103;2357;43;2400
21104;44;0;44
21105;1127;12;1139
21106;929;12;941
21107;904;24;928
21108;114;1;115
21109;223;7;230
21110;652;131;783
21111;317;3;320
21112;415;9;424
21113;198;1;199
21114;159;1;160
21115;369;7;376
21116;134;0;134
21117;48;2;50
21118;21;3;24
21119;43;0;43
21120;160;2;162
21121;78;1;79
21122;315;8;323
21123;32;5;37
21124;175;6;181
21125;222;8;230
21126;617;7;624
21127;524;8;532
21128;242;11;253
21129;22;0;22
21130;392;4;396
21131;464;63;527
21132;392;6;398
21133;293;7;300
21134;242;9;251
21135;311;8;319
21136;26;0;26
21137;99;1;100
21138;597;8;605
21139;224;5;229
21140;75;1;76
21141;35;1;36
21142;213;4;217
21143;63;3;66
21144;37;0;37
21145;37;1;38
21146;127;3;130
21147;35;1;36
21148;346;1;347
21149;140;4;144
21150;300;11;311
21151;87;5;92
21152;79;2;81
21153;155;6;161
21154;5347;350;5697
21155;41;6;47
21156;49;0;49
21157;16;0;16
21158;179;5;184
21159;99;4;103
21160;99;1;100
21161;79;5;84
21162;483;8;491
21163;192;5;197
21164;143;3;146
21165;74;4;78
21166;14025;191;14216
21167;123;4;127
21168;40;0;40
21169;161;4;165
21170;378;5;383
21171;11123;210;11333
21172;304;6;310
21173;639;15;654
21175;193;1;194
21176;123;2;125
21177;180;1;181
21178;306;10;316
21179;898;10;908
21180;153;4;157
21181;141;2;143
21182;95;1;96
21183;1055;13;1068
21184;70;0;70
21185;529;20;549
21186;616;17;633
21187;123;4;127
21189;436;9;445
21190;442;19;461
21191;811;24;835
21192;625;10;635
21193;366;16;382
21194;936;12;948
21195;219;4;223
21196;977;16;993
21197;32;0;32
21198;255;3;258
21199;160;2;162
21200;1110;25;1135
21201;247;5;252
21202;148;1;149
21203;122;2;124
21204;86;1;87
21205;240;6;246
21207;79;4;83
21208;166;4;170
21209;1912;41;1953
21210;526;5;531
21211;131;2;133
21212;322;4;326
21214;170;4;174
21215;185;0;185
21216;105;2;107
21217;133;4;137
21218;116;0;116
21219;141;0;141
21220;144;3;147
21221;40;2;42
21222;118;3;121
21223;1537;36;1573
21224;65;4;69
21225;131;2;133
21226;343;11;354
21227;505;7;512
21228;143;0;143
21229;91;2;93
21230;377;8;385
21231;158002;3378;161380
21232;203;5;208
21233;200;1;201
21234;61;3;64
21235;53;1;54
21236;253;6;259
21237;95;3;98
21238;132;2;134
21239;781;11;792
21240;313;2;315
21241;292;16;308
21242;298;4;302
21243;73;4;77
21244;67;0;67
21245;318;3;321
21246;182;3;185
21247;798;13;811
21248;61;1;62
21249;677;20;697
21250;86;2;88
21251;280;27;307
21252;79;4;83
21253;138;4;142
21254;208;10;218
21255;325;3;328
21256;314;7;321
21257;68;2;70
21258;225;3;228
21259;287;10;297
21260;152;4;156
21261;619;11;630
21262;30;0;30
21263;1660;41;1701
21264;43;0;43
21265;750;21;771
21266;192;1;193
21267;495;13;508
21268;190;3;193
21269;445;9;454
21270;206;7;213
21271;283;3;286
21272;267;4;271
21273;1402;18;1420
21274;165;3;168
21275;133;3;136
21276;118;4;122
21277;886;19;905
21278;8800;204;9004
21279;25;0;25
21280;133;6;139
21281;170;2;172
21282;101;2;103
21283;65;1;66
21284;292;4;296
21285;497;5;502
21286;88;1;89
21287;159;7;166
21288;162;1;163
21289;118;8;126
21290;901;13;914
21291;365;10;375
21292;5231;44;5275
21293;118;0;118
21294;433;5;438
21295;3048;41;3089
21296;177;1;178
21297;720;6;726
21298;108;3;111
21299;88;1;89
21300;354;9;363
21301;267;2;269
21302;124;2;126
21303;9;0;9
21304;255;9;264
21305;196;2;198
21306;210;3;213
21307;142;2;144
21308;203;12;215
21309;83;3;86
21310;113;2;115
21311;73;1;74
21312;26;3;29
21313;46;0;46
21314;79;2;81
21315;1227;16;1243
21316;327;5;332
21317;4405;57;4462
21319;894;13;907
21320;790;14;804
21321;77;2;79
21322;313;14;327
21323;138;4;142
21324;51;1;52
21325;183;2;185
21326;73;4;77
21327;255;4;259
21328;47;0;47
21329;42;2;44
21330;373;3;376
21331;330;4;334
21332;996;22;1018
21333;228;5;233
21334;512;12;524
21335;115;3;118
21336;673;13;686
21337;1350;13;1363
21338;163;3;166
21339;511;19;530
21340;250;5;255
21341;105;4;109
21342;437;9;446
21343;95;1;96
21344;216;5;221
21345;188;3;191
21346;299;3;302
21347;337;17;354
21348;102;1;103
21349;491;8;499
21350;54;1;55
21351;1164;120;1284
21352;1137;16;1153
21353;1237;27;1264
21354;53;0;53
21355;8545;127;8672
21356;1596;36;1632
21357;113;3;116
21358;183;4;187
21359;58;3;61
21360;116;3;119
21361;516;12;528
21362;132;3;135
21363;318;6;324
21364;83;3;86
21365;79;0;79
21366;214;3;217
21367;260;2;262
21368;244;13;257
21369;316;4;320
21370;902;18;920
21371;808;19;827
21372;83;5;88
21373;783;15;798
21374;191;6;197
21375;187;5;192
21376;104;1;105
21377;47;0;47
21378;93;2;95
21379;160;1;161
21380;56;2;58
21381;92;4;96
21382;192;3;195
21383;1688;21;1709
21384;56;5;61
21385;325;8;333
21386;323;12;335
21387;220;5;225
21388;596;11;607
21389;207;1;208
21390;5311;76;5387
21391;843;10;853
21392;60;1;61
21393;153;8;161
21394;158;4;162
21395;91;1;92
21396;69;2;71
21397;179;3;182
21398;361;8;369
21399;213;2;215
21400;48;0;48
21401;320;5;325
21402;9;0;9
21403;86;1;87
21404;420;16;436
21405;807;22;829
21406;248;2;250
21407;236;11;247
21408;1690;29;1719
21409;462;13;475
21410;30;2;32
21411;567;18;585
21412;1408;45;1453
21413;397;15;412
21414;315;9;324
21415;178;5;183
21416;2008;37;2045
21417;108;0;108
21418;59;4;63
21419;264;5;269
21420;161;3;164
21421;233;3;236
21422;130;4;134
21423;747;23;770
21424;111;2;113
21425;4848;132;4980
21426;206;3;209
21427;188;5;193
21428;166;4;170
21429;296;6;302
21430;85;5;90
21431;147;5;152
21432;253;4;257
21433;386;7;393
21434;192;1;193
21435;301;6;307
21436;156;3;159
21437;243;5;248
21438;74;3;77
21439;88;0;88
21440;194;5;199
21441;239;7;246
21442;664;11;675
21444;69;0;69
21445;144;2;146
21446;261;5;266
21447;81;0;81
21448;87;1;88
21449;182;3;185
21450;166;5;171
21451;76;3;79
21452;3036;34;3070
21454;111;0;111
21455;199;8;207
21456;153;8;161
21457;73;5;78
21458;1153;16;1169
21459;233;5;238
21460;65;1;66
21461;1435;22;1457
21462;948;18;966
21463;56;1;57
21464;5362;91;5453
21465;77;1;78
21466;40;4;44
21467;128;4;132
21468;88;1;89
21469;459;13;472
21470;51;3;54
21471;15;0;15
21472;170;1;171
21473;1604;11;1615
21474;415;11;426
21475;506;10;516
21476;163;5;168
21477;83;2;85
21478;285;5;290
21479;90;1;91
21480;236;9;245
21481;2138;33;2171
21482;635;15;650
21483;294;5;299
21484;65;5;70
21485;2542;46;2588
21487;411;3;414
21488;192;2;194
21489;55;4;59
21490;157;7;164
21491;69;1;70
21492;454;12;466
21493;571;7;578
21494;83;0;83
21495;155;1;156
21496;1301;20;1321
21497;173;15;188
21498;49;2;51
21499;203;4;207
21500;551;9;560
21501;1537;119;1656
21502;602;7;609
21503;132;4;136
21504;91;3;94
21505;710;10;720
21506;373;5;378
21508;446;8;454
21510;155;1;156
21511;128;4;132
21512;383;10;393
21514;102;3;105
21515;9099;381;9480
21516;77;4;81
21517;507;12;519
21518;204;2;206
21519;351;8;359
21520;151;0;151
21521;892;11;903
21522;447;5;452
21523;150;2;152
21524;92;0;92
21525;889;14;903
21526;41;0;41
21527;285;9;294
21528;141;2;143
21529;49;1;50
21530;149;1;150
21531;484;5;489
21532;1155;11;1166
21533;87;3;90
21534;731;42;773
21535;1328;10;1338
21536;291;11;302
21537;115;2;117
21538;118;4;122
21539;56;1;57
21540;7546;101;7647
21541;221;8;229
21542;450;0;450
21543;193;8;201
21544;58;6;64
21545;929;15;944
21546;207;4;211
21547;199;3;202
21548;182;3;185
21549;82;4;86
21550;131;5;136
21552;36;1;37
21553;109;3;112
21554;1063;7;1070
21555;1500;21;1521
21556;243;3;246
21557;109;3;112
21558;900;31;931
21559;692;11;703
21560;300;2;302
21561;453;1;454
21562;198;6;204
21563;121;2;123
21564;407;9;416
21565;508;8;516
21566;142;3;145
21567;215;5;220
21568;691;11;702
21569;220;6;226
21570;169;16;185
21571;238;2;240
21572;399;5;404
21573;372;3;375
21574;386;9;395
21575;344;4;348
21576;161;4;165
21577;1344;25;1369
21578;322;4;326
21579;208;6;214
21580;135;2;137
21581;145;2;147
21582;908;12;920
21583;55;2;57
21584;2372;109;2481
21585;969;14;983
21586;718;10;728
21587;246;4;250
21588;68;1;69
21589;102;1;103
21590;1288;41;1329
21591;861;14;875
21592;228;11;239
21593;79;1;80
21594;193;3;196
21595;163;4;167
21596;385;6;391
21597;53;1;54
21598;174;2;176
21599;2407;34;2441
21600;124;4;128
21601;96;4;100
21602;26;0;26
21603;4120;353;4473
21604;140;4;144
21605;1966;52;2018
21606;1809;46;1855
21607;2310;22;2332
21608;98;4;102
21609;497;7;504
21610;362;7;369
21611;915;13;928
21612;87;1;88
21613;157;8;165
21614;399;4;403
21615;241;8;249
21616;190;7;197
21617;11713;226;11939
21618;579;8;587
21619;218;6;224
21620;159;5;164
21622;255;4;259
21623;1578;34;1612
21624;141;1;142
21625;81;3;84
21626;60;2;62
21627;95;9;104
21628;65;0;65
21629;305;5;310
21630;213;8;221
21631;54;0;54
21632;1040;31;1071
21633;188;1;189
21634;137;0;137
21635;104;6;110
21636;254;8;262
21637;213;3;216
21638;1138;7;1145
21639;746;14;760
21640;215;5;220
21641;457;12;469
21642;423;8;431
21643;445;8;453
21644;170;4;174
21645;598;16;614
21646;123;3;126
21647;119;1;120
21648;175;1;176
21649;53;0;53
21650;149;4;153
21651;202;4;206
21652;297;7;304
21653;51;2;53
21655;232;10;242
21656;697;11;708
21657;1944;49;1993
21659;168;10;178
21660;49;1;50
21661;1744;26;1770
21662;33;0;33
21663;2846;37;2883
21664;82;4;86
21665;170;0;170
21666;94;3;97
21667;399;7;406
21669;81;0;81
21670;281;4;285
21671;52;1;53
21672;28;1;29
21673;215;2;217
21674;201;3;204
21675;39;1;40
21676;215;5;220
21677;116;1;117
21678;185;3;188
21679;129;2;131
21680;504;7;511
21681;86;1;87
21682;269;1;270
21683;356;3;359
21684;951;49;1000
21685;252;6;258
21686;144;2;146
21687;139;5;144
21688;113;4;117
21689;168;7;175
21690;92;2;94
21691;396;7;403
21692;252;4;256
21693;69;1;70
21694;26;0;26
21695;60;1;61
21696;96;2;98
21698;385;9;394
21699;1167;13;1180
21700;86;3;89
21701;126;5;131
21702;266;7;273
21703;48;0;48
21704;100;0;100
21705;77;1;78
21706;104;1;105
21707;217;4;221
21708;331;12;343
21709;178;2;180
21710;1064;18;1082
21711;102;4;106
21712;233;15;248
21713;342;5;347
21714;339;9;348
21715;192;1;193
21716;171;5;176
21717;276;11;287
22001;599;18;617
22002;1144;36;1180
22003;928;77;1005
22004;4809;92;4901
22005;1026;16;1042
22006;268;9;277
22008;1125;40;1165
22009;160;1;161
22011;1062;27;1089
22012;881;17;898
22013;2122;44;2166
22014;1165;29;1194
22015;1680;30;1710
22016;352;6;358
22018;295;5;300
22019;488;13;501
22020;2902;68;2970
22021;1176;25;1201
22023;421;1;422
22024;227;1;228
22025;2229;33;2262
22026;744;8;752
22027;417;12;429
22028;841;25;866
22029;348;13;361
22030;889;21;910
22031;653;9;662
22032;2495;144;2639
22033;359;11;370
22034;1532;58;1590
22035;1036;15;1051
22036;210;4;214
22037;386;4;390
22039;554;27;581
22040;582;9;591
22041;263;3;266
22042;495;15;510
22043;211;5;216
22044;1781;50;1831
22045;345;7;352
22046;6396;115;6511
22047;934;18;952
22048;2197;47;2244
22049;1629;44;1673
22050;14407;587;14994
22052;370;7;377
22053;682;13;695
22054;3922;92;4014
22055;6934;215;7149
22056;1757;26;1783
22057;399;12;411
22059;1412;40;1452
22060;605;19;624
22061;1363;40;1403
22062;544;10;554
22063;555;9;564
22064;948;30;978
22065;1729;36;1765
22067;2545;59;2604
22068;430;8;438
22069;217;5;222
22070;7069;553;7622
22071;714;9;723
22072;407;9;416
22073;375;16;391
22074;644;17;661
22075;720;7;727
22076;1325;36;1361
22077;1195;15;1210
22079;2268;36;2304
22081;4183;97;4280
22082;906;32;938
22083;679;12;691
22084;2520;51;2571
22085;289;8;297
22086;658;12;670
22087;653;25;678
22088;253;3;256
22090;1067;20;1087
22091;442;9;451
22092;269;3;272
22093;16688;470;17158
22094;1558;63;1621
22095;180;10;190
22096;459;3;462
22097;726;18;744
22098;1425;34;1459
22099;1098;17;1115
22101;1133;25;1158
22103;958;39;997
22104;526;28;554
22105;1146;23;1169
22106;7801;263;8064
22107;1256;39;1295
22108;122;2;124
22109;210;5;215
22110;601;12;613
22111;404;7;411
22112;437;5;442
22113;20210;936;21146
22114;847;17;864
22115;441;16;457
22116;1351;23;1374
22117;1716;33;1749
22118;4195;96;4291
22119;591;10;601
22121;1780;29;1809
22122;735;12;747
22124;218;8;226
22126;158;1;159
22127;1480;38;1518
22128;410;15;425
22129;67;3;70
22131;813;13;826
22132;252;4;256
22133;626;15;641
22134;3077;117;3194
22135;2329;45;2374
22136;9605;384;9989
22137;1469;30;1499
22138;360;5;365
22139;89;1;90
22140;598;16;614
22141;237;6;243
22143;1697;23;1720
22144;1326;34;1360
22145;836;11;847
22146;391;17;408
22147;2937;230;3167
22148;234;4;238
22149;431;17;448
22150;947;27;974
22152;1262;41;1303
22153;790;17;807
22155;2141;32;2173
22156;649;15;664
22157;670;17;687
22158;2439;64;2503
22160;946;18;964
22161;2748;107;2855
22162;7179;335;7514
22163;691;20;711
22164;1839;26;1865
22165;607;19;626
22166;2494;63;2557
22168;7089;196;7285
22169;173;4;177
22170;1633;34;1667
22171;4441;91;4532
22172;2981;54;3035
22174;869;5;874
22175;1464;20;1484
22176;6839;111;6950
22177;1353;29;1382
22178;1325;34;1359
22179;1602;27;1629
22180;1901;31;1932
22181;629;27;656
22182;3242;75;3317
22183;3697;126;3823
22184;1587;30;1617
22185;2429;73;2502
22186;4083;129;4212
22187;14309;487;14796
22188;1090;10;1100
22189;580;10;590
22190;3775;76;3851
22193;1617;25;1642
22194;3620;98;3718
22195;2298;42;2340
22196;936;21;957
22197;2968;80;3048
22198;3857;165;4022
22199;1197;19;1216
22200;593;11;604
22201;754;13;767
22202;754;15;769
22203;4103;77;4180
22204;1232;20;1252
22205;417;3;420
22206;3916;55;3971
22207;2176;45;2221
22208;1711;33;1744
22209;3757;63;3820
22210;3039;125;3164
22211;3687;117;3804
22212;1140;33;1173
22213;3551;108;3659
22214;3140;56;3196
22215;11383;356;11739
22216;731;12;743
22217;408;14;422
22218;1166;36;1202
22219;2448;59;2507
22220;1643;53;1696
22221;1733;37;1770
22222;4541;88;4629
22223;1989;268;2257
22224;1579;57;1636
22225;5409;113;5522
22226;2464;57;2521
22227;776;11;787
22228;1462;29;1491
22229;1071;25;1096
22231;317;4;321
22232;1991;39;2030
22233;2263;55;2318
22234;1160;22;1182
22235;237;4;241
22236;715;7;722
22237;2188;65;2253
22238;531;12;543
22239;1333;37;1370
22240;1077;15;1092
22241;1024;30;1054
22242;1559;23;1582
22243;539;17;556
22244;484;18;502
22245;966;14;980
22246;2103;32;2135
22248;1807;37;1844
22249;611;10;621
22250;1009;25;1034
22251;7300;208;7508
22254;1117;22;1139
22255;879;21;900
22256;1078;26;1104
22257;381;8;389
22258;3856;225;4081
22259;3976;111;4087
22260;556;7;563
22261;362;11;373
22262;2867;200;3067
22263;333;3;336
22264;2713;576;3289
22265;1763;56;1819
22266;3056;324;3380
22267;392;3;395
22268;600;10;610
22269;250;6;256
22271;353;7;360
22272;2289;53;2342
22273;2176;32;2208
22274;372;6;378
22275;1238;25;1263
22276;269;0;269
22277;2309;49;2358
22278;43605;1494;45099
22279;1119;37;1156
22280;1051;36;1087
22281;1519;25;1544
22282;3308;77;3385
22283;877;26;903
22284;290;9;299
22285;258;8;266
22286;474;14;488
22287;1453;36;1489
22288;351;6;357
22289;213;1;214
22291;251;8;259
22293;408;13;421
22294;305;6;311
22295;358;8;366
22296;646;11;657
22299;1512;43;1555
22300;392;9;401
22302;911;19;930
22304;650;9;659
22305;495;5;500
22306;555;14;569
22307;2029;50;2079
22308;646;18;664
22309;195;4;199
22310;468;15;483
22311;874;35;909
22312;226;8;234
22313;306;11;317
22314;403;7;410
22315;284;11;295
22316;469;11;480
22317;265;2;267
22318;307;8;315
22319;456;13;469
22320;168;3;171
22321;1594;45;1639
22322;387;8;395
22323;815;13;828
22324;1290;55;1345
22325;3121;222;3343
22326;546;5;551
22327;1637;27;1664
22328;408;6;414
22330;395;12;407
22331;185;2;187
22332;521;9;530
22333;761;29;790
22334;127;7;134
22335;236;0;236
22337;1107;25;1132
22338;760;26;786
22339;2524;76;2600
22340;1196;27;1223
22341;692;10;702
22342;427;9;436
22343;3641;126;3767
22344;748;16;764
22345;784;15;799
22346;900;24;924
22347;1060;19;1079
22348;495;9;504
22349;1449;39;1488
22350;195;3;198
22351;544;13;557
22352;274;2;276
22353;2535;74;2609
22354;1074;23;1097
22356;943;24;967
22358;578;7;585
22359;416;6;422
22360;8459;166;8625
22361;627;12;639
22362;2416;267;2683
22363;1243;32;1275
22364;2862;82;2944
22365;187;14;201
22366;405;5;410
22368;711;28;739
22369;783;17;800
22370;348;8;356
22371;1142;20;1162
22372;2148;36;2184
22373;102;4;106
22375;695;11;706
22376;1692;31;1723
22377;797;21;818
22378;216;7;223
22379;1483;41;1524
22380;685;14;699
22381;351;8;359
22383;224;6;230
22384;1053;25;1078
22385;1092;24;1116
22386;776;20;796
22387;1285;30;1315
22388;1239;21;1260
22389;4990;104;5094
22390;777;18;795
22391;1129;16;1145
23001;1410;230;1640
23002;1075;15;1090
23003;139;0;139
23004;555;9;564
23005;198;4;202
23006;212;2;214
23007;236;10;246
23008;3248;183;3431
23009;93;0;93
23010;118;2;120
23011;160;4;164
23012;109;2;111
23013;1208;25;1233
23014;121;3;124
23015;813;16;829
23016;182;2;184
23017;164;2;166
23018;247;11;258
23019;25;0;25
23020;410;7;417
23021;765;11;776
23022;373;7;380
23023;105;1;106
23024;532;12;544
23025;1342;24;1366
23026;351;10;361
23027;235;7;242
23028;107;2;109
23029;219;2;221
23030;2478;213;2691
23031;1249;18;1267
23032;695;11;706
23033;445;8;453
23034;28;0;28
23035;707;10;717
23036;1030;14;1044
23037;79;3;82
23038;253;3;256
23039;541;24;565
23040;154;1;155
23041;243;4;247
23042;125;1;126
23043;96;0;96
23044;80;1;81
23045;868;12;880
23046;81;4;85
23047;241;3;244
23048;471;10;481
23049;249;6;255
23050;128;1;129
23051;78;1;79
23052;431;10;441
23053;205;2;207
23054;230;9;239
23055;30;0;30
23056;294;6;300
23057;551;12;563
23058;105;2;107
23059;101;6;107
23060;143;3;146
23061;755;12;767
23062;559;9;568
23063;155;1;156
23064;650;3;653
23065;274;9;283
23066;194;11;205
23067;788;9;797
23068;528;7;535
23069;412;6;418
23070;439;14;453
23071;191;6;197
23072;231;3;234
23073;425;5;430
23074;186;5;191
23075;1094;24;1118
23076;1328;32;1360
23077;439;11;450
23078;189;4;193
23079;1550;186;1736
23080;94;0;94
23081;300;4;304
23082;316;6;322
23083;247;1;248
23084;146;1;147
23086;244;3;247
23087;488;11;499
23088;121;0;121
23089;728;11;739
23090;378;6;384
23091;161;3;164
23092;680;12;692
23093;1567;22;1589
23095;1220;43;1263
23096;12734;637;13371
23097;298;3;301
23098;90;3;93
23099;318;5;323
23100;439;10;449
23101;387;13;400
23102;346;3;349
23103;323;14;337
23104;239;1;240
23105;635;2;637
23106;366;4;370
23107;129;5;134
23108;142;1;143
23109;211;5;216
23110;60;1;61
23111;251;1;252
23112;746;11;757
23113;299;6;305
23114;410;7;417
23115;247;2;249
23116;543;11;554
23117;302;7;309
23118;180;6;186
23119;43;0;43
23120;187;3;190
23122;70;4;74
23123;187;2;189
23124;652;17;669
23125;99;1;100
23127;198;6;204
23128;126;6;132
23129;65;1;66
23130;530;6;536
23131;693;13;706
23132;411;6;417
23133;345;12;357
23134;200;47;247
23136;277;9;286
23137;516;12;528
23138;169;1;170
23139;542;6;548
23140;419;9;428
23141;630;16;646
23142;287;3;290
23143;491;13;504
23144;240;3;243
23145;279;7;286
23146;241;7;248
23147;96;2;98
23148;245;2;247
23149;709;14;723
23150;156;2;158
23151;431;8;439
23152;70;0;70
23154;737;11;748
23155;364;6;370
23156;83;1;84
23157;96;0;96
23158;158;0;158
23159;150;3;153
23160;276;1;277
23162;369;3;372
23164;484;11;495
23165;577;5;582
23166;192;7;199
23167;334;8;342
23168;769;18;787
23169;632;13;645
23170;213;11;224
23171;116;1;117
23172;122;1;123
23173;139;3;142
23174;584;7;591
23175;114;1;115
23176;4982;231;5213
23177;1088;29;1117
23178;175;0;175
23179;279;4;283
23180;486;3;489
23181;158;2;160
23182;173;2;175
23183;77;2;79
23184;99;3;102
23185;284;3;287
23186;154;6;160
23187;195;2;197
23188;196;2;198
23189;1133;25;1158
23190;167;1;168
23191;195;7;202
23192;1466;21;1487
23193;2482;59;2541
23194;123;3;126
23195;1049;26;1075
23196;255;5;260
23197;369;2;371
23198;143;1;144
23199;386;8;394
23200;165;8;173
23201;212;5;217
23202;229;7;236
23203;219;7;226
23204;142;3;145
23205;143;1;144
23206;689;13;702
23207;195;3;198
23208;415;9;424
23209;184;1;185
23210;253;2;255
23211;426;9;435
23212;129;1;130
23213;181;2;183
23214;272;5;277
23215;139;4;143
23216;146;5;151
23217;343;5;348
23218;98;1;99
23219;1222;28;1250
23220;566;12;578
23221;193;5;198
23222;161;3;164
23223;215;0;215
23224;72;0;72
23225;104;1;105
23226;169;6;175
23227;201;8;209
23228;197;5;202
23229;284;2;286
23230;166;5;171
23232;209;1;210
23233;126;7;133
23234;155;1;156
23235;777;13;790
23236;257;8;265
23237;55;0;55
23238;385;7;392
23239;632;11;643
23240;405;5;410
23241;215;3;218
23242;226;3;229
23243;154;2;156
23244;587;14;601
23245;1935;57;1992
23246;350;9;359
23247;1738;114;1852
23248;359;8;367
23249;221;7;228
23250;289;3;292
23251;126;2;128
23252;156;3;159
23253;175;6;181
23254;254;2;256
23255;122;0;122
23257;715;18;733
23258;306;9;315
23259;120;1;121
23260;180;0;180
23261;288;5;293
23262;164;2;166
23263;374;5;379
23264;47;1;48
23265;54;0;54
23266;171;1;172
24001;622;7;629
24002;1772;23;1795
24004;296;3;299
24005;385;9;394
24006;196;10;206
24007;500;13;513
24008;588;10;598
24009;268;8;276
24010;1419;49;1468
24011;1297;19;1316
24012;380;9;389
24014;622;20;642
24015;268;4;272
24016;821;20;841
24018;399;10;409
24019;436;7;443
24020;894;20;914
24021;391;8;399
24022;210;5;215
24023;328;11;339
24024;48;0;48
24025;239;7;246
24026;4410;82;4492
24027;360;1;361
24028;1842;42;1884
24029;525;7;532
24030;684;16;700
24031;255;5;260
24032;371;10;381
24034;273;7;280
24035;1350;36;1386
24036;177;3;180
24037;26693;715;27408
24038;432;12;444
24039;161;4;165
24040;544;9;553
24042;670;7;677
24043;144;10;154
24045;246;4;250
24046;120;1;121
24048;322;7;329
24050;341;12;353
24051;213;6;219
24052;127;0;127
24053;10737;341;11078
24054;609;20;629
24055;765;16;781
24056;227;4;231
24057;67;0;67
24058;218;3;221
24059;349;6;355
24060;71;1;72
24061;124;6;130
24062;175;3;178
24063;150;3;153
24064;3670;56;3726
24066;213;5;218
24067;2588;42;2630
24068;1927;60;1987
24069;395;2;397
24070;506;9;515
24071;374;2;376
24073;378;12;390
24074;510;21;531
24075;319;8;327
24076;403;14;417
24077;394;8;402
24080;476;12;488
24081;634;10;644
24082;1529;28;1557
24083;185;4;189
24084;104;4;108
24085;154;1;155
24086;448;7;455
24087;815;19;834
24088;347;7;354
24089;450;13;463
24090;589;11;600
24091;1204;32;1236
24094;439;9;448
24095;405;9;414
24096;789;14;803
24097;354;10;364
24098;2965;90;3055
24100;453;3;456
24101;282;8;290
24102;4378;82;4460
24104;617;7;624
24105;135;1;136
24106;533;23;556
24107;395;6;401
24108;1074;16;1090
24109;104;2;106
24110;61;4;65
24111;72;1;73
24113;91;1;92
24114;68;2;70
24115;2148;31;2179
24116;187;1;188
24117;572;18;590
24119;250;4;254
24120;554;12;566
24121;59;2;61
24122;110;1;111
24123;119;1;120
24124;235;5;240
24126;266;12;278
24128;166;3;169
24129;478;8;486
24130;880;16;896
24131;71;0;71
24132;258;4;262
24133;1276;18;1294
24134;838;13;851
24135;683;12;695
24136;118;6;124
24137;726;77;803
24138;7387;296;7683
24139;2211;48;2259
24140;1563;34;1597
24141;182;1;183
24142;1219;42;1261
24143;725;8;733
24144;95;0;95
24145;1749;30;1779
24146;255;9;264
24147;1090;10;1100
24148;285;5;290
24150;529;19;548
24151;103;2;105
24152;909;22;931
24153;398;11;409
24154;354;10;364
24155;465;11;476
24156;1165;16;1181
24157;792;11;803
24158;399;4;403
24159;392;7;399
24160;563;2;565
24161;129;1;130
24162;408;9;417
24163;159;1;160
24164;1171;40;1211
24165;415;7;422
24167;2564;40;2604
24168;431;13;444
24171;557;8;565
24172;1097;16;1113
24174;138;1;139
24175;316;17;333
24176;36;0;36
24177;644;10;654
24179;770;28;798
24180;317;9;326
24182;1488;53;1541
24183;281;3;284
24184;147;2;149
24186;332;2;334
24188;537;13;550
24189;447;16;463
24190;263;8;271
24191;173;1;174
24192;91;3;94
24193;477;9;486
24194;1600;25;1625
24195;109;1;110
24196;490;4;494
24197;721;14;735
24199;370;7;377
24200;543;11;554
24202;146;4;150
24205;670;5;675
24206;109;4;113
24207;652;16;668
24208;242;4;246
24209;139;1;140
24210;859;20;879
24211;435;3;438
24212;740;10;750
24213;171;2;173
24214;835;10;845
24215;178;3;181
24216;153;3;156
24217;451;8;459
24218;1175;44;1219
24220;674;8;682
24221;158;3;161
24222;2653;96;2749
24223;2770;37;2807
24224;694;12;706
24225;2609;35;2644
24226;1377;21;1398
24227;981;24;1005
24228;496;13;509
24229;1688;38;1726
24230;148;1;149
24231;94;1;95
24232;70;2;72
24234;370;2;372
24236;994;15;1009
24237;1208;24;1232
24238;137;5;142
24240;334;7;341
24241;443;10;453
24242;256;1;257
24243;836;11;847
24244;193;2;195
24245;261;3;264
24246;411;5;416
24247;167;3;170
24248;283;7;290
24251;568;9;577
24252;815;20;835
24253;2280;47;2327
24254;186;1;187
24255;584;9;593
24256;3142;75;3217
24257;233;5;238
24259;1572;31;1603
24260;868;9;877
24261;289;10;299
24262;346;7;353
24263;303;13;316
24264;1850;15;1865
24266;1524;27;1551
24267;178;1;179
24268;660;13;673
24269;628;7;635
24271;492;13;505
24272;468;5;473
24273;335;10;345
24274;804;88;892
24276;404;4;408
24277;290;4;294
24278;83;1;84
24279;63;1;64
24280;459;8;467
24281;193;7;200
24282;145;7;152
24284;137;5;142
24285;410;13;423
24286;496;10;506
24287;125;2;127
24288;285;4;289
24289;1476;21;1497
24290;156;5;161
24291;2753;55;2808
24292;458;7;465
24293;300;4;304
24294;5704;69;5773
24295;1214;20;1234
24296;1139;15;1154
24297;942;13;955
24299;2762;50;2812
24300;369;10;379
24301;384;4;388
24302;308;2;310
24303;231;3;234
24304;974;23;997
24305;237;2;239
24306;126;4;130
24307;265;5;270
24308;797;10;807
24309;3611;67;3678
24311;3055;111;3166
24312;4604;101;4705
24313;53;0;53
24314;109;9;118
24316;789;16;805
24317;254;8;262
24318;312;8;320
24319;474;7;481
24320;974;17;991
24321;893;13;906
24322;29896;1580;31476
24323;183;5;188
24324;570;9;579
24325;206;4;210
24326;187;2;189
24327;127;3;130
24328;1179;20;1199
24329;1325;19;1344
24330;688;27;715
24331;721;23;744
24334;188;5;193
24335;2478;46;2524
24336;529;19;548
24337;147;2;149
24338;426;11;437
24339;148;0;148
24340;4143;80;4223
24341;1043;20;1063
24345;467;15;482
24346;377;9;386
24347;145;0;145
24348;305;1;306
24349;339;10;349
24350;2392;41;2433
24351;310;6;316
24352;3844;148;3992
24353;331;9;340
24354;3022;52;3074
24355;427;4;431
24356;1628;35;1663
24357;301;6;307
24359;122;0;122
24360;319;5;324
24361;445;8;453
24362;1588;26;1614
24364;567;20;587
24365;240;8;248
24366;856;20;876
24367;179;2;181
24370;1860;39;1899
24371;468;3;471
24372;5352;94;5446
24373;341;8;349
24374;353;4;357
24375;148;3;151
24376;1426;19;1445
24377;158;7;165
24378;81;1;82
24379;418;4;422
24380;484;2;486
24381;213;8;221
24382;526;9;535
24383;164;2;166
24384;37;1;38
24385;225;2;227
24386;215;10;225
24388;493;15;508
24390;342;9;351
24392;519;10;529
24393;88;0;88
24394;155;7;162
24395;368;6;374
24396;1548;34;1582
24397;236;7;243
24398;599;7;606
24399;105;4;109
24401;294;4;298
24403;65;0;65
24404;176;5;181
24405;327;9;336
24406;140;2;142
24407;240;7;247
24408;258;4;262
24409;1188;16;1204
24410;497;8;505
24411;162;2;164
24412;914;26;940
24413;269;0;269
24414;287;5;292
24415;251;2;253
24416;172;9;181
24417;471;8;479
24418;946;7;953
24419;864;19;883
24420;243;2;245
24421;197;6;203
24422;116;2;118
24423;310;3;313
24424;133;3;136
24425;364;6;370
24426;166;6;172
24428;601;38;639
24429;236;8;244
24432;637;17;654
24434;144;2;146
24436;1024;18;1042
24437;918;14;932
24438;236;9;245
24441;136;3;139
24442;2031;23;2054
24443;416;11;427
24444;304;7;311
24445;146;5;151
24446;50;3;53
24448;474;9;483
24449;941;7;948
24450;575;4;579
24451;796;18;814
24452;189;2;191
24453;362;6;368
24454;655;7;662
24455;734;10;744
24456;193;8;201
24457;138;1;139
24458;267;7;274
24459;284;9;293
24460;497;6;503
24461;822;17;839
24462;1706;24;1730
24463;547;15;562
24464;325;6;331
24465;236;6;242
24466;326;5;331
24468;305;6;311
24470;258;5;263
24471;625;12;637
24472;986;18;1004
24473;353;6;359
24474;168;1;169
24476;159;3;162
24477;193;5;198
24478;191;0;191
24479;1168;13;1181
24480;304;8;312
24481;519;0;519
24482;277;3;280
24483;140;7;147
24484;885;17;902
24485;420;2;422
24486;404;3;407
24487;1811;15;1826
24488;352;5;357
24489;380;5;385
24490;1115;14;1129
24491;579;9;588
24492;61;1;62
24493;93;2;95
24494;508;4;512
24495;113;3;116
24496;328;4;332
24498;827;22;849
24499;859;21;880
24500;149;7;156
24501;494;8;502
24502;90;0;90
24504;283;1;284
24505;352;3;355
24507;110;2;112
24508;210;5;215
24509;673;12;685
24510;361;12;373
24511;253;3;256
24512;287;10;297
24513;310;3;313
24514;245;2;247
24515;729;4;733
24516;1177;54;1231
24517;72;2;74
24518;280;4;284
24519;435;0;435
24520;8816;409;9225
24521;1027;19;1046
24522;368;11;379
24523;426;13;439
24524;179;5;184
24525;194;2;196
24526;713;9;722
24527;934;16;950
24528;127;2;129
24529;201;2;203
24531;212;3;215
24532;248;3;251
24533;80;4;84
24534;1202;240;1442
24535;254;3;257
24536;297;5;302
24537;249;4;253
24538;1059;11;1070
24540;1590;28;1618
24541;88;0;88
24542;80;3;83
24543;1107;14;1121
24544;386;10;396
24545;99;1;100
24546;38;0;38
24547;6266;106;6372
24548;274;5;279
24549;499;10;509
24550;1257;16;1273
24551;2871;185;3056
24552;250;4;254
24553;1742;37;1779
24554;574;13;587
24555;641;10;651
24557;7006;201;7207
24558;637;5;642
24559;332;10;342
24560;116;7;123
24562;270;11;281
24563;277;7;284
24564;690;106;796
24565;372;8;380
24566;472;4;476
24567;252;3;255
24568;1059;11;1070
24569;127;2;129
24570;42;1;43
24571;1693;14;1707
24572;191;5;196
24573;590;14;604
24574;343;8;351
24575;231;22;253
24576;242;10;252
24577;524;10;534
24580;265;2;267
24581;906;19;925
24582;454;9;463
24584;972;18;990
24585;676;12;688
24586;921;22;943
24587;817;21;838
25001;252;6;258
25002;305;5;310
25003;323;6;329
25004;1059;20;1079
25005;90;1;91
25006;88;2;90
25007;105;3;108
25008;467;4;471
25009;163;3;166
25011;740;16;756
25012;166;5;171
25013;260;3;263
25014;929;11;940
25015;704;21;725
25016;164;4;168
25017;92;3;95
25018;624;23;647
25019;381;11;392
25020;910;9;919
25021;1619;30;1649
25022;1468;39;1507
25024;900;30;930
25025;707;14;721
25026;214;5;219
25029;244;3;247
25030;430;11;441
25031;13341;208;13549
25032;425;10;435
25033;518;10;528
25035;2515;46;2561
25036;2227;31;2258
25038;161;4;165
25039;914;16;930
25040;810;14;824
25041;366;10;376
25042;228;8;236
25043;1951;53;2004
25044;59;0;59
25045;48;1;49
25046;74;2;76
25047;4989;162;5151
25048;3616;75;3691
25049;137;5;142
25050;500;5;505
25051;623;14;637
25052;67;0;67
25053;96;6;102
25054;524;13;537
25055;350;8;358
25056;117912;3232;121144
25057;5441;72;5513
25058;1345;11;1356
25059;270;5;275
25060;698;24;722
25061;116;1;117
25062;301;11;312
25063;1210;26;1236
25065;55;4;59
25066;84;1;85
25067;191;3;194
25070;373;15;388
25071;475;11;486
25072;21;1;22
25073;830;6;836
25074;978;21;999
25075;398;11;409
25077;72;0;72
25078;1064;24;1088
25079;438;11;449
25082;894;23;917
25083;191;1;192
25084;1166;17;1183
25085;388;8;396
25086;210;2;212
25087;179;3;182
25088;88;5;93
25089;94;2;96
25090;67;0;67
25091;471;8;479
25092;70;2;72
25093;76;0;76
25094;116;0;116
25095;278;3;281
25096;143;2;145
25097;478;12;490
25098;181;4;185
25099;225;6;231
25100;472;7;479
25101;571;12;583
25102;48;2;50
25103;636;14;650
25104;85;1;86
25105;588;6;594
25106;69;0;69
25107;192;0;192
25108;309;9;318
25109;326;10;336
25110;1020;19;1039
25111;362;12;374
25112;1312;26;1338
25113;142;3;145
25114;386;6;392
25115;279;3;282
25116;246;6;252
25117;91;0;91
25119;325;10;335
25120;398;10;408
25121;255;16;271
25122;525;7;532
25124;269;7;276
25125;324;5;329
25126;476;8;484
25127;2741;50;2791
25129;111;3;114
25130;11;0;11
25131;110;5;115
25132;138;4;142
25133;2023;56;2079
25134;8;0;8
25136;502;13;515
25138;125;5;130
25139;602;10;612
25141;122;6;128
25142;327;3;330
25143;207;11;218
25145;120;1;121
25147;2021;39;2060
25148;502;5;507
25149;506;11;517
25150;291;3;294
25151;133;5;138
25152;158;0;158
25153;132;1;133
25154;266;8;274
25155;299;13;312
25156;1169;22;1191
25157;1299;28;1327
25159;1220;24;1244
25160;750;27;777
25161;30;5;35
25162;208;6;214
25163;107;1;108
25164;144;2;146
25166;84;6;90
25170;1356;41;1397
25171;105;2;107
25172;232;3;235
25173;148;1;149
25174;244;3;247
25175;89;1;90
25176;315;5;320
25177;150;5;155
25178;124;3;127
25179;60;2;62
25180;115;6;121
25181;146;6;152
25182;92;0;92
25183;74;2;76
25184;281;12;293
25185;62;3;65
25186;1044;24;1068
25187;502;6;508
25188;750;26;776
25189;189;6;195
25190;1598;27;1625
25191;452;10;462
25192;170;4;174
25193;1856;46;1902
25194;112;0;112
25195;1522;290;1812
25196;1392;26;1418
25197;616;5;621
25198;726;21;747
25199;344;12;356
25200;1379;36;1415
25201;737;15;752
25202;314;5;319
25203;189;4;193
25204;3198;95;3293
25207;624;17;641
25208;178;4;182
25209;131;4;135
25210;159;4;163
25211;88;1;89
25212;2633;49;2682
25213;736;22;758
25214;491;10;501
25215;89;0;89
25216;265;10;275
25217;597;10;607
25218;160;7;167
25219;635;14;649
25220;594;15;609
25221;65;0;65
25222;1595;36;1631
25223;327;8;335
25224;835;13;848
25225;188;1;189
25226;218;4;222
25227;281;0;281
25228;3724;64;3788
25229;389;4;393
25230;3237;54;3291
25231;119;2;121
25232;100;2;102
25233;289;8;297
25234;175;7;182
25235;317;3;320
25236;288;3;291
25237;2172;34;2206
25238;157;2;159
25239;177;1;178
25240;3202;151;3353
25241;147;6;153
25242;119;0;119
25243;788;19;807
25244;84;3;87
25245;1251;22;1273
25246;280;10;290
25247;87;3;90
25248;549;112;661
25249;61;2;63
25251;174;8;182
25252;115;0;115
25253;393;4;397
25254;1405;31;1436
25255;349;13;362
25256;906;14;920
25257;268;4;272
25258;2295;39;2334
25259;1926;37;1963
25261;80;1;81
25262;466;24;490
25263;250;2;252
25264;84;2;86
25265;1317;20;1337
25266;116;3;119
25267;682;20;702
25268;115;2;117
25269;61;1;62
25270;121;6;127
25271;1691;38;1729
25273;207;4;211
25274;339;2;341
25275;201;4;205
25276;171;2;173
25277;73;0;73
25278;558;13;571
25279;119;1;120
25280;157;4;161
25281;282;0;282
25282;763;13;776
25283;64;1;65
25284;5786;73;5859
25285;1484;26;1510
25286;125;5;130
25287;1771;42;1813
25288;719;19;738
25289;73;3;76
25290;95;3;98
25293;1267;51;1318
25295;298;5;303
25296;788;28;816
25297;169;3;172
25298;242;8;250
25299;110;1;111
25300;297;5;302
25301;860;26;886
25303;226;6;232
25304;3662;62;3724
25305;593;17;610
25306;124;5;129
25307;913;11;924
25308;463;6;469
25309;1128;36;1164
25310;98;1;99
25311;207;4;211
25312;67;1;68
25313;195;3;198
25314;268;2;270
25315;2865;70;2935
25316;235;12;247
25317;265;5;270
25318;1801;33;1834
25320;1221;34;1255
25321;5188;116;5304
25322;406;10;416
25323;445;6;451
25324;162;8;170
25325;232;8;240
25326;529;13;542
25327;70;0;70
25328;786;11;797
25329;36;1;37
25330;181;3;184
25331;242;5;247
25332;575;10;585
25333;343;15;358
25334;2236;243;2479
25335;152;5;157
25336;543;5;548
25338;97;1;98
25339;223;2;225
25340;188;4;192
25341;178;6;184
25342;79;3;82
25343;165;3;168
25344;45;0;45
25345;670;14;684
25346;180;3;183
25347;823;21;844
25348;609;16;625
25349;564;15;579
25350;736;22;758
25351;234;1;235
25354;159;0;159
25355;62;0;62
25356;4266;103;4369
25357;852;8;860
25359;160;5;165
25360;171;4;175
25361;844;25;869
25362;284;12;296
25364;1795;18;1813
25365;305;5;310
25366;193;6;199
25367;4795;150;4945
25368;1479;21;1500
25369;162;3;165
25370;2152;37;2189
25371;211;7;218
25372;275;12;287
25373;46;2;48
25374;555;16;571
25375;442;10;452
25376;154;5;159
25377;231;6;237
25378;346;8;354
25379;71;4;75
25380;1339;36;1375
25381;2555;37;2592
25382;609;6;615
25383;276;6;282
25384;97;1;98
25385;128;3;131
25386;126;3;129
25387;385;9;394
25388;25806;559;26365
25389;113;4;117
25390;399;12;411
25391;179;6;185
25392;192;5;197
25393;549;7;556
25394;1472;43;1515
25395;1570;49;1619
25397;2180;42;2222
25398;115;4;119
25400;472;9;481
25401;26;0;26
25402;24;1;25
25403;2129;71;2200
25404;91;2;93
25405;899;41;940
25406;566;14;580
25408;56;1;57
25410;1342;62;1404
25411;6853;336;7189
25413;1047;36;1083
25414;123;2;125
25415;341;5;346
25416;183;4;187
25417;804;20;824
25418;1259;29;1288
25419;94;4;98
25420;166;4;170
25421;72;4;76
25422;178;4;182
25424;1544;32;1576
25425;455;16;471
25426;335;6;341
25427;394;5;399
25428;1619;38;1657
25429;1497;41;1538
25430;39;0;39
25431;339;13;352
25432;2149;58;2207
25433;41;1;42
25434;4423;104;4527
25435;163;4;167
25436;57;2;59
25437;345;3;348
25438;956;15;971
25439;254;2;256
25440;376;8;384
25441;65;1;66
25442;728;12;740
25443;78;1;79
25444;141;4;145
25445;124;2;126
25446;191;10;201
25447;344;5;349
25448;1526;29;1555
25449;138;1;139
25450;86;3;89
25451;142;3;145
25452;470;12;482
25453;1396;39;1435
25454;2127;42;2169
25455;198;4;202
25456;268;9;277
25457;109;0;109
25458;214;5;219
25459;314;10;324
25460;242;24;266
25461;304;2;306
25462;17542;898;18440
25463;4124;74;4198
25464;132;4;136
25465;203;3;206
25466;828;18;846
25467;1982;42;2024
25468;846;19;865
25469;458;12;470
25470;157;5;162
25471;138;3;141
25472;31;3;34
25473;731;21;752
25474;113;3;116
25475;1441;14;1455
25476;125;0;125
25477;396;6;402
25478;122;2;124
25479;401;4;405
25481;334;5;339
25482;667;3;670
25483;39;3;42
25485;233;4;237
25486;425;11;436
25487;46;3;49
25488;109;6;115
25489;284;27;311
25490;375;19;394
25491;116;3;119
25492;94;3;97
25493;920;26;946
25494;711;24;735
25495;2157;26;2183
25496;101;0;101
25497;617;14;631
25498;48;0;48
25499;124;2;126
25500;87;1;88
25501;37;1;38
25502;546;4;550
25503;116;4;120
25504;80;2;82
25505;1035;27;1062
25506;92;0;92
25507;75;2;77
25508;1130;23;1153
25510;361;9;370
25511;348;6;354
25512;2408;52;2460
25513;47;0;47
25514;341;17;358
25515;428;8;436
25516;124;6;130
25517;284;4;288
25518;157;9;166
25519;887;13;900
25520;176;3;179
25521;163;5;168
25522;187;3;190
25523;680;15;695
25524;903;26;929
25525;292;12;304
25526;1455;41;1496
25527;4922;73;4995
25528;74;0;74
25529;1308;27;1335
25532;3231;69;3300
25533;15;0;15
25534;193;4;197
25535;229;6;235
25536;187;2;189
25537;284;9;293
25538;116;4;120
25539;5726;143;5869
25540;307;6;313
25541;371;8;379
25542;1764;30;1794
25544;208;9;217
25545;144;2;146
25546;60;1;61
25547;3829;41;3870
25548;139;7;146
25549;632;7;639
25550;242;7;249
25551;131;1;132
25552;117;2;119
25553;399;9;408
25554;116;3;119
25555;1098;25;1123
25556;47;3;50
25557;425;8;433
25558;1528;24;1552
25559;257;6;263
25560;3020;42;3062
25561;348;9;357
25562;213;6;219
25563;122;2;124
25564;1019;16;1035
25565;275;13;288
25566;300;4;304
25567;117;3;120
25569;540;11;551
25570;26;1;27
25571;498;11;509
25572;105;5;110
25573;13;0;13
25574;175;1;176
25575;807;10;817
25578;5748;101;5849
25579;206;3;209
25580;11272;169;11441
25582;142;2;144
25583;251;5;256
25584;125;4;129
25586;815;31;846
25588;120;30;150
25589;84;1;85
25590;84;2;86
25591;157;0;157
25592;624;14;638
25594;352;4;356
25595;93;0;93
25596;71;1;72
25597;236;3;239
25598;522;7;529
25599;256;8;264
25600;205;4;209
25601;1664;83;1747
25602;115;5;120
25604;126;4;130
25605;471;11;482
25607;60;1;61
25608;175;2;177
25609;476;11;487
25611;478;7;485
25612;692;20;712
25613;94;2;96
25614;2793;54;2847
25615;441;6;447
25616;280;3;283
25617;353;6;359
25618;347;8;355
25619;202;3;205
25620;336;7;343
25621;227;36;263
25622;259;1;260
25623;126;1;127
25624;148;3;151
25625;52;1;53
25626;221;8;229
25627;304;5;309
25628;210;3;213
25629;204;6;210
25630;80;0;80
25631;601;11;612
25632;3148;85;3233
25633;735;13;748
25634;637;23;660
25635;188;3;191
26001;428;8;436
26002;1985;37;2022
26003;50;0;50
26004;2546;77;2623
26005;1791;50;1841
26006;2495;77;2572
26007;104;7;111
26008;1370;28;1398
26009;1337;35;1372
26010;4063;97;4160
26011;2580;42;2622
26012;21;3;24
26013;77;3;80
26014;594;8;602
26015;77;4;81
26016;418;16;434
26017;16;0;16
26018;12;1;13
26019;244;3;247
26020;242;6;248
26021;124;4;128
26022;88;3;91
26023;1105;19;1124
26024;354;10;364
26025;201;10;211
26026;66;0;66
26027;139;2;141
26028;235;13;248
26030;2;0;2
26031;1029;27;1056
26032;452;9;461
26033;926;17;943
26034;576;9;585
26035;477;8;485
26036;105;4;109
26037;3984;85;4069
26038;1324;33;1357
26039;874;13;887
26040;69;2;71
26041;1427;26;1453
26042;1599;26;1625
26043;144;5;149
26045;1654;47;1701
26046;68;3;71
26047;92;0;92
26048;72;1;73
26049;1250;37;1287
26050;86;2;88
26051;67;2;69
26052;481;12;493
26054;1544;22;1566
26055;153;2;155
26056;679;15;694
26057;9957;145;10102
26058;19792;566;20358
26059;212;3;215
26060;147;6;153
26061;595;10;605
26062;36;3;39
26063;2325;95;2420
26064;6814;179;6993
26065;751;8;759
26066;41;0;41
26067;58;1;59
26068;211;6;217
26069;129;3;132
26070;527;11;538
26071;1084;33;1117
26072;1292;20;1312
26073;242;3;245
26074;720;132;852
26075;28;1;29
26076;27;0;27
26077;887;22;909
26078;935;14;949
26079;1500;38;1538
26080;43;0;43
26081;576;24;600
26082;102;1;103
26083;1831;580;2411
26084;3945;147;4092
26085;2724;52;2776
26086;666;12;678
26087;1316;45;1361
26088;5934;136;6070
26089;61;1;62
26090;33;0;33
26091;42;0;42
26092;735;11;746
26093;531;13;544
26094;862;24;886
26095;922;32;954
26096;2061;37;2098
26097;616;16;632
26098;167;5;172
26099;556;12;568
26100;449;15;464
26101;143;10;153
26102;136;7;143
26103;499;4;503
26104;89;0;89
26105;72;1;73
26106;1157;22;1179
26107;542;15;557
26108;8680;274;8954
26110;659;10;669
26111;100;1;101
26112;197;8;205
26113;4718;240;4958
26114;3239;136;3375
26115;663;70;733
26116;5921;102;6023
26117;56;4;60
26118;1510;22;1532
26119;806;7;813
26121;1103;41;1144
26122;179;2;181
26123;25;0;25
26124;5520;127;5647
26125;1387;33;1420
26126;91;0;91
26127;115;2;117
26128;74;0;74
26129;1026;22;1048
26130;24;0;24
26131;150;1;151
26133;163;4;167
26134;83;1;84
26135;124;2;126
26136;51;0;51
26137;191;2;193
26138;1115;34;1149
26139;2392;57;2449
26140;717;28;745
26141;210;5;215
26142;118;1;119
26143;906;51;957
26144;1961;51;2012
26145;664;20;684
26146;1577;44;1621
26147;19;1;20
26148;1894;57;1951
26149;991;8;999
26150;11;0;11
26152;27;0;27
26153;98;1;99
26154;240;4;244
26155;1221;18;1239
26156;1057;43;1100
26157;748;17;765
26159;116;2;118
26160;1232;17;1249
26161;49;0;49
26162;891;29;920
26163;51;0;51
26164;56;1;57
26165;9202;152;9354
26166;6616;94;6710
26167;538;1;539
26168;535;14;549
26169;2182;42;2224
26170;3207;97;3304
26171;191;9;200
26172;664;10;674
26173;876;20;896
26174;1116;32;1148
26175;224;9;233
26176;1301;42;1343
26177;700;22;722
26178;534;7;541
26179;2732;56;2788
26180;220;6;226
26181;235;7;242
26182;1550;35;1585
26183;1170;30;1200
26185;587;14;601
26186;53;1;54
26188;1064;24;1088
26189;119;2;121
26190;85;2;87
26191;2400;60;2460
26192;275;11;286
26193;442;9;451
26194;581;16;597
26195;191;3;194
26196;1796;140;1936
26197;4271;118;4389
26198;39818;1234;41052
26199;28;0;28
26200;75;1;76
26201;48;6;54
26202;332;11;343
26203;281;6;287
26204;143;5;148
26205;85;0;85
26206;2942;101;3043
26207;696;18;714
26208;1937;36;1973
26209;24;0;24
26210;1025;24;1049
26211;1348;27;1375
26212;1200;30;1230
26213;681;15;696
26214;75;0;75
26215;416;22;438
26216;795;15;810
26217;193;3;196
26218;3229;56;3285
26219;473;8;481
26220;6772;186;6958
26221;71;2;73
26222;39;0;39
26223;523;6;529
26224;267;8;275
26225;699;21;720
26226;368;6;374
26227;27;0;27
26228;40;0;40
26229;95;1;96
26231;2629;69;2698
26232;592;8;600
26233;242;9;251
26234;873;17;890
26235;13510;259;13769
26236;214;4;218
26238;240;2;242
26239;206;4;210
26240;147;3;150
26241;132;2;134
26242;17;0;17
26243;968;39;1007
26244;134;1;135
26245;6;0;6
26246;126;4;130
26247;531;8;539
26248;175;5;180
26249;672;17;689
26250;3573;49;3622
26251;412;12;424
26252;10680;151;10831
26253;72;1;73
26254;18;0;18
26255;23;0;23
26256;141;2;143
26257;453;21;474
26258;887;29;916
26259;266;12;278
26261;396;11;407
26262;260;7;267
26263;146;2;148
26264;329;7;336
26266;24;0;24
26267;25;1;26
26268;122;0;122
26269;56;0;56
26270;125;2;127
26271;3395;64;3459
26272;361;9;370
26273;1023;20;1043
26274;1;0;1
26275;1640;46;1686
26276;464;14;478
26277;164;4;168
26278;283;10;293
26279;60;2;62
26281;33098;680;33778
26282;187;8;195
26283;23;0;23
26284;382;8;390
26285;280;9;289
26286;24;1;25
26287;485;15;500
26288;308;6;314
26289;1364;21;1385
26290;362;10;372
26291;84;2;86
26292;212;4;216
26293;324;8;332
26294;603;18;621
26295;1858;30;1888
26296;31;1;32
26298;419;5;424
26299;105;4;109
26300;48;1;49
26301;4248;90;4338
26302;547;11;558
26303;73;4;77
26304;275;3;278
26305;1083;22;1105
26306;316;5;321
26307;2809;66;2875
26308;150;0;150
26309;231;5;236
26310;157;4;161
26311;1419;50;1469
26312;1289;46;1335
26313;6289;128;6417
26314;382;16;398
26315;352;13;365
26316;204;7;211
26317;792;13;805
26318;35;1;36
26319;566;11;577
26320;814;10;824
26321;209;9;218
26322;420;22;442
26323;1829;48;1877
26324;8736;436;9172
26325;6758;66;6824
26326;1443;47;1490
26327;215;3;218
26328;54;1;55
26329;180;6;186
26330;2254;44;2298
26331;608;14;622
26332;2062;20;2082
26333;3960;152;4112
26334;139;2;141
26335;195;3;198
26336;567;23;590
26337;1844;30;1874
26338;1823;58;1881
26339;1487;42;1529
26340;258;4;262
26341;726;12;738
26342;318;7;325
26343;103;2;105
26344;392;7;399
26345;2155;55;2210
26346;231;5;236
26347;6106;206;6312
26348;1650;28;1678
26349;368;5;373
26350;75;1;76
26351;30;0;30
26352;258;7;265
26353;1032;18;1050
26355;602;8;610
26356;119;4;123
26357;2012;40;2052
26358;1519;43;1562
26359;36;0;36
26360;660;26;686
26361;140;3;143
26362;64749;1400;66149
26363;38;0;38
26364;326;8;334
26365;585;11;596
26367;692;20;712
26368;464;6;470
26369;58;1;59
26370;138;5;143
26371;47;2;49
26372;39;1;40
26373;245;8;253
26374;15;0;15
26375;17;1;18
26376;107;1;108
26377;1031;24;1055
26378;33;0;33
26379;908;10;918
26380;550;10;560
26381;904;12;916
26382;568;7;575
27001;327;9;336
27002;464;8;472
27003;1619;33;1652
27004;425;8;433
27005;1171;18;1189
27006;148;3;151
27008;1592;16;1608
27009;566;11;577
27010;170;7;177
27011;1196;14;1210
27012;447;16;463
27013;486;11;497
27014;848;23;871
27015;1303;31;1334
27016;8070;140;8210
27017;1363;37;1400
27018;992;11;1003
27019;163;7;170
27020;1676;43;1719
27021;340;9;349
27022;5350;109;5459
27023;708;20;728
27025;956;19;975
27026;432;9;441
27027;286;7;293
27028;336;4;340
27031;1101;39;1140
27032;1390;31;1421
27033;306;7;313
27034;632;9;641
27035;102;1;103
27036;550;21;571
27037;1178;22;1200
27038;279;6;285
27039;517;36;553
27040;448;5;453
27042;78;0;78
27043;676;21;697
27044;820;37;857
27045;772;12;784
27046;149;1;150
27047;330;8;338
27048;187;3;190
27049;4554;118;4672
27050;641;15;656
27051;2794;38;2832
27052;396;3;399
27053;219;5;224
27054;582;8;590
27055;331;6;337
27056;9848;311;10159
27057;285;6;291
27058;1769;43;1812
27059;306;3;309
27061;327;5;332
27062;1567;47;1614
27063;255;1;256
27064;676;9;685
27065;4666;58;4724
27066;328;6;334
27067;1549;28;1577
27068;174;2;176
27069;695;16;711
27070;1726;35;1761
27071;215;2;217
27072;748;22;770
27073;1214;18;1232
27074;277;8;285
27075;340;4;344
27076;493;9;502
27077;856;10;866
27078;266;11;277
27079;362;5;367
27081;183;7;190
27082;2075;49;2124
27083;261;4;265
27085;1517;22;1539
27089;1009;17;1026
27090;3649;65;3714
27091;737;5;742
27094;126;1;127
27095;665;11;676
27096;346;11;357
27097;661;12;673
27098;83;3;86
27099;798;10;808
27100;1185;24;1209
27101;523;10;533
27102;1033;22;1055
27103;3942;73;4015
27104;702;10;712
27105;3957;79;4036
27106;478;5;483
27107;1324;25;1349
27108;1204;33;1237
27109;398;7;405
27110;627;8;635
27111;202;5;207
27112;4331;125;4456
27113;139;2;141
27114;1216;23;1239
27115;338;7;345
27116;4199;152;4351
27117;1024;20;1044
27118;646;10;656
27119;1615;29;1644
27120;404;5;409
27123;491;12;503
27124;214;1;215
27125;660;10;670
27126;1134;22;1156
27127;699;22;721
27129;594;15;609
27130;419;11;430
27132;860;24;884
27133;1062;10;1072
27134;215;0;215
27135;459;11;470
27136;276;4;280
27137;201;5;206
27138;396;10;406
27139;172;6;178
27140;412;11;423
27141;63;0;63
27142;281;7;288
27144;278;5;283
27146;375;5;380
27147;688;11;699
27148;408;10;418
27149;113;3;116
27151;1734;22;1756
27152;556;9;565
27153;367;6;373
27154;598;16;614
27155;107;2;109
27156;472;17;489
27157;1326;20;1346
27158;768;28;796
27161;1083;21;1104
27162;243;5;248
27163;207;1;208
27164;819;8;827
27165;4995;65;5060
27167;657;6;663
27168;180;7;187
27169;1010;12;1022
27170;1193;21;1214
27171;385;10;395
27173;122;3;125
27174;1370;26;1396
27176;218;5;223
27177;549;13;562
27179;716;16;732
27180;2098;38;2136
27181;603;12;615
27182;157;3;160
27183;2308;43;2351
27184;124;3;127
27185;594;6;600
27187;330;6;336
27188;1489;14;1503
27189;432;7;439
27190;207;4;211
27191;2500;64;2564
27192;608;11;619
27193;1377;16;1393
27194;250;2;252
27196;1371;8;1379
27198;6126;254;6380
27199;571;12;583
27200;149;7;156
27201;235;6;241
27202;464;8;472
27203;478;17;495
27204;284;7;291
27205;452;4;456
27206;451;3;454
27207;591;7;598
27208;151;2;153
27209;601;11;612
27210;474;12;486
27212;109;2;111
27213;5952;136;6088
27214;816;14;830
27215;391;10;401
27216;493;25;518
27217;556;9;565
27218;1580;23;1603
27219;549;7;556
27220;349;8;357
27222;198;4;202
27224;460;10;470
27226;3730;82;3812
27227;665;11;676
27228;300;3;303
27229;46349;1225;47574
27230;3702;55;3757
27231;447;7;454
27232;344;7;351
27233;727;11;738
27234;348;6;354
27235;171;3;174
27237;166;2;168
27238;1162;29;1191
27239;419;7;426
27240;221;4;225
27241;175;5;180
27242;1017;14;1031
27243;739;10;749
27245;259;8;267
27246;1834;19;1853
27247;324;3;327
27248;197;3;200
27249;1155;21;1176
27251;549;8;557
27252;328;7;335
27254;846;23;869
27256;624;9;633
27258;522;7;529
27259;90;4;94
27260;663;8;671
27261;448;12;460
27263;1244;13;1257
27266;317;2;319
27267;350;4;354
27269;194;3;197
27271;329;13;342
27273;381;7;388
27275;6860;98;6958
27276;285;8;293
27277;737;15;752
27278;1945;38;1983
27279;3058;52;3110
27280;837;7;844
27281;226;8;234
27282;606;13;619
27284;11696;166;11862
27285;494;13;507
27286;409;5;414
27287;865;17;882
27288;599;14;613
27289;168;3;171
27290;1256;16;1272
27291;126;11;137
27294;991;16;1007
27295;478;15;493
27298;315;6;321
27299;3994;81;4075
27300;527;4;531
27301;1334;28;1362
27302;1305;13;1318
27304;166;4;170
27306;2954;60;3014
27307;466;7;473
27309;504;7;511
27310;426;8;434
27311;1086;5;1091
27312;273;13;286
27313;609;5;614
27315;269;8;277
27316;1278;27;1305
27317;458;10;468
27318;259;3;262
27319;307;5;312
27320;304;0;304
27321;134;5;139
27322;1392;19;1411
27323;281;3;284
27324;617;14;631
27325;187;3;190
27326;318;13;331
27327;212;8;220
27329;771;22;793
27330;133;4;137
27331;456;10;466
27332;782;12;794
27333;718;7;725
27334;109;1;110
27335;1077;32;1109
27336;431;4;435
27337;356;6;362
27338;674;8;682
27339;790;15;805
27340;710;8;718
27341;67;3;70
27342;202;6;208
27343;1280;55;1335
27345;209;2;211
27346;234;4;238
27347;785;26;811
27348;1756;20;1776
27349;867;13;880
27350;999;17;1016
27351;1423;24;1447
27353;470;8;478
27354;426;4;430
27355;2665;30;2695
27358;591;13;604
27359;226;1;227
27360;329;7;336
27361;386;5;391
27363;221;7;228
27364;195;3;198
27365;2028;38;2066
27366;207;3;210
27367;1487;15;1502
27368;335;9;344
27369;79;2;81
27370;329;9;338
27371;159;1;160
27372;682;5;687
27373;118;2;120
27374;530;14;544
27375;18518;403;18921
27376;223;5;228
27377;712;6;718
27378;1143;24;1167
27379;444;8;452
27380;265;4;269
27381;162;0;162
27382;319;9;328
27383;376;11;387
27384;498;11;509
27385;1497;41;1538
27386;1329;7;1336
27388;487;9;496
27389;462;17;479
27390;1121;16;1137
27391;1599;21;1620
27392;150;4;154
27393;503;2;505
27394;492;11;503
27395;88;1;89
27396;467;9;476
27397;1737;42;1779
27398;1476;105;1581
27399;52;1;53
27400;342;4;346
27401;177;3;180
27403;236;12;248
27404;91;1;92
27405;102;5;107
27406;889;24;913
27407;325;9;334
27408;603;19;622
27410;643;7;650
27411;232;2;234
27412;1491;35;1526
27413;777;12;789
27414;843;10;853
27415;369;7;376
27417;669;12;681
27418;105;0;105
27419;760;17;777
27420;164;7;171
27421;640;13;653
27422;876;22;898
27423;772;18;790
27424;326;8;334
27425;2406;46;2452
27426;1318;7;1325
27427;420;8;428
27428;4241;221;4462
27429;183;0;183
27430;343;3;346
27431;578;6;584
27432;697;7;704
27433;191;2;193
27434;55;0;55
27435;285;3;288
27436;440;6;446
27437;340;6;346
27438;2275;40;2315
27439;1133;37;1170
27440;659;22;681
27441;74;1;75
27442;198;7;205
27444;230;2;232
27445;253;4;257
27446;479;3;482
27447;898;56;954
27448;5056;127;5183
27451;292;6;298
27453;1802;20;1822
27454;465;7;472
27455;165;3;168
27456;760;18;778
27457;696;12;708
27458;2648;27;2675
27459;73;2;75
27460;205;5;210
27462;161;1;162
27463;721;8;729
27464;911;19;930
27465;402;13;415
27466;336;5;341
27467;9982;272;10254
27468;602;8;610
27469;4146;58;4204
27470;1134;22;1156
27471;205;7;212
27472;276;3;279
27473;909;26;935
27474;1158;22;1180
27475;164;1;165
27476;388;8;396
27477;697;26;723
27478;949;25;974
27480;652;7;659
27481;403;54;457
27482;169;4;173
27483;435;6;441
27485;833;8;841
27486;654;18;672
27487;662;2;664
27488;194;4;198
27489;521;13;534
27490;267;4;271
27492;317;10;327
27493;3288;52;3340
27495;237;2;239
27496;516;6;522
27497;1045;17;1062
27498;367;4;371
27500;1679;56;1735
27501;259;6;265
27502;2214;28;2242
27504;1288;38;1326
27505;165;1;166
27507;4031;66;4097
27508;198;2;200
27511;721;11;732
27512;336;7;343
27514;380;2;382
27516;1412;34;1446
27517;2093;47;2140
27518;749;13;762
27520;142;1;143
27521;138;6;144
27522;436;4;440
27524;868;6;874
27525;298;18;316
27527;205;7;212
27528;3681;82;3763
27529;435;9;444
27530;82;3;85
27531;206;4;210
27533;494;20;514
27534;886;10;896
27535;438;9;447
27536;538;15;553
27537;876;14;890
27538;547;9;556
27539;385;13;398
27540;670;15;685
27541;220;6;226
27542;887;15;902
27543;887;11;898
27544;204;5;209
27545;123;5;128
27546;168;2;170
27547;871;21;892
27548;1174;25;1199
27550;307;7;314
27552;249;5;254
27553;422;2;424
27554;3338;105;3443
27555;246;5;251
27556;65;0;65
27557;464;6;470
27558;179;6;185
27560;251;12;263
27561;652;11;663
27562;4425;136;4561
27563;825;23;848
27564;333;6;339
27565;681;9;690
27567;280;6;286
27568;495;8;503
27569;245;10;255
27570;100;2;102
27571;336;10;346
27572;289;4;293
27576;650;15;665
27577;435;11;446
27578;596;16;612
27579;99;2;101
27580;2426;31;2457
27582;1696;16;1712
27584;282;9;291
27586;173;1;174
27587;789;6;795
27589;968;32;1000
27590;236;3;239
27591;595;12;607
27592;246;3;249
27593;1614;22;1636
27594;276;1;277
27595;1012;13;1025
27597;585;1;586
27598;1249;26;1275
27599;911;10;921
27601;433;10;443
27602;5594;169;5763
27603;313;6;319
27604;157;2;159
27605;237;5;242
27606;488;1;489
27608;446;9;455
27609;333;6;339
27610;56;1;57
27611;321;10;331
27612;333;6;339
27613;379;4;383
27614;167;2;169
27615;192;3;195
27616;1890;52;1942
27617;530;9;539
27618;470;11;481
27620;465;2;467
27621;170;5;175
27622;1852;55;1907
27623;492;9;501
27624;883;24;907
27625;359;2;361
27627;245;12;257
27629;1789;16;1805
27630;318;40;358
27631;372;4;376
27632;579;8;587
27633;495;4;499
27635;141;1;142
27638;3700;52;3752
27640;192;4;196
27641;260;5;265
27643;1069;23;1092
27644;558;41;599
27645;155;4;159
27646;446;5;451
27649;353;7;360
27650;468;8;476
27652;310;8;318
27654;1121;12;1133
27655;730;160;890
27656;1311;31;1342
27658;362;6;368
27659;123;6;129
27660;237;2;239
27661;425;9;434
27662;330;11;341
27663;167;4;171
27664;513;7;520
27665;762;13;775
27666;565;19;584
27667;384;9;393
27668;701;11;712
27669;441;6;447
27670;961;18;979
27671;164;7;171
27672;357;1;358
27673;178;4;182
27674;267;7;274
27677;413;8;421
27678;1040;24;1064
27679;7614;364;7978
27680;193;6;199
27681;23727;677;24404
27682;657;16;673
27683;232;3;235
27684;831;14;845
27685;659;18;677
27686;48;0;48
27689;348;16;364
27690;311;1;312
27691;863;19;882
27692;161;6;167
27693;1296;32;1328
27694;314;15;329
27695;281;6;287
27696;932;17;949
27697;330;17;347
27698;559;13;572
27699;119;3;122
27700;728;5;733
27701;12910;287;13197
28001;2390;56;2446
28003;139;4;143
28004;316;3;319
28005;747;90;837
28006;1825;47;1872
28007;2697;103;2800
28008;206;2;208
28009;72;1;73
28010;325;8;333
28012;3653;63;3716
28013;1549;25;1574
28014;668;7;675
28015;6090;87;6177
28016;131;6;137
28018;1501;16;1517
28019;208;4;212
28021;1581;30;1611
28022;1139;31;1170
28023;1376;26;1402
28024;1722;60;1782
28025;107;2;109
28026;246;0;246
28027;1224;20;1244
28028;260;5;265
28029;318;7;325
28030;275;8;283
28031;390;111;501
28032;339;4;343
28033;799;32;831
28034;888;12;900
28035;979;23;1002
28036;847;20;867
28037;334;5;339
28038;112;5;117
28039;1671;31;1702
28040;324;9;333
28041;276;2;278
28045;224;6;230
28046;485;9;494
28047;724;15;739
28048;742;14;756
28049;244;5;249
28050;267;6;273
28051;4846;100;4946
28052;752;15;767
28053;250;3;253
28054;504;11;515
28055;560;9;569
28056;1699;46;1745
28057;592;9;601
28058;358;4;362
28059;1823;28;1851
28060;263;5;268
28061;3311;36;3347
28062;899;15;914
28064;2007;51;2058
28065;108;5;113
28067;90;2;92
28068;433;10;443
28070;3715;109;3824
28071;688;3;691
28072;413;0;413
28073;343;1;344
28074;256;4;260
28075;1016;181;1197
28076;194;3;197
28077;176;3;179
28078;184;4;188
28079;300;4;304
28080;254;3;257
28081;306;5;311
28082;634;14;648
28084;711;9;720
28085;38534;1164;39698
28086;327;8;335
28087;239;4;243
28088;13096;336;13432
28089;2596;32;2628
28090;104;3;107
28091;145;3;148
28092;232;6;238
28094;1670;27;1697
28095;275;6;281
28096;1226;18;1244
28098;1841;49;1890
28099;1106;22;1128
28100;447;6;453
28102;722;9;731
28103;5618;124;5742
28104;898;28;926
28105;555;6;561
28106;406;11;417
28107;363;9;372
28108;232;8;240
28109;318;5;323
28110;4078;118;4196
28111;358;13;371
28113;1343;32;1375
28114;136;0;136
28116;2831;61;2892
28117;267;9;276
28118;427;15;442
28119;153;2;155
28120;455;2;457
28121;108;0;108
28122;1504;23;1527
28123;451;8;459
28124;738;20;758
28126;200;4;204
28127;1259;27;1286
28128;432;5;437
28129;758;19;777
28130;996;13;1009
28132;659;16;675
28134;30646;519;31165
28135;1222;57;1279
28136;166;5;171
28137;838;17;855
28139;191;2;193
28140;5634;67;5701
28141;317;11;328
28142;184;2;186
28143;245;3;248
28144;212;7;219
28146;855;12;867
28147;600;10;610
28148;368;11;379
28149;621;18;639
28151;176;5;181
28153;208;7;215
28154;1696;33;1729
28155;205;2;207
28156;900;16;916
28157;121;4;125
28158;1070;27;1097
28159;341;4;345
28160;834;8;842
28161;502;7;509
28162;305;5;310
28163;213;3;216
28164;735;10;745
28166;253;2;255
28167;386;6;392
28168;3693;57;3750
28169;223;7;230
28170;281;6;287
28171;921;22;943
28172;797;15;812
28173;1494;34;1528
28175;169;4;173
28176;679;13;692
28177;666;12;678
28178;313;6;319
28180;501;13;514
28182;315;2;317
28183;690;3;693
28184;342;4;346
28185;1302;22;1324
28187;656;13;669
28188;947;16;963
28189;178;4;182
28190;458;12;470
28191;2682;57;2739
28192;316;3;319
28193;135;3;138
28194;411;16;427
28195;748;22;770
28196;3266;50;3316
28197;148;3;151
28198;801;31;832
28199;2571;50;2621
28200;422;5;427
28201;1961;41;2002
28202;325;6;331
28203;638;7;645
28206;679;12;691
28207;230;4;234
28208;382;14;396
28209;5686;160;5846
28210;220;2;222
28211;578;7;585
28212;196;8;204
28213;665;10;675
28214;3329;81;3410
28215;253;6;259
28216;203;1;204
28217;180;2;182
28218;15403;215;15618
28219;389;10;399
28220;6689;320;7009
28221;140;8;148
28222;385;6;391
28223;1542;22;1564
28225;649;11;660
28226;906;16;922
28227;4457;82;4539
28229;11127;258;11385
28230;383;7;390
28231;178;3;181
28232;592;30;622
28233;1152;26;1178
28234;461;11;472
28235;369;3;372
28236;2181;60;2241
28237;207;4;211
28239;983;25;1008
28240;513;8;521
28242;98;3;101
28243;214;6;220
28245;360;9;369
28246;530;9;539
28247;568;15;583
28248;329;6;335
28249;614;18;632
28251;1061;27;1088
28252;189;3;192
28253;1067;84;1151
28254;795;13;808
28255;170;0;170
28256;449;14;463
28257;87;2;89
28259;330;5;335
28260;99;5;104
28261;599;12;611
28263;252;7;259
28264;139;5;144
28265;252;2;254
28267;508;5;513
28268;17;2;19
28269;1899;41;1940
28270;223;4;227
28271;140;4;144
28272;159;3;162
28273;139;2;141
28274;242;6;248
28275;659;15;674
28276;208;8;216
28277;306;13;319
28278;1480;34;1514
28279;3981;65;4046
28280;9491;450;9941
28281;518;9;527
28282;431;11;442
28283;289;5;294
28284;277;9;286
28285;349;9;358
28286;622;15;637
28287;1012;15;1027
28289;220;6;226
28290;287;9;296
28291;526;16;542
28292;734;16;750
28293;1197;28;1225
28294;524;13;537
28296;269;4;273
28298;2756;57;2813
28299;171;6;177
28300;154;6;160
28301;444;6;450
28302;1099;319;1418
28303;101;3;104
28304;433;6;439
28305;299;5;304
28306;204;6;210
28308;259;11;270
28309;1071;16;1087
28310;264;6;270
28312;130;2;132
28313;194;1;195
28314;116;8;124
28315;22;1;23
28316;126;3;129
28317;564;5;569
28319;373;13;386
28321;838;14;852
28322;498;9;507
28323;285;1;286
28324;886;23;909
28325;1055;27;1082
28326;360;2;362
28327;189;2;191
28329;159;2;161
28330;1375;32;1407
28331;973;19;992
28332;1090;21;1111
28333;140;3;143
28334;2195;54;2249
28335;853;24;877
28336;107;1;108
28337;2817;67;2884
28339;355;11;366
28341;249;5;254
28342;263;5;268
28343;444;11;455
28344;264;10;274
28346;57;3;60
28347;933;29;962
28348;4019;71;4090
28349;257;8;265
28350;934;21;955
28351;408;8;416
28352;1569;41;1610
28353;403;5;408
28354;419;69;488
28355;296;9;305
28357;1059;30;1089
28358;2072;67;2139
28359;4041;46;4087
28360;920;17;937
28362;503;12;515
28363;1024;13;1037
28364;766;13;779
28365;409;9;418
28366;320;3;323
28367;330;6;336
28368;197;3;200
28369;758;10;768
28370;505;11;516
28371;1101;20;1121
28372;568;12;580
28373;3032;47;3079
28374;538;3;541
28375;369;6;375
28377;1761;44;1805
28378;524;11;535
28379;467;10;477
28380;1998;171;2169
28382;889;15;904
28383;706;6;712
28385;452;34;486
28386;1245;21;1266
28387;982;11;993
28388;1044;32;1076
28389;341;8;349
28390;312;6;318
28391;2595;32;2627
28392;164;2;166
28393;2243;66;2309
28394;1422;28;1450
28395;433;14;447
28396;310;4;314
28397;407;13;420
28398;1167;22;1189
28400;194;8;202
28401;454;8;462
28403;770;21;791
28404;12472;150;12622
28405;1070;21;1091
28406;1247;19;1266
28407;295;8;303
28408;121;3;124
28409;455;15;470
28410;303;4;307
28411;172;2;174
28414;65;5;70
28415;1688;31;1719
28417;1335;28;1363
28418;163;5;168
28419;344;8;352
28421;275;5;280
28422;3914;61;3975
28423;598;14;612
28424;1616;39;1655
28425;575;11;586
28426;498;9;507
29001;998;19;1017
29002;1376;33;1409
29003;3692;66;3758
29004;5668;157;5825
29005;1239;31;1270
29006;3616;63;3679
29007;892;31;923
29008;1000;21;1021
29010;1645;34;1679
29011;3530;86;3616
29012;188;2;190
29013;218;6;224
29014;430;9;439
29015;3553;63;3616
29016;1028;11;1039
29017;861;27;888
29018;438;5;443
29019;139926;2629;142555
29020;5675;114;5789
29021;1912;49;1961
29022;2466;55;2521
29023;3189;103;3292
29024;7155;613;7768
29025;1538;45;1583
29026;5164;422;5586
29027;3650;100;3750
29028;921;20;941
29029;1145;18;1163
29030;3683;115;3798
29031;4528;114;4642
29032;2080;50;2130
29033;524;10;534
29034;658;6;664
29035;1114;19;1133
29036;608;7;615
29037;4187;125;4312
29038;998;26;1024
29039;19816;856;20672
29040;2750;76;2826
29041;1890;31;1921
29042;7386;219;7605
29043;1817;46;1863
29044;1967;39;2006
29045;2215;66;2281
29046;14000;365;14365
29047;1877;35;1912
29048;2251;43;2294
29049;3320;141;3461
29051;8434;203;8637
29053;1744;41;1785
29054;642;15;657
29055;3215;78;3293
29056;1947;31;1978
29057;3438;122;3560
29058;9864;484;10348
29059;1050;32;1082
29060;2786;79;2865
29061;6215;135;6350
29062;1098;35;1133
29063;433;7;440
29064;447;4;451
29065;908;15;923
29066;1828;30;1858
29067;1298;41;1339
29068;2502;52;2554
29069;8061;160;8221
29070;526;10;536
29071;783;3;786
29072;2681;48;2729
29073;939;34;973
29074;1008;17;1025
29075;15050;357;15407
29076;4550;65;4615
29077;1991;47;2038
29078;2036;47;2083
29079;1267;43;1310
29080;2232;69;2301
29081;1406;27;1433
29082;452;13;465
29083;260;2;262
29084;160;6;166
29085;733;18;751
29086;1453;22;1475
29087;725;16;741
29089;857;23;880
29090;782;25;807
29091;2097;39;2136
29093;1422;31;1453
29094;665;14;679
29095;1495;26;1521
29097;2028;52;2080
29098;2145;53;2198
29099;821;22;843
29100;414;12;426
29101;3576;112;3688
29102;959;12;971
29103;15918;614;16532
29104;345;6;351
29105;9151;320;9471
29106;1850;41;1891
29107;884;13;897
29108;1479;40;1519
29109;1486;36;1522
29110;861;14;875
29111;1314;25;1339
29112;957;18;975
29113;2362;39;2401
29114;351;7;358
29115;290;4;294
29116;154;2;156
29117;5672;118;5790
29119;1460;37;1497
29120;1970;65;2035
29122;676;16;692
29123;784;20;804
29124;7322;229;7551
29125;826;17;843
29126;207;6;213
29128;406;6;412
29130;5092;131;5223
29131;474;14;488
29132;795;31;826
29133;1513;43;1556
29134;795;26;821
29135;4013;107;4120
29136;1158;23;1181
29137;2133;53;2186
29139;874;141;1015
29140;3910;86;3996
29141;348;4;352
29142;460;4;464
29143;968;21;989
29144;759;9;768
29145;873;28;901
29146;3408;50;3458
29147;3242;79;3321
29148;943;30;973
29150;6742;133;6875
29151;14845;457;15302
29152;701;15;716
29153;2686;52;2738
29155;833;19;852
29156;2049;43;2092
29158;5149;100;5249
29159;844;17;861
29160;8515;164;8679
29161;3188;82;3270
29162;3640;265;3905
29163;3184;77;3261
29165;3568;84;3652
29166;507;19;526
29167;1985;44;2029
29168;1230;20;1250
29169;3178;76;3254
29170;4191;163;4354
29171;3828;75;3903
29172;2245;68;2313
29173;2471;55;2526
29174;6223;187;6410
29175;2108;51;2159
29176;1784;44;1828
29177;3854;91;3945
29178;6312;128;6440
29179;3737;117;3854
29180;913;22;935
29181;2944;71;3015
29182;1063;22;1085
29183;714;9;723
29184;2535;57;2592
29185;3497;93;3590
29186;1610;61;1671
29187;791;28;819
29188;2737;124;2861
29189;13161;365;13526
29190;4183;105;4288
29191;3454;94;3548
29192;1761;45;1806
29193;1430;29;1459
29195;6640;130;6770
29196;2166;42;2208
29197;3951;109;4060
29198;1838;46;1884
29199;5086;171;5257
29201;2119;38;2157
29202;1279;36;1315
29204;2084;35;2119
29205;1174;26;1200
29206;2294;96;2390
29207;4517;291;4808
29208;1245;29;1274
29209;3832;104;3936
29210;2862;72;2934
29211;659;18;677
29212;13496;245;13741
29213;1760;40;1800
29214;681;26;707
29215;2948;74;3022
29216;4179;103;4282
29217;2821;58;2879
29218;1567;31;1598
29220;8369;395;8764
29221;1779;53;1832
29222;398;7;405
29224;1213;26;1239
29225;2165;45;2210
29226;1507;96;1603
29227;1480;32;1512
29228;657;16;673
29229;1114;34;1148
29230;1689;33;1722
29232;63283;2478;65761
29233;12220;458;12678
29234;2917;62;2979
29235;11717;234;11951
29236;4180;118;4298
29237;1814;44;1858
29238;836;29;865
29239;3489;85;3574
29240;959;26;985
29241;7614;162;7776
29243;456;10;466
29244;821;13;834
29245;1557;21;1578
29246;212;5;217
29247;3503;113;3616
29248;846;8;854
29249;712;10;722
29250;755;17;772
29251;655;12;667
29252;933;25;958
29254;4621;146;4767
29255;926;20;946
29256;760;20;780
29257;2069;62;2131
29259;6709;244;6953
29260;8163;195;8358
29261;211;3;214
29262;786;10;796
29263;1117;17;1134
29264;777;11;788
29265;1044;31;1075
29266;3044;78;3122
29267;720;18;738
29268;1899;36;1935
29269;1038;15;1053
29270;1646;35;1681
29271;893;32;925
29272;3249;68;3317
29273;2393;77;2470
29274;5295;111;5406
29275;736;20;756
29276;1196;29;1225
29277;2289;78;2367
29278;1758;43;1801
29279;2898;77;2975
29280;2098;60;2158
29281;997;27;1024
29282;360;10;370
29284;2406;99;2505
29285;521;7;528
29286;242;9;251
29287;973;21;994
29288;611;7;618
29289;114;6;120
29290;684;15;699
29291;957;18;975
29292;316;6;322
29293;7064;224;7288
29294;648;14;662
29295;532;22;554
29296;1347;40;1387
29297;2321;44;2365
29298;575;11;586
29299;333;3;336
29300;1597;51;1648
29301;392;2;394
29302;3639;136;3775
2A001;3229;57;3286
2A004;71361;867;72228
2A006;3456;69;3525
2A008;1771;26;1797
2A011;53;2;55
2A014;72;1;73
2A017;1813;37;1850
2A018;160;2;162
2A019;55;0;55
2A021;77;1;78
2A022;80;0;80
2A024;187;1;188
2A026;187;3;190
2A027;54;0;54
2A028;145;6;151
2A031;520;6;526
2A032;4124;109;4233
2A035;161;2;163
2A038;50;1;51
2A040;374;7;381
2A041;3192;55;3247
2A048;499;5;504
2A056;105;5;110
2A060;71;1;72
2A061;112;1;113
2A062;381;9;390
2A064;32;2;34
2A065;1297;22;1319
2A066;58;0;58
2A070;389;6;395
2A071;214;5;219
2A085;1493;37;1530
2A089;133;0;133
2A090;679;18;697
2A091;171;1;172
2A092;1145;20;1165
2A094;71;2;73
2A098;713;9;722
2A099;276;0;276
2A100;68;0;68
2A103;2017;33;2050
2A104;1295;36;1331
2A108;214;5;219
2A114;1466;29;1495
2A115;150;7;157
2A117;81;0;81
2A118;205;5;210
2A119;137;3;140
2A127;89;2;91
2A128;94;0;94
2A129;43;1;44
2A130;3402;55;3457
2A131;160;2;162
2A132;148;1;149
2A133;151;3;154
2A139;1838;31;1869
2A141;127;1;128
2A142;669;13;682
2A144;103;3;106
2A146;52;1;53
2A154;107;6;113
2A158;29;1;30
2A160;257;2;259
2A163;549;15;564
2A174;100;3;103
2A181;629;17;646
2A186;221;1;222
2A189;1218;30;1248
2A191;121;3;124
2A196;51;1;52
2A197;99;0;99
2A198;539;11;550
2A200;143;3;146
2A203;97;0;97
2A204;96;1;97
2A209;2015;33;2048
2A211;563;17;580
2A212;468;9;477
2A215;910;7;917
2A228;1859;19;1878
2A232;280;3;283
2A240;113;0;113
2A247;11132;180;11312
2A249;3699;40;3739
2A253;51;0;51
2A254;200;4;204
2A258;60;4;64
2A259;62;1;63
2A262;49;3;52
2A266;89;4;93
2A268;80;0;80
2A269;1392;32;1424
2A270;344;3;347
2A271;3289;52;3341
2A272;3248;124;3372
2A276;489;12;501
2A278;83;3;86
2A279;122;0;122
2A282;148;4;152
2A284;374;5;379
2A285;76;0;76
2A288;1401;24;1425
2A295;116;0;116
2A300;1088;21;1109
2A308;383;7;390
2A310;102;0;102
2A312;404;9;413
2A322;95;0;95
2A323;402;7;409
2A324;399;4;403
2A326;122;0;122
2A330;501;2;503
2A331;61;0;61
2A336;512;11;523
2A345;598;4;602
2A348;889;14;903
2A349;846;18;864
2A351;389;5;394
2A357;50;3;53
2A358;54;1;55
2A359;225;2;227
2A360;129;5;134
2A362;2759;35;2794
2A363;62;0;62
2B002;240;4;244
2B003;25;0;25
2B005;29;2;31
2B007;206;3;209
2B009;2185;26;2211
2B010;354;6;360
2B012;50;0;50
2B013;25;0;25
2B015;25;0;25
2B016;551;0;551
2B020;598;15;613
2B023;115;2;117
2B025;84;2;86
2B029;294;3;297
2B030;132;4;136
2B033;48503;695;49198
2B034;671;9;680
2B036;88;0;88
2B037;7810;126;7936
2B039;225;2;227
2B042;8832;141;8973
2B043;1624;40;1664
2B045;66;0;66
2B046;155;3;158
2B047;272;3;275
2B049;2461;29;2490
2B050;5774;82;5856
2B051;73;0;73
2B052;20;0;20
2B053;19;2;21
2B054;188;4;192
2B055;121;1;122
2B057;317;10;327
2B058;318;1;319
2B059;108;1;109
2B063;30;1;31
2B067;34;0;34
2B068;26;0;26
2B069;105;1;106
2B072;54;1;55
2B073;107;0;107
2B074;404;6;410
2B075;70;2;72
2B077;696;5;701
2B078;28;1;29
2B079;490;1;491
2B080;142;1;143
2B081;42;0;42
2B082;40;1;41
2B083;159;2;161
2B084;234;1;235
2B086;189;1;190
2B087;2199;26;2225
2B088;209;5;214
2B093;895;32;927
2B095;128;3;131
2B096;7485;117;7602
2B097;55;1;56
2B101;80;3;83
2B102;77;0;77
2B105;116;0;116
2B106;12;0;12
2B107;155;1;156
2B109;235;2;237
2B110;70;1;71
2B111;51;0;51
2B112;232;4;236
2B113;56;1;57
2B116;28;1;29
2B120;5608;127;5735
2B121;361;5;366
2B122;57;0;57
2B123;4219;55;4274
2B124;210;6;216
2B125;54;0;54
2B126;69;0;69
2B134;3163;72;3235
2B135;307;2;309
2B136;146;2;148
2B137;23;0;23
2B138;149;2;151
2B140;102;0;102
2B143;1104;8;1112
2B145;209;6;215
2B147;113;2;115
2B148;6007;51;6058
2B149;82;1;83
2B150;1260;38;1298
2B152;848;9;857
2B153;117;2;119
2B155;47;0;47
2B156;23;0;23
2B157;29;0;29
2B159;81;1;82
2B161;65;0;65
2B162;703;11;714
2B164;23;0;23
2B165;332;6;338
2B166;632;5;637
2B167;425;14;439
2B168;1972;42;2014
2B169;981;10;991
2B170;109;2;111
2B171;34;1;35
2B172;577;7;584
2B173;253;3;256
2B175;108;2;110
2B176;73;2;75
2B177;59;2;61
2B178;75;2;77
2B179;64;0;64
2B180;78;1;79
2B182;256;2;258
2B183;94;2;96
2B184;89;1;90
2B185;1781;14;1795
2B187;133;1;134
2B188;533;9;542
2B190;183;5;188
2B192;151;1;152
2B193;601;3;604
2B194;26;0;26
2B195;124;1;125
2B199;184;5;189
2B201;197;1;198
2B202;23;0;23
2B205;876;12;888
2B206;37;0;37
2B207;3370;40;3410
2B208;108;0;108
2B210;117;0;117
2B213;63;0;63
2B214;22;0;22
2B216;19;0;19
2B217;41;3;44
2B218;98;3;101
2B219;82;1;83
2B220;133;3;136
2B221;16;0;16
2B222;38;0;38
2B223;502;3;505
2B224;654;11;665
2B225;100;2;102
2B226;59;1;60
2B227;34;1;35
2B229;350;0;350
2B230;109;5;114
2B231;105;6;111
2B233;167;2;169
2B234;18;0;18
2B235;84;0;84
2B236;181;3;184
2B238;210;8;218
2B239;214;11;225
2B241;31;1;32
2B242;697;13;710
2B243;42;0;42
2B244;42;0;42
2B245;42;1;43
2B246;191;1;192
2B248;42;1;43
2B250;150;0;150
2B251;3667;40;3707
2B252;183;2;185
2B255;42;0;42
2B256;26;0;26
2B257;158;0;158
2B260;156;3;159
2B261;538;11;549
2B263;69;5;74
2B264;62;1;63
2B265;360;6;366
2B267;45;3;48
2B273;44;5;49
2B274;93;1;94
2B275;71;2;73
2B277;337;3;340
2B280;114;0;114
2B281;1157;9;1166
2B283;722;13;735
2B286;873;8;881
2B287;142;0;142
2B289;117;0;117
2B290;285;4;289
2B291;34;1;35
2B292;71;2;73
2B293;210;2;212
2B296;134;5;139
2B297;57;0;57
2B298;1681;19;1700
2B299;105;1;106
2B301;57;1;58
2B302;91;2;93
2B303;755;6;761
2B304;143;0;143
2B305;2913;42;2955
2B306;119;0;119
2B307;1490;29;1519
2B309;1888;86;1974
2B311;781;11;792
2B313;2027;22;2049
2B314;346;1;347
2B315;281;5;286
2B316;990;15;1005
2B317;60;0;60
2B318;583;12;595
2B319;796;7;803
2B320;282;2;284
2B321;16;0;16
2B327;188;3;191
2B328;96;0;96
2B329;110;1;111
2B332;231;3;234
2B333;138;3;141
2B334;107;1;108
2B335;353;7;360
2B337;128;0;128
2B338;29;0;29
2B339;28;0;28
2B340;123;0;123
2B341;713;17;730
2B342;2512;46;2558
2B343;1795;14;1809
2B344;42;2;44
2B346;2851;32;2883
2B347;266;0;266
2B350;195;4;199
2B352;209;5;214
2B353;3328;87;3415
2B354;428;5;433
2B355;358;7;365
2B356;144;1;145
2B361;289;5;294
2B364;34;0;34
2B365;104;2;106
2B366;102;2;104
30001;518;13;531
30002;777;15;792
30003;8560;80;8640
30004;3338;62;3400
30005;215;3;218
30006;5717;53;5770
30007;41837;615;42452
30008;953;17;970
30009;172;3;175
30010;3327;41;3368
30011;8476;205;8681
30012;4219;76;4295
30013;456;21;477
30014;1022;27;1049
30015;152;5;157
30016;288;10;298
30017;210;2;212
30018;514;13;527
30019;2895;60;2955
30020;2363;43;2406
30021;321;4;325
30022;179;7;186
30023;787;16;803
30024;456;7;463
30025;230;3;233
30026;1075;33;1108
30027;2556;59;2615
30028;18091;358;18449
30029;1620;26;1646
30030;368;4;372
30031;200;2;202
30032;15906;139;16045
30033;5104;55;5159
30034;7353;85;7438
30035;239;1;240
30036;3421;27;3448
30037;2835;34;2869
30038;328;11;339
30039;2304;31;2335
30040;129;2;131
30041;1237;21;1258
30042;2552;44;2596
30043;581;11;592
30044;90;0;90
30045;390;4;394
30046;981;14;995
30047;6272;135;6407
30048;175;3;178
30049;374;17;391
30050;170;1;171
30051;1338;30;1368
30052;643;18;661
30053;787;12;799
30054;301;4;305
30055;671;12;683
30056;331;7;338
30057;1698;29;1727
30058;212;10;222
30059;2418;28;2446
30060;4150;81;4231
30061;2363;27;2390
30062;5898;99;5997
30064;122;2;124
30065;466;4;470
30066;533;12;545
30067;412;6;418
30068;900;22;922
30069;504;12;516
30070;750;24;774
30071;395;2;397
30072;465;10;475
30073;1672;87;1759
30074;24;0;24
30075;4308;112;4420
30076;854;29;883
30077;1715;34;1749
30079;261;6;267
30080;876;5;881
30081;964;29;993
30082;4209;96;4305
30083;2418;38;2456
30084;618;11;629
30085;1065;15;1080
30086;634;10;644
30087;228;6;234
30088;635;15;650
30089;1756;31;1787
30090;262;4;266
30091;1667;34;1701
30092;1692;49;1741
30093;95;2;97
30094;146;1;147
30095;587;12;599
30096;949;21;970
30097;279;5;284
30098;435;4;439
30099;241;8;249
30100;700;9;709
30101;651;16;667
30102;543;9;552
30103;939;11;950
30104;743;18;761
30105;139;5;144
30106;728;17;745
30107;601;12;613
30108;157;5;162
30109;466;7;473
30110;379;9;388
30111;438;9;447
30112;1593;15;1608
30113;237;3;240
30114;685;10;695
30115;252;8;260
30116;1077;12;1089
30117;2796;56;2852
30119;157;5;162
30120;1084;15;1099
30121;250;4;254
30122;705;13;718
30123;3632;102;3734
30124;214;2;216
30125;4940;50;4990
30126;731;18;749
30127;1079;26;1105
30128;4071;68;4139
30129;694;20;714
30130;826;20;846
30131;1106;33;1139
30132;4998;96;5094
30133;8419;73;8492
30134;309;4;313
30135;3850;39;3889
30136;1129;17;1146
30137;137;3;140
30138;2222;55;2277
30139;350;23;373
30140;1106;11;1117
30141;6331;118;6449
30142;1133;22;1155
30143;213;5;218
30144;462;9;471
30145;1620;25;1645
30146;1481;24;1505
30147;1512;27;1539
30148;323;7;330
30149;927;20;947
30150;264;6;270
30151;503;7;510
30152;2044;34;2078
30153;125;0;125
30154;399;7;406
30155;6943;97;7040
30156;8656;164;8820
30158;432;9;441
30159;741;5;746
30160;261;4;265
30161;201;6;207
30162;667;15;682
30163;170;6;176
30164;716;14;730
30165;1195;35;1230
30166;2503;151;2654
30167;794;16;810
30168;619;17;636
30169;5721;134;5855
30170;924;31;955
30171;1219;12;1231
30172;758;8;766
30173;1725;32;1757
30174;1403;37;1440
30175;194;1;195
30176;195;3;198
30177;656;10;666
30178;1521;38;1559
30179;3163;52;3215
30180;578;9;587
30181;458;5;463
30182;1367;22;1389
30183;665;4;669
30184;1523;12;1535
30185;1431;19;1450
30186;1921;51;1972
30187;305;8;313
30188;710;13;723
30189;148561;2225;150786
30191;1186;28;1214
30192;429;12;441
30193;694;6;700
30194;280;2;282
30195;34;3;37
30196;454;11;465
30197;273;8;281
30198;259;6;265
30199;55;1;56
30200;957;14;971
30201;369;6;375
30202;10369;192;10561
30203;334;8;342
30204;363;5;368
30205;249;4;253
30206;4131;121;4252
30207;733;6;739
30208;45;0;45
30209;3921;131;4052
30210;3299;33;3332
30211;4097;58;4155
30212;2259;43;2302
30213;20;0;20
30214;2113;48;2161
30215;391;3;394
30216;823;15;838
30217;7629;185;7814
30218;257;3;260
30219;106;2;108
30220;260;6;266
30221;5545;66;5611
30222;179;7;186
30223;4251;114;4365
30224;607;15;622
30225;1628;53;1681
30226;1242;26;1268
30227;3351;40;3391
30228;1722;33;1755
30229;599;9;608
30230;589;9;598
30231;364;11;375
30232;435;14;449
30233;656;10;666
30234;284;7;291
30235;853;12;865
30236;117;3;120
30237;651;12;663
30238;62;0;62
30239;594;3;597
30240;386;4;390
30241;1915;30;1945
30242;162;2;164
30243;7055;182;7237
30244;359;6;365
30245;804;14;818
30246;109;7;116
30247;288;9;297
30248;462;4;466
30249;1070;13;1083
30250;405;12;417
30251;548;12;560
30252;227;7;234
30253;1169;16;1185
30254;1997;39;2036
30255;3052;32;3084
30256;761;16;777
30257;1999;27;2026
30258;13931;108;14039
30259;4503;79;4582
30260;1080;22;1102
30261;233;4;237
30262;255;12;267
30263;3804;138;3942
30264;170;1;171
30265;241;2;243
30266;852;11;863
30267;524;11;535
30268;626;15;641
30269;2437;171;2608
30270;1517;39;1556
30271;721;15;736
30272;143;6;149
30273;1442;27;1469
30274;3401;62;3463
30275;315;5;320
30276;3536;45;3581
30277;500;9;509
30278;3000;68;3068
30279;658;11;669
30280;360;11;371
30281;1652;23;1675
30282;861;17;878
30283;183;3;186
30284;4497;62;4559
30285;754;8;762
30286;770;18;788
30287;657;11;668
30288;1262;19;1281
30289;86;2;88
30290;1830;59;1889
30291;291;5;296
30292;454;10;464
30293;349;5;354
30294;5275;128;5403
30295;3064;63;3127
30296;151;14;165
30297;224;11;235
30298;503;19;522
30299;1097;48;1145
30300;538;12;550
30301;310;4;314
30302;2135;46;2181
30303;839;21;860
30304;189;3;192
30305;3571;39;3610
30306;554;8;562
30307;2600;26;2626
30308;774;51;825
30309;337;1;338
30310;281;6;287
30311;1903;22;1925
30312;2061;47;2108
30313;758;7;765
30314;235;4;239
30315;2119;39;2158
30316;241;7;248
30317;1765;16;1781
30318;208;4;212
30319;618;23;641
30320;159;2;161
30321;5050;63;5113
30322;267;6;273
30323;122;2;124
30324;877;15;892
30325;1388;34;1422
30326;2029;37;2066
30327;56;2;58
30328;1039;19;1058
30329;438;16;454
30330;935;25;960
30331;1806;50;1856
30332;113;1;114
30333;4424;43;4467
30334;8387;329;8716
30335;134;4;138
30336;1388;20;1408
30337;422;6;428
30338;142;4;146
30339;1415;21;1436
30340;591;11;602
30341;11492;118;11610
30342;1270;42;1312
30343;604;8;612
30344;5308;76;5384
30345;343;1;344
30346;1794;33;1827
30347;1379;21;1400
30348;1816;102;1918
30349;546;3;549
30350;3772;118;3890
30351;12216;401;12617
30352;1791;35;1826
30353;67;1;68
30354;200;4;204
30355;1029;21;1050
30356;2851;172;3023
31001;122;3;125
31002;241;6;247
31003;1272;29;1301
31004;2679;50;2729
31005;293;8;301
31006;221;6;227
31007;64;0;64
31008;253;4;257
31009;186;3;189
31010;99;3;102
31011;268;6;274
31012;99;2;101
31013;358;11;369
31014;81;4;85
31015;22;1;23
31017;101;2;103
31018;227;4;231
31019;32;1;33
31020;874;72;946
31021;128;5;133
31022;8968;94;9062
31023;310;5;315
31024;421;5;426
31025;921;15;936
31026;1055;21;1076
31027;200;5;205
31028;1243;70;1313
31029;335;6;341
31030;78;1;79
31031;590;20;610
31032;7209;80;7289
31033;9923;95;10018
31034;231;9;240
31035;4088;247;4335
31036;1578;48;1626
31037;1602;12;1614
31038;664;11;675
31039;81;2;83
31040;35;1;36
31041;113;2;115
31042;2285;143;2428
31043;140;6;146
31044;16625;287;16912
31045;496;10;506
31046;12;0;12
31047;92;1;93
31048;3395;58;3453
31049;579;14;593
31050;643;9;652
31051;467;5;472
31052;1587;32;1619
31053;1340;28;1368
31054;184;1;185
31055;173;3;176
31056;6973;83;7056
31057;1505;51;1556
31058;128;1;129
31059;114;6;120
31060;111;5;116
31061;191;12;203
31062;107;4;111
31063;166;2;168
31064;27;0;27
31065;3034;59;3093
31066;4127;62;4189
31067;42;0;42
31068;27;0;27
31069;25525;489;26014
31070;451;8;459
31071;441;3;444
31072;68;2;70
31073;659;21;680
31074;289;7;296
31075;1225;22;1247
31076;471;12;483
31077;593;15;608
31078;147;2;149
31079;4723;89;4812
31080;1648;34;1682
31081;5;0;5
31082;1111;21;1132
31083;233;2;235
31084;1061;24;1085
31085;249;3;252
31086;88;4;92
31087;323;2;325
31088;2862;95;2957
31089;679;6;685
31090;374;5;379
31091;5947;105;6052
31092;120;0;120
31093;957;11;968
31094;2870;51;2921
31095;128;1;129
31096;180;1;181
31097;462;12;474
31098;1089;19;1108
31099;399;4;403
31100;2371;31;2402
31101;467;4;471
31102;220;3;223
31103;59;0;59
31104;677;13;690
31105;228;5;233
31106;2544;47;2591
31107;5791;111;5902
31108;269;2;271
31109;467;3;470
31110;644;13;657
31111;279;4;283
31112;190;5;195
31113;14213;249;14462
31114;241;3;244
31115;59;1;60
31116;10682;117;10799
31117;4359;99;4458
31118;6579;103;6682
31119;208;5;213
31120;718;18;736
31121;63;1;64
31122;113;2;115
31123;74;1;75
31124;387;9;396
31125;36;0;36
31126;396;10;406
31127;4;1;5
31128;850;22;872
31129;17;4;21
31130;84;3;87
31131;70;1;71
31132;64;1;65
31133;99;4;103
31134;83;0;83
31135;4799;72;4871
31136;2171;26;2197
31137;155;0;155
31138;250;6;256
31139;195;4;199
31140;177;7;184
31141;218;2;220
31142;239;7;246
31143;277;8;285
31144;730;12;742
31145;2914;65;2979
31146;14;0;14
31147;658;12;670
31148;507;17;524
31149;39968;561;40529
31150;7372;106;7478
31151;859;23;882
31152;94;5;99
31153;416;12;428
31155;231;2;233
31156;358;12;370
31157;19344;253;19597
31158;178;7;185
31159;472;5;477
31160;2432;28;2460
31161;1236;22;1258
31162;1080;86;1166
31163;2649;65;2714
31164;202;6;208
31165;6349;98;6447
31166;279;4;283
31167;700;14;714
31168;130;0;130
31169;6967;162;7129
31170;246;10;256
31171;302;9;311
31172;47;1;48
31173;266;3;269
31174;538;4;542
31175;608;10;618
31176;191;5;196
31177;136;2;138
31178;200;3;203
31179;322;20;342
31180;139;6;145
31181;2089;28;2117
31182;5307;59;5366
31183;317;9;326
31184;2056;38;2094
31185;117;1;118
31186;3011;30;3041
31187;12170;329;12499
31188;5893;161;6054
31189;220;4;224
31190;233;0;233
31191;96;2;98
31192;776;21;797
31193;1904;30;1934
31194;169;2;171
31195;32;0;32
31196;244;3;247
31197;327;8;335
31198;101;3;104
31199;200;7;207
31200;79;4;83
31201;73;0;73
31202;6271;149;6420
31203;9292;162;9454
31204;82;3;85
31205;3130;27;3157
31206;1311;15;1326
31207;78;6;84
31208;327;5;332
31209;147;4;151
31210;1283;24;1307
31211;702;8;710
31212;1928;14;1942
31213;155;3;158
31215;467;15;482
31216;269;10;279
31217;68;1;69
31218;115;4;119
31219;447;2;449
31220;376;5;381
31221;69;0;69
31222;46;0;46
31223;43;1;44
31224;1203;186;1389
31225;186;3;189
31226;81;6;87
31227;843;36;879
31228;1974;43;2017
31229;696;17;713
31230;4387;79;4466
31231;691;8;699
31232;8844;166;9010
31233;997;33;1030
31234;440;8;448
31235;44;1;45
31236;73;1;74
31237;232;30;262
31238;482;11;493
31239;1634;28;1662
31240;601;10;611
31241;295;5;300
31242;18;2;20
31243;69;4;73
31244;381;17;398
31245;188;5;193
31246;866;15;881
31247;1303;28;1331
31248;6271;105;6376
31249;1259;26;1285
31250;675;17;692
31251;145;1;146
31252;1955;25;1980
31253;2938;37;2975
31254;4008;142;4150
31255;319;10;329
31256;290;6;296
31258;241;6;247
31259;2081;49;2130
31260;96;1;97
31261;1224;19;1243
31262;421;11;432
31263;3169;57;3226
31264;557;7;564
31265;242;4;246
31266;199;1;200
31267;66;0;66
31268;135;3;138
31269;1510;15;1525
31270;1013;35;1048
31271;2155;42;2197
31272;65;3;68
31273;2886;69;2955
31274;182;5;187
31275;160;5;165
31276;287;5;292
31277;1543;42;1585
31278;317;5;322
31279;77;1;78
31280;372;13;385
31281;1336;32;1368
31282;9050;112;9162
31283;267;1;268
31284;1654;55;1709
31285;759;13;772
31286;614;8;622
31287;3255;83;3338
31288;311;9;320
31289;280;3;283
31290;36;1;37
31291;9359;253;9612
31292;73;1;74
31293;2828;23;2851
31294;91;1;92
31295;83;0;83
31296;437;11;448
31297;2139;42;2181
31299;3777;82;3859
31300;127;3;130
31301;131;1;132
31302;291;7;298
31303;3160;34;3194
31304;451;10;461
31305;197;6;203
31306;92;0;92
31308;48;0;48
31309;229;2;231
31310;339;5;344
31311;1181;21;1202
31312;35;1;36
31313;110;2;112
31314;384;5;389
31315;956;46;1002
31316;490;8;498
31317;469;9;478
31318;206;5;211
31319;138;1;139
31320;956;41;997
31321;125;8;133
31322;66;2;68
31323;351;13;364
31324;2414;44;2458
31325;187;12;199
31326;93;0;93
31327;214;1;215
31328;317;10;327
31329;208;2;210
31330;506;11;517
31331;307;12;319
31332;217;4;221
31333;89;3;92
31334;1301;23;1324
31335;25;2;27
31336;628;12;640
31337;92;1;93
31338;781;23;804
31339;490;6;496
31340;291;9;300
31341;6054;103;6157
31342;173;0;173
31343;61;0;61
31344;766;12;778
31345;2623;36;2659
31346;1104;14;1118
31347;167;4;171
31348;37;0;37
31349;905;18;923
31350;81;1;82
31351;5166;93;5259
31352;224;11;235
31353;88;0;88
31354;54;0;54
31355;1758;53;1811
31356;1839;46;1885
31357;305;2;307
31358;3576;101;3677
31359;70;2;72
31360;503;7;510
31361;516;5;521
31362;203;5;208
31363;217;5;222
31364;3088;66;3154
31365;470;11;481
31366;654;21;675
31367;76;5;81
31368;242;13;255
31369;42;2;44
31370;143;1;144
31371;423;15;438
31372;459;7;466
31373;179;2;181
31374;1009;13;1022
31375;3111;68;3179
31376;104;3;107
31377;711;9;720
31378;82;2;84
31379;178;2;180
31380;507;8;515
31381;2530;59;2589
31382;112;1;113
31383;1304;26;1330
31384;1769;36;1805
31385;201;4;205
31386;214;6;220
31387;129;0;129
31388;387;12;399
31389;4111;78;4189
31390;2751;33;2784
31391;453;31;484
31392;78;4;82
31393;167;5;172
31394;129;3;132
31395;24797;564;25361
31396;3928;64;3992
31397;56;1;57
31398;96;1;97
31399;2912;64;2976
31400;90;0;90
31401;393;6;399
31402;906;32;938
31403;767;133;900
31404;101;4;105
31405;114;3;117
31406;814;11;825
31407;1239;29;1268
31408;88;3;91
31409;2352;54;2406
31410;4544;89;4633
31411;947;22;969
31412;267;8;275
31413;509;12;521
31414;80;2;82
31415;82;2;84
31416;585;7;592
31417;8578;255;8833
31418;938;33;971
31419;173;4;177
31420;2840;37;2877
31421;4318;69;4387
31422;93;0;93
31423;306;3;309
31424;19402;411;19813
31425;442;7;449
31426;854;11;865
31427;941;15;956
31428;53;2;55
31429;2307;38;2345
31430;596;14;610
31431;61;1;62
31432;38;4;42
31433;9812;124;9936
31434;80;4;84
31435;935;14;949
31436;412;10;422
31437;85;4;89
31439;720;15;735
31440;71;1;72
31441;148;2;150
31442;552;9;561
31443;291;5;296
31444;139;4;143
31445;5896;118;6014
31446;14600;317;14917
31447;35;1;36
31448;472;25;497
31449;139;4;143
31450;545;13;558
31451;9637;297;9934
31452;56;0;56
31453;137;2;139
31454;3578;86;3664
31455;2611;56;2667
31456;51;1;52
31457;794;13;807
31458;4757;54;4811
31459;756;19;775
31460;4212;68;4280
31461;289;3;292
31462;1931;41;1972
31463;247;4;251
31464;323;9;332
31465;19;0;19
31466;809;22;831
31467;6217;50;6267
31468;233;8;241
31469;137;3;140
31470;64;3;67
31471;383;8;391
31472;240;6;246
31473;434;1;435
31474;239;4;243
31475;1410;27;1437
31476;919;21;940
31477;42;0;42
31478;1266;34;1300
31479;60;1;61
31480;2174;66;2240
31481;2093;46;2139
31482;213;4;217
31483;11773;564;12337
31484;2522;65;2587
31485;116;2;118
31486;1373;22;1395
31487;228;5;233
31488;11017;138;11155
31489;395;12;407
31490;6383;68;6451
31491;413;11;424
31492;552;5;557
31493;132;6;138
31494;178;1;179
31495;1293;13;1306
31496;258;13;271
31497;2221;46;2267
31498;37;0;37
31499;9521;183;9704
31500;555;19;574
31501;436;7;443
31502;361;9;370
31503;997;11;1008
31504;223;16;239
31505;318;6;324
31506;12696;229;12925
31507;1622;25;1647
31508;34;0;34
31509;155;1;156
31510;141;0;141
31511;234;8;242
31512;892;27;919
31513;392;6;398
31514;59;2;61
31515;436;9;445
31516;1791;16;1807
31517;2325;61;2386
31518;576;15;591
31519;200;8;208
31520;122;3;125
31521;339;8;347
31522;59;2;61
31523;1763;106;1869
31524;129;2;131
31525;588;14;602
31526;8474;194;8668
31527;150;3;153
31528;123;4;127
31529;112;2;114
31530;249;5;254
31531;78;0;78
31532;93;0;93
31533;2297;51;2348
31534;208;0;208
31535;682;17;699
31536;252;8;260
31537;180;5;185
31538;220;4;224
31539;62;3;65
31540;320;8;328
31541;3284;73;3357
31542;210;3;213
31543;113;2;115
31544;215;2;217
31545;210;4;214
31546;130;2;132
31547;9481;124;9605
31548;51;0;51
31549;19;0;19
31550;523;15;538
31551;539;17;556
31552;138;4;142
31553;1146;25;1171
31554;238;1;239
31555;493465;5131;498596
31556;377;9;386
31557;28117;615;28732
31558;388;5;393
31559;7;0;7
31560;475;8;483
31561;11798;164;11962
31562;120;1;121
31563;1339;37;1376
31564;142;1;143
31565;878;15;893
31566;519;4;523
31567;435;6;441
31568;272;5;277
31569;384;10;394
31570;305;5;310
31571;285;4;289
31572;2702;86;2788
31573;3658;71;3729
31574;3059;35;3094
31575;1168;37;1205
31576;354;7;361
31577;144;0;144
31578;931;31;962
31579;790;13;803
31580;1007;21;1028
31581;1578;32;1610
31582;4806;65;4871
31583;1083;25;1108
31584;6034;88;6122
31585;1790;42;1832
31586;561;3;564
31587;1627;12;1639
31588;10050;126;10176
31589;1431;19;1450
31590;45;0;45
31591;79;1;80
31592;2046;32;2078
31593;86;0;86
32001;726;54;780
32002;79;5;84
32003;46;2;48
32004;136;2;138
32005;322;5;327
32007;223;5;228
32008;74;0;74
32009;90;1;91
32010;96;0;96
32012;1107;29;1136
32013;22173;1103;23276
32014;115;5;120
32015;89;1;90
32016;672;16;688
32017;133;5;138
32018;213;3;216
32019;516;17;533
32020;275;9;284
32021;74;1;75
32022;165;6;171
32023;112;3;115
32024;162;3;165
32025;160;2;162
32026;111;0;111
32027;1368;38;1406
32028;105;3;108
32029;664;20;684
32030;123;3;126
32031;169;2;171
32032;319;4;323
32033;107;0;107
32034;53;3;56
32035;241;4;245
32036;661;40;701
32037;129;7;136
32038;206;8;214
32039;119;4;123
32040;136;1;137
32041;173;4;177
32042;130;4;134
32043;150;4;154
32044;311;9;320
32045;418;19;437
32046;205;1;206
32047;111;1;112
32048;88;0;88
32049;76;3;79
32050;97;4;101
32051;129;2;131
32052;137;4;141
32053;193;3;196
32054;384;9;393
32055;134;2;136
32056;49;3;52
32057;131;3;134
32058;41;2;43
32059;135;2;137
32060;221;4;225
32061;186;3;189
32062;162;2;164
32063;174;8;182
32064;403;12;415
32065;249;3;252
32066;253;12;265
32067;51;4;55
32068;138;3;141
32069;66;3;69
32070;211;3;214
32071;185;9;194
32072;49;1;50
32073;215;3;218
32075;228;4;232
32076;546;10;556
32077;87;2;89
32078;231;9;240
32079;1215;22;1237
32080;143;6;149
32081;131;2;133
32082;353;6;359
32083;1006;24;1030
32084;52;2;54
32085;173;7;180
32086;78;2;80
32087;121;4;125
32088;324;0;324
32089;247;6;253
32090;341;8;349
32091;358;17;375
32092;92;4;96
32093;103;7;110
32094;429;16;445
32095;601;12;613
32096;1654;36;1690
32097;116;2;118
32098;323;5;328
32099;72;2;74
32100;163;4;167
32101;227;3;230
32102;228;2;230
32103;166;8;174
32104;162;3;165
32105;397;11;408
32106;927;70;997
32107;6493;206;6699
32108;153;10;163
32109;194;5;199
32110;399;5;404
32111;51;0;51
32112;252;12;264
32113;90;1;91
32114;123;5;128
32115;328;3;331
32116;149;4;153
32117;853;28;881
32118;138;5;143
32119;3975;71;4046
32120;425;9;434
32121;506;16;522
32122;345;10;355
32123;566;13;579
32124;187;0;187
32125;125;1;126
32126;161;1;162
32127;656;15;671
32128;204;12;216
32129;149;0;149
32130;217;1;218
32131;157;2;159
32132;5924;111;6035
32133;261;2;263
32134;344;6;350
32135;134;5;139
32136;174;5;179
32138;154;4;158
32139;112;1;113
32140;70;0;70
32141;115;0;115
32142;139;2;141
32143;273;11;284
32144;73;0;73
32145;47;2;49
32146;272;4;276
32147;3016;69;3085
32148;103;0;103
32149;1201;35;1236
32150;213;6;219
32151;63;0;63
32152;335;11;346
32153;168;1;169
32154;111;1;112
32155;1161;51;1212
32156;216;4;220
32157;190;3;193
32158;241;10;251
32159;550;14;564
32160;9072;222;9294
32161;91;4;95
32162;1147;50;1197
32163;295;9;304
32164;115;2;117
32165;219;6;225
32166;121;1;122
32167;308;5;313
32169;147;4;151
32170;141;3;144
32171;179;1;180
32172;295;15;310
32173;213;8;221
32174;222;4;226
32175;220;7;227
32176;122;5;127
32177;168;5;173
32178;77;3;80
32180;562;9;571
32181;245;2;247
32182;180;6;186
32183;232;11;243
32184;131;3;134
32185;153;4;157
32186;80;0;80
32187;119;7;126
32188;78;3;81
32189;106;3;109
32190;507;6;513
32191;145;1;146
32192;234;7;241
32193;233;3;236
32194;208;7;215
32195;45;2;47
32196;165;0;165
32197;223;6;229
32198;193;4;197
32199;190;9;199
32200;372;11;383
32201;339;7;346
32202;280;15;295
32203;253;3;256
32204;369;11;380
32205;107;1;108
32206;213;3;216
32207;342;17;359
32208;3672;355;4027
32209;283;3;286
32210;736;15;751
32211;195;7;202
32212;215;4;219
32213;2156;36;2192
32214;101;3;104
32215;146;10;156
32216;166;1;167
32217;61;2;63
32218;63;0;63
32219;307;11;318
32220;142;3;145
32221;236;3;239
32222;234;3;237
32223;60;31;91
32224;234;2;236
32225;104;5;109
32226;82;5;87
32227;804;27;831
32228;92;1;93
32229;71;8;79
32230;46;4;50
32231;437;14;451
32232;41;0;41
32233;1208;85;1293
32234;330;7;337
32235;161;8;169
32236;65;3;68
32237;483;11;494
32238;86;3;89
32239;448;11;459
32240;63;4;67
32241;170;6;176
32242;1498;397;1895
32243;269;3;272
32244;164;4;168
32245;147;7;154
32246;201;3;204
32247;309;7;316
32248;144;4;148
32249;2218;50;2268
32250;77;1;78
32251;69;0;69
32252;1111;20;1131
32253;525;12;537
32254;345;14;359
32255;155;5;160
32256;3450;301;3751
32257;61;4;65
32258;230;5;235
32260;76;4;80
32261;370;7;377
32262;394;14;408
32263;127;3;130
32264;211;3;214
32265;108;2;110
32266;145;1;146
32267;113;2;115
32268;811;29;840
32269;496;4;500
32270;84;1;85
32271;298;8;306
32272;167;3;170
32273;179;11;190
32274;205;3;208
32275;45;1;46
32276;71;1;72
32277;121;3;124
32278;118;7;125
32279;710;19;729
32280;94;2;96
32281;107;5;112
32282;677;12;689
32283;284;7;291
32284;63;1;64
32285;572;18;590
32286;701;11;712
32287;79;1;80
32288;145;3;148
32289;239;4;243
32290;1171;34;1205
32291;120;2;122
32292;397;13;410
32293;74;2;76
32294;75;3;78
32295;138;8;146
32296;2027;165;2192
32297;378;11;389
32298;372;12;384
32299;101;0;101
32300;294;3;297
32301;895;24;919
32302;226;11;237
32303;62;2;64
32304;290;9;299
32305;412;8;420
32306;615;48;663
32307;2501;119;2620
32308;108;2;110
32309;114;5;119
32310;123;1;124
32311;325;6;331
32312;672;14;686
32313;139;4;143
32314;75;5;80
32315;156;2;158
32316;106;3;109
32317;67;1;68
32318;111;2;113
32319;1429;26;1455
32320;150;7;157
32321;273;5;278
32322;203;3;206
32323;108;5;113
32324;80;3;83
32325;130;3;133
32326;145;4;149
32327;85;1;86
32328;120;6;126
32329;163;3;166
32330;195;5;200
32331;1250;35;1285
32332;126;1;127
32333;182;0;182
32334;1578;39;1617
32335;447;9;456
32336;160;9;169
32337;74;3;77
32338;168;5;173
32339;245;9;254
32340;286;3;289
32341;245;4;249
32342;57;2;59
32343;175;7;182
32344;1829;100;1929
32345;568;15;583
32346;212;5;217
32347;283;7;290
32348;562;23;585
32349;103;4;107
32350;33;2;35
32351;108;1;109
32352;115;4;119
32353;146;7;153
32354;138;1;139
32355;86;2;88
32356;127;1;128
32357;128;1;129
32358;190;4;194
32359;154;5;159
32360;139;3;142
32361;136;8;144
32362;143;3;146
32363;95;4;99
32364;95;3;98
32365;335;6;341
32366;74;1;75
32367;64;2;66
32368;544;11;555
32369;376;12;388
32370;1046;66;1112
32371;80;1;81
32372;288;4;292
32373;204;10;214
32374;181;6;187
32375;95;4;99
32376;114;3;117
32377;179;1;180
32378;499;6;505
32379;208;7;215
32380;138;10;148
32381;411;20;431
32382;309;14;323
32383;127;6;133
32384;278;6;284
32385;184;1;185
32386;143;1;144
32387;101;2;103
32388;439;7;446
32389;457;20;477
32390;240;5;245
32391;122;7;129
32392;88;1;89
32393;137;5;142
32394;338;5;343
32395;209;4;213
32396;234;3;237
32397;244;14;258
32398;315;10;325
32399;81;3;84
32400;208;9;217
32401;89;1;90
32402;106;3;109
32403;61;1;62
32404;589;15;604
32405;178;6;184
32406;355;10;365
32407;160;4;164
32408;134;4;138
32409;91;0;91
32410;2328;102;2430
32411;100;3;103
32412;842;14;856
32413;82;2;84
32414;231;6;237
32415;90;1;91
32416;361;15;376
32417;403;13;416
32418;279;64;343
32419;106;3;109
32420;66;2;68
32421;139;1;140
32422;43;1;44
32423;57;3;60
32424;225;8;233
32425;1168;28;1196
32426;1096;10;1106
32427;60;1;61
32428;66;4;70
32429;296;5;301
32430;80;0;80
32431;39;4;43
32432;242;2;244
32433;711;17;728
32434;97;3;100
32435;167;9;176
32436;482;6;488
32437;227;6;233
32438;101;0;101
32439;169;2;171
32440;250;6;256
32441;61;0;61
32442;381;4;385
32443;186;3;189
32444;260;7;267
32445;156;5;161
32446;285;6;291
32447;91;1;92
32448;507;16;523
32449;272;2;274
32450;128;4;132
32451;182;2;184
32452;260;8;268
32453;111;6;117
32454;69;3;72
32455;183;5;188
32456;53;0;53
32457;282;13;295
32458;233;3;236
32459;1122;20;1142
32460;306;8;314
32461;114;3;117
32462;3546;61;3607
32463;511;11;522
32464;840;20;860
32465;123;5;128
32466;114;2;116
32467;142;4;146
32468;84;0;84
33001;1982;26;2008
33002;834;14;848
33003;16636;156;16792
33004;3053;19;3072
33005;12242;275;12517
33006;931;12;943
33007;1335;7;1342
33008;489;8;497
33009;11630;268;11898
33010;529;7;536
33011;6381;122;6503
33012;3747;48;3795
33013;8656;79;8735
33014;1110;21;1131
33015;1992;41;2033
33016;443;9;452
33017;276;11;287
33018;3621;42;3663
33019;8680;121;8801
33020;143;0;143
33021;1049;14;1063
33022;3018;41;3059
33023;1332;16;1348
33024;301;9;310
33025;450;4;454
33026;497;5;502
33027;289;9;298
33028;1170;16;1186
33029;5605;81;5686
33030;2074;22;2096
33031;131;5;136
33032;7472;61;7533
33033;919;7;926
33034;460;4;464
33035;721;2;723
33036;4801;256;5057
33037;2330;39;2369
33038;915;8;923
33039;30642;349;30991
33040;1202;13;1215
33042;5732;93;5825
33043;278;1;279
33044;220;6;226
33045;335;8;343
33046;1125;30;1155
33047;1812;31;1843
33048;266;7;273
33049;2489;27;2516
33050;639;8;647
33051;10990;123;11113
33052;1148;35;1183
33053;229;1;230
33054;286;5;291
33055;464;4;468
33056;15419;605;16024
33057;909;20;929
33058;4838;112;4950
33059;306;6;312
33060;454;67;521
33061;990;19;1009
33062;742;12;754
33063;260958;3299;264257
33064;38;0;38
33065;3706;72;3778
33066;90;1;91
33067;2278;38;2316
33068;93;3;96
33069;23890;277;24167
33070;786;2;788
33071;1307;17;1324
33072;241;4;245
33073;1535;29;1564
33074;202;8;210
33075;19403;187;19590
33076;808;14;822
33077;2413;26;2439
33078;507;12;519
33079;356;7;363
33080;6464;70;6534
33081;2836;28;2864
33082;1331;16;1347
33083;1019;13;1032
33084;1732;17;1749
33085;2984;142;3126
33086;360;5;365
33087;414;5;419
33088;598;10;608
33089;503;6;509
33090;6061;73;6134
33093;775;17;792
33094;217;7;224
33095;1358;21;1379
33096;8254;82;8336
33097;2418;36;2454
33098;509;5;514
33099;4141;43;4184
33100;1201;21;1222
33101;1233;21;1254
33102;383;4;387
33103;53;0;53
33104;4804;65;4869
33105;222;12;234
33106;1454;19;1473
33108;3194;35;3229
33109;2391;19;2410
33111;1117;15;1132
33112;142;2;144
33113;154;3;157
33114;2198;15;2213
33115;236;1;237
33116;409;5;414
33117;225;3;228
33118;2082;34;2116
33119;25496;227;25723
33120;2138;20;2158
33121;190;2;192
33122;17053;276;17329
33123;2654;33;2687
33124;727;15;742
33125;2191;27;2218
33126;860;22;882
33127;222;5;227
33128;659;14;673
33129;155;0;155
33130;1035;27;1062
33131;209;2;211
33132;550;8;558
33133;72;1;73
33134;271;7;278
33135;128;2;130
33136;283;4;287
33137;221;4;225
33138;8602;130;8732
33139;98;3;101
33140;4832;100;4932
33141;691;9;700
33142;1650;16;1666
33143;2501;26;2527
33144;792;130;922
33145;659;18;677
33146;2330;28;2358
33147;470;6;476
33148;88;5;93
33149;154;1;155
33150;340;2;342
33151;915;18;933
33152;119;5;124
33153;266;4;270
33154;2142;101;2243
33155;158;4;162
33156;288;8;296
33157;792;15;807
33158;240;8;248
33159;1481;14;1495
33160;587;17;604
33161;764;6;770
33162;24488;264;24752
33163;433;6;439
33164;1651;34;1685
33165;3203;34;3237
33166;510;4;514
33167;18181;97;18278
33168;587;9;596
33169;109;4;113
33170;789;16;805
33171;231;3;234
33172;287;13;300
33173;188;7;195
33174;1142;34;1176
33175;739;10;749
33176;352;7;359
33177;2344;42;2386
33178;373;3;376
33179;3022;55;3077
33180;190;8;198
33181;280;4;284
33182;730;16;746
33183;1382;15;1397
33184;541;11;552
33185;1987;36;2023
33186;710;10;720
33187;1316;24;1340
33188;183;3;186
33189;430;10;440
33190;88;1;89
33191;586;4;590
33192;25694;334;26028
33193;1486;23;1509
33194;698;15;713
33195;1197;8;1205
33196;160;4;164
33197;451;6;457
33198;1591;35;1626
33199;21887;447;22334
33200;11539;189;11728
33201;833;18;851
33202;1433;18;1451
33203;3813;67;3880
33204;542;7;549
33205;1377;21;1398
33206;523;3;526
33207;6167;68;6235
33208;957;10;967
33209;283;7;290
33210;229;4;233
33211;599;2;601
33212;124;1;125
33213;4420;491;4911
33214;5070;72;5142
33215;194;6;200
33216;171;5;176
33218;1667;16;1683
33219;2540;25;2565
33220;1323;12;1335
33221;1166;23;1189
33222;659;15;674
33223;218;3;221
33224;100;0;100
33225;2195;37;2232
33226;2154;31;2185
33227;7357;146;7503
33228;701;10;711
33229;7285;139;7424
33230;507;10;517
33231;287;4;291
33232;39;0;39
33233;2844;21;2865
33234;3523;146;3669
33235;230;2;232
33236;8352;170;8522
33237;820;20;840
33238;10571;173;10744
33239;478;5;483
33240;5808;99;5907
33241;571;8;579
33242;555;10;565
33243;24257;544;24801
33244;439;8;447
33245;811;15;826
33246;150;6;156
33247;176;3;179
33248;2788;39;2827
33249;23181;317;23498
33250;313;8;321
33251;730;9;739
33252;834;12;846
33253;1118;10;1128
33254;510;8;518
33255;244;3;247
33256;5131;45;5176
33257;496;6;502
33258;304;7;311
33259;1346;24;1370
33260;974;21;995
33261;1240;38;1278
33262;4410;25;4435
33263;277;4;281
33264;1001;12;1013
33266;813;19;832
33268;2876;31;2907
33269;393;4;397
33270;183;8;191
33271;218;2;220
33272;1213;22;1235
33273;7624;131;7755
33274;3279;40;3319
33275;106;1;107
33276;142;5;147
33277;225;6;231
33278;236;6;242
33279;775;10;785
33280;542;4;546
33281;72197;723;72920
33282;350;4;354
33283;230;3;233
33284;10781;128;10909
33285;429;8;437
33287;601;5;606
33288;287;4;291
33289;1604;71;1675
33290;1521;132;1653
33291;178;3;181
33292;137;7;144
33293;3364;50;3414
33294;549;8;557
33295;86;9;95
33296;1032;15;1047
33297;1877;34;1911
33298;1006;19;1025
33299;385;8;393
33300;1083;23;1106
33301;605;6;611
33302;345;11;356
33303;841;8;849
33304;145;4;149
33305;509;5;514
33306;501;6;507
33307;1676;36;1712
33308;306;2;308
33309;496;6;502
33310;184;2;186
33311;1204;24;1228
33312;9136;84;9220
33314;4997;82;5079
33315;1622;21;1643
33316;968;13;981
33317;1194;16;1210
33318;65245;762;66007
33319;446;9;455
33320;720;11;731
33321;2148;28;2176
33322;6890;141;7031
33323;910;18;928
33324;4438;111;4549
33325;935;21;956
33326;219;5;224
33327;3160;49;3209
33328;579;11;590
33329;267;3;270
33330;3170;54;3224
33331;463;14;477
33332;867;11;878
33333;3294;46;3340
33334;2757;34;2791
33335;622;8;630
33336;1003;13;1016
33337;2154;33;2187
33339;1374;29;1403
33341;2325;33;2358
33342;823;21;844
33343;830;16;846
33344;528;6;534
33345;407;4;411
33346;418;11;429
33347;307;9;316
33348;1367;15;1382
33349;2195;22;2217
33350;1236;25;1261
33351;1602;26;1628
33352;4355;82;4437
33353;198;4;202
33354;192;5;197
33355;1525;36;1561
33356;431;1;432
33357;1742;27;1769
33358;467;8;475
33359;284;3;287
33360;308;3;311
33361;598;10;608
33362;1300;15;1315
33363;4499;70;4569
33364;385;7;392
33365;201;9;210
33366;12372;181;12553
33367;432;4;436
33369;675;12;687
33370;542;8;550
33372;56;2;58
33373;582;10;592
33374;866;19;885
33375;368;8;376
33376;7495;214;7709
33377;78;3;81
33378;1478;22;1500
33379;315;2;317
33380;1779;23;1802
33381;3399;34;3433
33382;1904;30;1934
33383;277;3;280
33384;418;7;425
33385;653;5;658
33386;191;6;197
33387;1481;24;1505
33388;781;16;797
33389;3021;42;3063
33390;422;9;431
33391;321;4;325
33392;866;16;882
33393;5688;68;5756
33394;1859;47;1906
33395;1592;50;1642
33396;195;4;199
33397;4832;82;4914
33398;168;2;170
33399;289;7;296
33400;340;5;345
33401;148;2;150
33402;2627;31;2658
33403;131;2;133
33404;190;4;194
33405;494;12;506
33406;380;7;387
33407;856;17;873
33408;383;17;400
33409;86;1;87
33411;156;3;159
33412;1256;20;1276
33413;2231;36;2267
33414;390;4;394
33415;1905;20;1925
33416;927;19;946
33417;2838;44;2882
33418;375;7;382
33419;79;0;79
33420;130;1;131
33421;463;7;470
33422;8980;163;9143
33423;611;0;611
33424;4860;88;4948
33425;1484;28;1512
33426;252;1;253
33427;247;5;252
33428;84;0;84
33429;326;5;331
33431;341;4;345
33432;236;2;238
33433;9909;108;10017
33434;2161;15;2176
33435;2078;95;2173
33436;1042;21;1063
33437;2029;11;2040
33438;1994;49;2043
33439;1624;19;1643
33440;239;5;244
33441;1158;98;1256
33442;550;5;555
33443;154;3;157
33444;576;10;586
33445;844;17;861
33446;168;1;169
33447;2391;22;2413
33448;3098;40;3138
33449;31808;520;32328
33450;245;3;248
33451;527;4;531
33452;836;13;849
33453;222;4;226
33454;1724;21;1745
33456;497;8;505
33457;600;10;610
33458;977;17;994
33459;187;3;190
33460;609;12;621
33461;375;5;380
33462;493;10;503
33463;1311;20;1331
33464;289;6;295
33465;1227;21;1248
33466;2559;32;2591
33467;238;4;242
33468;435;9;444
33470;871;24;895
33471;1280;23;1303
33472;360;6;366
33473;3250;37;3287
33474;3423;41;3464
33475;408;6;414
33476;704;12;716
33477;763;17;780
33478;3141;21;3162
33479;251;2;253
33480;1316;29;1345
33481;230;3;233
33482;250;3;253
33483;4762;67;4829
33484;1831;31;1862
33485;1910;32;1942
33486;355;9;364
33487;1000;8;1008
33488;357;13;370
33489;354;5;359
33490;1791;24;1815
33491;383;5;388
33492;2427;24;2451
33493;348;24;372
33494;1171;11;1182
33496;2630;40;2670
33498;7411;139;7550
33499;333;9;342
33500;429;9;438
33501;3255;57;3312
33502;485;5;490
33503;532;9;541
33504;814;9;823
33505;1546;55;1601
33506;1853;22;1875
33507;324;11;335
33508;626;13;639
33509;501;9;510
33510;218;1;219
33511;339;4;343
33512;362;8;370
33513;122;2;124
33514;2825;25;2850
33515;422;8;430
33516;199;5;204
33517;1655;17;1672
33518;1084;23;1107
33519;10141;145;10286
33520;283;3;286
33521;764;7;771
33522;43820;979;44799
33523;2054;24;2078
33524;337;7;344
33525;1297;21;1318
33526;133;3;136
33527;8500;179;8679
33528;633;7;640
33529;26168;378;26546
33530;880;9;889
33531;346;5;351
33532;472;9;481
33533;2752;28;2780
33534;802;11;813
33535;4895;52;4947
33536;257;5;262
33537;459;10;469
33538;539;10;549
33539;4123;53;4176
33540;2410;37;2447
33541;1017;17;1034
33542;946;14;960
33543;1020;9;1029
33544;1326;11;1337
33545;1314;22;1336
33546;503;12;515
33547;1120;26;1146
33548;1250;24;1274
33549;348;6;354
33550;36754;205;36959
33551;397;6;403
33552;1092;13;1105
33553;1171;5;1176
33554;2838;23;2861
33555;4992;81;5073
34001;1795;24;1819
34002;1259;25;1284
34003;29600;400;30000
34004;245;4;249
34005;285;9;294
34006;271;7;278
34007;470;5;475
34008;605;11;616
34009;1753;28;1781
34010;2918;39;2957
34011;111;4;115
34012;973;25;998
34013;1662;29;1691
34014;1488;42;1530
34015;164;3;167
34016;531;17;548
34017;494;16;510
34018;923;15;938
34019;276;8;284
34020;360;12;372
34021;297;6;303
34022;7654;101;7755
34023;6991;91;7082
34024;2648;42;2690
34025;2155;35;2190
34026;221;4;225
34027;2144;49;2193
34028;5743;231;5974
34029;681;10;691
34030;211;0;211
34031;5162;76;5238
34032;78308;1242;79550
34033;2072;41;2113
34034;39;1;40
34035;1028;19;1047
34036;1362;24;1386
34037;3367;56;3423
34038;1584;24;1608
34039;1643;24;1667
34040;54;0;54
34041;940;17;957
34042;605;14;619
34043;361;5;366
34044;341;10;351
34045;524;16;540
34046;49;0;49
34047;699;10;709
34048;310;5;315
34049;229;4;233
34050;1950;26;1976
34051;3506;46;3552
34052;3281;59;3340
34053;128;0;128
34054;106;1;107
34055;216;3;219
34056;1253;24;1277
34057;22534;382;22916
34058;6294;103;6397
34059;315;6;321
34060;402;5;407
34061;619;10;629
34062;152;1;153
34063;2538;47;2585
34064;458;14;472
34065;608;11;619
34066;215;3;218
34067;1536;40;1576
34068;412;9;421
34069;5060;94;5154
34070;627;12;639
34071;329;5;334
34072;27;1;28
34073;2560;50;2610
34074;2336;49;2385
34075;413;8;421
34076;1368;26;1394
34077;5411;101;5512
34078;1671;37;1708
34079;9029;161;9190
34080;482;14;496
34081;2684;44;2728
34082;1742;41;1783
34083;326;3;329
34084;1724;31;1755
34085;353;4;357
34086;616;13;629
34087;3454;31;3485
34088;6423;78;6501
34089;1313;26;1339
34090;9310;133;9443
34091;56;0;56
34092;967;17;984
34093;146;5;151
34094;1109;23;1132
34095;7293;127;7420
34096;546;9;555
34097;473;6;479
34098;153;4;157
34099;48;1;49
34100;55;4;59
34101;5057;79;5136
34102;349;9;358
34103;1045;19;1064
34104;126;0;126
34105;254;3;257
34106;180;9;189
34107;343;3;346
34108;23028;227;23255
34109;844;19;863
34110;733;26;759
34111;4098;102;4200
34112;207;4;211
34113;6507;79;6586
34114;6480;114;6594
34115;118;1;119
34116;8798;99;8897
34117;608;9;617
34118;502;12;514
34119;1515;26;1541
34120;6808;102;6910
34121;285;13;298
34122;528;7;535
34123;11344;103;11447
34124;308;10;318
34125;111;4;115
34126;2500;17;2517
34127;3099;43;3142
34128;1625;31;1656
34129;17453;227;17680
34130;1770;29;1799
34131;638;20;658
34132;205;2;207
34133;57;0;57
34134;3328;54;3382
34135;3299;54;3353
34136;1567;29;1596
34137;148;7;155
34138;333;13;346
34139;1385;40;1425
34140;3218;85;3303
34141;521;8;529
34142;7477;237;7714
34143;2191;39;2230
34144;661;13;674
34145;26385;242;26627
34146;4367;45;4412
34147;3371;52;3423
34148;4628;85;4713
34149;717;2;719
34150;7734;104;7838
34151;6407;78;6485
34152;672;10;682
34153;2005;41;2046
34154;16705;194;16899
34155;2260;48;2308
34156;44;3;47
34157;12307;166;12473
34158;103;1;104
34159;3310;50;3360
34160;627;15;642
34161;3960;75;4035
34162;4324;59;4383
34163;4052;47;4099
34164;1028;11;1039
34165;2934;60;2994
34166;2865;51;2916
34167;254;4;258
34168;74;0;74
34169;3960;162;4122
34170;213;5;218
34171;163;4;167
34172;295542;3391;298933
34173;1360;24;1384
34174;866;26;892
34175;205;5;210
34176;2753;29;2782
34177;324;10;334
34178;3105;54;3159
34179;1863;30;1893
34180;1437;23;1460
34181;1039;25;1064
34182;1827;29;1856
34183;3996;61;4057
34184;677;15;692
34185;507;11;518
34186;522;12;534
34187;662;14;676
34188;188;4;192
34189;1687;19;1706
34190;237;7;244
34191;571;12;583
34192;5844;41;5885
34193;177;6;183
34194;4016;53;4069
34195;55;1;56
34196;159;5;164
34197;1040;17;1057
34198;9016;122;9138
34199;8002;271;8273
34200;236;10;246
34201;293;7;300
34202;7959;109;8068
34203;1906;22;1928
34204;1373;17;1390
34205;283;10;293
34206;538;11;549
34207;2196;44;2240
34208;358;15;373
34209;3104;64;3168
34210;2082;46;2128
34211;1008;30;1038
34212;175;6;181
34213;5993;78;6071
34214;1172;18;1190
34215;959;22;981
34216;334;9;343
34217;5908;111;6019
34218;310;8;318
34219;505;9;514
34220;251;5;256
34221;499;11;510
34222;616;13;629
34223;1152;23;1175
34224;1348;23;1371
34225;3037;50;3087
34226;1796;26;1822
34227;2109;29;2138
34228;77;5;82
34229;739;26;765
34230;147;4;151
34231;21;2;23
34232;604;11;615
34233;210;3;213
34234;97;1;98
34235;275;5;280
34236;68;0;68
34237;2187;29;2216
34238;36;1;37
34239;6198;106;6304
34240;3786;33;3819
34241;873;14;887
34242;1074;24;1098
34243;2001;31;2032
34244;3209;43;3252
34245;1697;34;1731
34246;2107;44;2151
34247;5016;244;5260
34248;943;17;960
34249;2735;58;2793
34250;302;7;309
34251;519;17;536
34252;253;5;258
34253;34;1;35
34254;1163;32;1195
34255;10197;265;10462
34256;2017;33;2050
34257;216;2;218
34258;1669;30;1699
34259;5552;66;5618
34260;855;15;870
34261;245;8;253
34262;250;0;250
34263;433;3;436
34264;210;0;210
34265;750;23;773
34266;500;7;507
34267;1727;34;1761
34268;634;17;651
34269;147;6;153
34270;11086;204;11290
34271;219;3;222
34272;3278;29;3307
34273;143;5;148
34274;2766;26;2792
34276;4883;96;4979
34277;186;6;192
34278;55;1;56
34279;325;3;328
34280;615;7;622
34281;2329;37;2366
34282;1248;19;1267
34283;135;1;136
34284;1794;185;1979
34285;638;11;649
34286;401;12;413
34287;267;7;274
34288;976;22;998
34289;2807;36;2843
34290;719;10;729
34291;355;23;378
34292;302;6;308
34293;1132;20;1152
34294;1011;19;1030
34295;1616;33;1649
34296;1004;21;1025
34297;426;8;434
34298;5485;97;5582
34299;7504;158;7662
34300;5233;92;5325
34301;43858;601;44459
34302;744;8;752
34303;38;1;39
34304;920;12;932
34305;127;0;127
34306;174;2;176
34307;2802;57;2859
34308;457;13;470
34309;4595;107;4702
34310;3029;74;3103
34311;1719;157;1876
34312;1279;29;1308
34313;676;24;700
34314;576;13;589
34315;430;5;435
34316;226;2;228
34317;186;7;193
34318;721;12;733
34319;151;4;155
34320;2584;56;2640
34321;2057;29;2086
34322;766;24;790
34323;44;0;44
34324;4206;58;4264
34325;1641;32;1673
34326;91;0;91
34327;6423;84;6507
34328;1122;27;1149
34329;2723;81;2804
34331;95;2;97
34332;5717;65;5782
34333;3373;28;3401
34334;269;0;269
34335;419;12;431
34336;4102;53;4155
34337;10344;121;10465
34338;69;3;72
34339;174;2;176
34340;1467;43;1510
34341;3859;68;3927
34342;206;4;210
34343;1228;28;1256
34344;8696;104;8800
35001;6834;164;6998
35002;1759;37;1796
35003;946;9;955
35004;4137;88;4225
35005;313;12;325
35006;4502;129;4631
35007;485;2;487
35008;674;18;692
35009;1703;27;1730
35010;1738;16;1754
35012;7314;165;7479
35013;3503;162;3665
35014;2455;32;2487
35015;2218;48;2266
35016;2188;61;2249
35017;673;10;683
35018;1069;21;1090
35019;1856;27;1883
35021;1357;36;1393
35022;688;15;703
35023;4417;73;4490
35024;12265;259;12524
35025;1054;15;1069
35026;102;6;108
35027;1707;33;1740
35028;722;14;736
35029;1539;25;1564
35030;676;17;693
35031;4526;101;4627
35032;4515;62;4577
35033;3295;69;3364
35034;1200;24;1224
35035;598;11;609
35037;6404;81;6485
35038;633;21;654
35039;2059;43;2102
35040;3655;78;3733
35041;1006;17;1023
35042;670;30;700
35044;381;10;391
35045;866;19;885
35046;540;8;548
35047;18905;461;19366
35049;5226;91;5317
35050;593;9;602
35051;17082;534;17616
35052;514;15;529
35054;1815;45;1860
35055;10278;191;10469
35056;814;20;834
35057;1496;26;1522
35058;1295;15;1310
35059;4682;96;4778
35060;1011;19;1030
35061;711;17;728
35062;1475;27;1502
35063;452;6;458
35064;984;20;1004
35065;2219;44;2263
35066;8157;134;8291
35067;1598;28;1626
35068;7336;154;7490
35069;10283;263;10546
35070;1710;25;1735
35071;436;6;442
35072;1675;35;1710
35075;808;19;827
35076;4268;82;4350
35077;347;11;358
35078;1092;22;1114
35079;2325;57;2382
35080;2410;62;2472
35081;908;30;938
35082;1465;35;1500
35084;695;11;706
35085;5963;142;6105
35086;611;9;620
35087;964;32;996
35088;3434;56;3490
35089;455;12;467
35090;2862;40;2902
35091;597;6;603
35092;834;14;848
35093;10181;526;10707
35094;1638;24;1662
35095;5738;332;6070
35096;2383;55;2438
35097;2020;51;2071
35098;1396;27;1423
35099;3680;65;3745
35101;1195;21;1216
35102;510;10;520
35103;420;10;430
35104;1417;26;1443
35105;1697;53;1750
35106;1514;14;1528
35107;1949;35;1984
35108;1061;23;1084
35109;2585;59;2644
35110;1014;19;1033
35111;710;6;716
35112;939;26;965
35114;261;6;267
35115;20595;653;21248
35116;2571;58;2629
35117;1619;22;1641
35118;1525;24;1549
35119;946;21;967
35120;5521;109;5630
35121;2000;37;2037
35122;1943;46;1989
35123;4321;90;4411
35124;2455;38;2493
35125;4249;147;4396
35126;8674;203;8877
35127;3986;97;4083
35128;1701;39;1740
35130;2247;54;2301
35131;4629;81;4710
35132;1389;34;1423
35133;4553;93;4646
35134;273;12;285
35135;2263;37;2300
35136;8470;159;8629
35137;2105;70;2175
35138;1173;28;1201
35139;5116;149;5265
35140;561;10;571
35141;693;21;714
35142;1183;22;1205
35143;929;30;959
35144;1031;19;1050
35145;1385;25;1410
35146;606;2;608
35148;157;0;157
35149;1757;39;1796
35150;3260;95;3355
35151;777;15;792
35152;7949;137;8086
35153;367;11;378
35154;1718;41;1759
35155;648;15;663
35156;612;10;622
35157;643;15;658
35159;326;3;329
35160;247;5;252
35161;1912;36;1948
35162;3340;59;3399
35163;1823;29;1852
35164;743;11;754
35165;951;21;972
35166;1027;15;1042
35167;2583;65;2648
35168;3954;81;4035
35169;1470;17;1487
35170;607;16;623
35171;1819;48;1867
35172;1918;30;1948
35173;6958;107;7065
35174;649;12;661
35175;1012;16;1028
35176;7107;142;7249
35177;4971;121;5092
35178;1799;19;1818
35179;4148;80;4228
35180;792;16;808
35181;1483;35;1518
35183;820;21;841
35184;6086;246;6332
35185;266;1;267
35186;1085;31;1116
35187;1332;45;1377
35188;6726;173;6899
35189;3515;62;3577
35190;250;8;258
35191;2319;49;2368
35192;232;5;237
35193;1972;44;2016
35194;1006;32;1038
35195;2390;35;2425
35196;7338;141;7479
35197;1718;19;1737
35198;713;25;738
35199;343;9;352
35200;919;16;935
35201;885;7;892
35202;1022;9;1031
35203;353;5;358
35204;3281;59;3340
35205;380;8;388
35206;7003;127;7130
35207;6133;150;6283
35208;5152;124;5276
35210;11860;329;12189
35211;1772;40;1812
35212;1191;32;1223
35214;649;1;650
35215;1331;43;1374
35216;1780;28;1808
35217;1380;29;1409
35218;883;20;903
35219;3813;76;3889
35220;3031;54;3085
35221;2780;54;2834
35222;1973;33;2006
35223;4008;87;4095
35224;2796;52;2848
35225;781;15;796
35226;1927;27;1954
35227;3474;51;3525
35228;6982;124;7106
35229;1319;52;1371
35230;374;4;378
35231;1195;31;1226
35232;391;7;398
35233;1578;37;1615
35234;1194;17;1211
35235;1076;47;1123
35236;9287;745;10032
35237;1034;22;1056
35238;220488;4167;224655
35239;4438;96;4534
35240;8932;293;9225
35241;2403;85;2488
35242;345;4;349
35243;2458;55;2513
35244;248;3;251
35245;4032;73;4105
35246;1361;27;1388
35247;998;12;1010
35248;459;8;467
35249;1029;14;1043
35250;2206;39;2245
35251;3916;82;3998
35252;923;34;957
35253;4006;162;4168
35255;975;30;1005
35256;2193;63;2256
35257;4958;96;5054
35258;331;9;340
35259;1140;22;1162
35260;563;6;569
35261;235;2;237
35262;356;6;362
35263;2820;88;2908
35264;2034;45;2079
35265;2562;49;2611
35266;3311;73;3384
35268;429;8;437
35270;371;4;375
35271;1487;26;1513
35272;951;23;974
35273;2062;31;2093
35274;962;15;977
35275;5178;85;5263
35276;571;12;583
35277;377;6;383
35278;9890;372;10262
35279;1207;28;1235
35280;1025;20;1045
35281;13948;158;14106
35282;2886;52;2938
35283;1334;23;1357
35284;2683;71;2754
35285;1055;23;1078
35286;284;10;294
35287;2460;88;2548
35288;46803;1338;48141
35289;1076;18;1094
35290;578;11;589
35291;437;9;446
35292;1633;39;1672
35294;2265;65;2330
35295;538;11;549
35296;1322;23;1345
35297;4599;164;4763
35299;4327;108;4435
35300;1356;39;1395
35302;1127;24;1151
35304;1313;29;1342
35305;418;8;426
35306;2333;163;2496
35307;1042;19;1061
35308;4336;75;4411
35309;819;13;832
35310;1531;27;1558
35311;584;4;588
35312;1829;48;1877
35314;943;50;993
35315;1382;41;1423
35316;827;9;836
35317;589;61;650
35318;947;21;968
35319;2114;43;2157
35320;540;4;544
35321;794;10;804
35322;1109;27;1136
35324;616;17;633
35325;155;6;161
35326;2566;41;2607
35327;3804;88;3892
35328;2135;43;2178
35329;547;11;558
35330;993;26;1019
35331;2489;51;2540
35332;1069;11;1080
35333;1725;33;1758
35334;8575;211;8786
35335;837;22;859
35336;182;3;185
35337;3739;191;3930
35338;1223;29;1252
35339;591;4;595
35340;1307;24;1331
35342;347;12;359
35343;1244;20;1264
35345;895;23;918
35346;209;4;213
35347;2580;57;2637
35350;806;24;830
35351;1436;24;1460
35352;8169;146;8315
35353;6114;113;6227
35354;317;2;319
35355;1245;6;1251
35356;2025;25;2050
35357;306;5;311
35358;1220;32;1252
35359;838;17;855
35360;18487;553;19040
35361;1054;7;1061
35362;1177;9;1186
35363;4413;106;4519
36001;1420;27;1447
36002;118;0;118
36003;891;23;914
36004;322;8;330
36005;3850;82;3932
36006;4880;213;5093
36007;601;9;610
36008;222;9;231
36009;1218;43;1261
36010;867;18;885
36011;175;2;177
36012;363;0;363
36013;428;5;433
36014;199;6;205
36015;54;1;55
36016;945;22;967
36017;368;5;373
36018;6250;222;6472
36019;312;5;317
36020;74;1;75
36021;891;20;911
36022;410;8;418
36023;261;5;266
36024;130;1;131
36025;608;11;619
36026;596;8;604
36027;249;6;255
36028;115;2;117
36029;230;3;233
36030;244;4;248
36031;4516;74;4590
36032;724;22;746
36033;398;4;402
36034;2763;38;2801
36035;1086;14;1100
36036;149;1;150
36037;283;6;289
36038;137;2;139
36040;102;0;102
36041;140;1;141
36042;703;11;714
36043;574;23;597
36044;43122;1540;44662
36045;2360;34;2394
36046;4054;117;4171
36047;504;8;512
36048;271;9;280
36049;125;2;127
36050;457;7;464
36051;186;5;191
36052;153;2;155
36053;543;13;556
36054;233;7;240
36055;1004;18;1022
36056;984;15;999
36057;881;23;904
36058;645;17;662
36059;233;8;241
36060;703;14;717
36061;332;9;341
36062;441;6;447
36063;7609;149;7758
36064;749;16;765
36065;260;5;265
36066;441;14;455
36067;101;3;104
36068;422;7;429
36069;1216;23;1239
36070;1345;37;1382
36071;1012;20;1032
36073;213;5;218
36074;536;9;545
36075;89;1;90
36076;249;3;252
36077;245;3;248
36078;356;5;361
36079;77;1;78
36080;72;2;74
36081;280;8;288
36082;252;1;253
36083;117;4;121
36084;287;2;289
36085;247;6;253
36086;390;8;398
36087;312;5;317
36088;11477;290;11767
36089;405;6;411
36090;118;2;120
36091;656;18;674
36092;270;8;278
36093;2923;37;2960
36094;449;7;456
36095;106;2;108
36096;214;3;217
36097;323;9;332
36098;85;3;88
36099;299;4;303
36100;261;6;267
36101;1536;39;1575
36102;102;2;104
36103;1340;16;1356
36104;234;2;236
36105;257;3;260
36106;155;1;156
36107;728;12;740
36108;214;2;216
36109;1054;19;1073
36110;260;6;266
36111;193;3;196
36112;750;19;769
36113;938;20;958
36114;296;8;304
36115;128;2;130
36116;118;1;119
36117;429;7;436
36118;378;3;381
36119;540;13;553
36120;669;12;681
36121;172;6;178
36122;197;2;199
36123;990;20;1010
36124;274;11;285
36125;120;5;125
36126;446;5;451
36127;1570;36;1606
36128;1673;167;1840
36129;557;14;571
36130;108;2;110
36131;472;7;479
36132;64;3;67
36133;216;6;222
36134;402;12;414
36135;295;6;301
36136;129;3;132
36137;365;16;381
36138;187;7;194
36139;657;16;673
36140;1174;21;1195
36141;1652;38;1690
36142;1583;31;1614
36143;449;13;462
36144;295;7;302
36145;177;3;180
36146;728;10;738
36147;138;3;141
36148;410;3;413
36149;794;12;806
36150;496;9;505
36152;440;3;443
36153;339;8;347
36154;1859;38;1897
36155;791;55;846
36156;366;2;368
36157;451;13;464
36158;765;9;774
36159;5820;174;5994
36160;214;5;219
36161;937;10;947
36162;826;19;845
36163;669;11;680
36164;225;3;228
36165;1036;28;1064
36166;166;4;170
36167;157;3;160
36168;586;15;601
36169;511;10;521
36170;104;0;104
36171;2010;37;2047
36172;528;10;538
36173;519;13;532
36174;361;11;372
36175;276;2;278
36176;586;8;594
36177;325;6;331
36178;277;12;289
36179;232;0;232
36180;825;18;843
36181;167;3;170
36182;576;17;593
36184;495;8;503
36185;362;3;365
36186;256;3;259
36187;132;2;134
36188;182;150;332
36189;967;13;980
36190;270;1;271
36191;532;7;539
36192;1772;23;1795
36193;256;8;264
36194;950;16;966
36195;571;14;585
36196;100;3;103
36197;292;7;299
36198;406;14;420
36199;1145;24;1169
36200;1506;24;1530
36202;3685;77;3762
36203;52;0;52
36204;323;7;330
36205;109;4;113
36207;611;13;624
36208;774;14;788
36209;268;13;281
36210;300;11;311
36211;457;8;465
36212;155;2;157
36213;256;4;260
36214;300;10;310
36215;496;13;509
36216;65;1;66
36217;98;3;101
36218;144;6;150
36219;648;7;655
36220;896;18;914
36221;382;8;390
36222;234;7;241
36223;139;4;143
36224;1132;25;1157
36225;181;1;182
36226;353;1;354
36227;248;2;250
36228;2338;107;2445
36229;957;10;967
36230;1945;39;1984
36231;964;20;984
36232;1052;16;1068
36233;741;8;749
36234;326;6;332
36235;376;8;384
36236;317;5;322
36237;716;19;735
36238;99;3;102
36239;461;6;467
36240;298;4;302
36241;2687;47;2734
36242;107;1;108
36243;319;4;323
36244;873;6;879
36246;168;2;170
36247;1228;22;1250
36248;231;3;234
37001;1149;17;1166
37002;1757;29;1786
37003;12533;379;12912
37004;423;11;434
37005;508;5;513
37006;2649;52;2701
37007;166;4;170
37008;2716;39;2755
37009;439;4;443
37010;2222;70;2292
37011;1868;39;1907
37012;554;3;557
37013;468;10;478
37014;3501;99;3600
37015;3099;68;3167
37016;367;14;381
37018;8102;140;8242
37019;455;10;465
37020;1761;33;1794
37021;1719;19;1738
37022;2689;90;2779
37023;242;5;247
37024;906;27;933
37025;692;6;698
37026;536;4;540
37027;5257;65;5322
37028;744;23;767
37029;328;5;333
37030;795;7;802
37031;3894;77;3971
37032;271;7;278
37033;210;5;215
37034;301;7;308
37035;291;6;297
37036;189;1;190
37037;215;5;220
37038;750;8;758
37039;494;13;507
37040;262;9;271
37041;323;5;328
37042;185;3;188
37043;1051;24;1075
37044;369;5;374
37045;1059;15;1074
37046;437;8;445
37047;1215;26;1241
37048;321;5;326
37049;1250;25;1275
37050;11880;262;12142
37051;829;8;837
37052;1135;18;1153
37053;119;7;126
37054;3525;47;3572
37055;816;16;832
37056;569;10;579
37057;681;14;695
37058;1446;26;1472
37059;1306;31;1337
37060;1311;20;1331
37061;501;16;517
37062;1736;18;1754
37063;4917;78;4995
37064;226;7;233
37065;549;5;554
37066;560;5;565
37067;1816;21;1837
37068;729;10;739
37069;230;8;238
37070;351;5;356
37071;132;2;134
37072;8104;318;8422
37073;583;14;597
37074;2085;24;2109
37075;461;5;466
37076;398;10;408
37077;3729;51;3780
37078;412;8;420
37079;1791;57;1848
37080;203;4;207
37081;1401;20;1421
37082;447;4;451
37083;1800;26;1826
37084;538;6;544
37085;801;23;824
37086;498;8;506
37087;247;9;256
37088;110;1;111
37089;655;18;673
37090;109;2;111
37091;2379;59;2438
37092;665;14;679
37093;535;6;541
37094;561;16;577
37095;347;7;354
37096;619;10;629
37097;673;23;696
37098;751;19;770
37099;964;12;976
37100;406;4;410
37101;155;2;157
37103;144;2;146
37104;6109;111;6220
37105;253;6;259
37106;320;4;324
37107;238;5;243
37108;716;14;730
37109;10301;523;10824
37110;1383;35;1418
37111;1505;32;1537
37112;378;7;385
37113;875;19;894
37114;174;1;175
37115;3366;61;3427
37116;557;16;573
37117;875;10;885
37118;1425;35;1460
37119;1527;38;1565
37121;253;4;257
37122;38444;412;38856
37123;4455;63;4518
37124;2500;40;2540
37125;531;2;533
37126;325;8;333
37127;339;8;347
37128;1296;23;1319
37129;1058;21;1079
37130;2130;33;2163
37131;1278;22;1300
37132;6199;536;6735
37133;474;10;484
37134;677;14;691
37136;527;3;530
37137;140;3;143
37138;842;16;858
37139;5101;143;5244
37140;239;5;244
37141;966;18;984
37142;568;4;572
37143;1348;28;1376
37144;529;6;535
37145;240;1;241
37146;219;3;222
37147;562;10;572
37148;603;6;609
37149;483;7;490
37150;1390;13;1403
37151;3300;62;3362
37152;2068;66;2134
37153;4643;54;4697
37154;4542;91;4633
37155;641;8;649
37156;10868;149;11017
37157;322;4;326
37158;776;11;787
37159;7876;143;8019
37160;343;6;349
37161;806;13;819
37162;468;17;485
37163;3508;56;3564
37165;439;5;444
37166;794;7;801
37167;2098;37;2135
37168;289;9;298
37169;920;28;948
37170;1081;63;1144
37171;1134;19;1153
37172;4234;83;4317
37173;737;9;746
37174;812;16;828
37175;1244;31;1275
37176;1183;49;1232
37177;715;16;731
37178;611;4;615
37179;2474;32;2506
37180;636;6;642
37181;234;10;244
37182;1409;15;1424
37183;1464;27;1491
37184;338;7;345
37185;1675;73;1748
37186;1212;13;1225
37187;360;7;367
37188;896;6;902
37189;1004;21;1025
37190;166;3;169
37191;231;6;237
37192;1278;18;1296
37193;1149;26;1175
37194;1751;33;1784
37195;10317;80;10397
37196;1664;18;1682
37197;511;13;524
37198;312;2;314
37199;471;9;480
37200;987;14;1001
37201;703;20;723
37202;527;11;538
37203;3145;90;3235
37204;1345;23;1368
37205;1403;16;1419
37206;1715;36;1751
37207;338;2;340
37208;14995;297;15292
37210;849;17;866
37211;2625;32;2657
37212;774;11;785
37213;1105;24;1129
37214;16419;415;16834
37216;1575;28;1603
37217;1653;20;1673
37218;571;12;583
37219;1039;17;1056
37220;364;4;368
37221;623;8;631
37222;761;29;790
37223;319;2;321
37224;943;15;958
37225;3181;57;3238
37226;4150;52;4202
37228;1095;14;1109
37229;247;8;255
37230;993;19;1012
37231;1647;25;1672
37232;1900;39;1939
37233;15967;250;16217
37234;497;15;512
37236;608;11;619
37237;1254;18;1272
37238;541;8;549
37240;709;15;724
37241;1342;22;1364
37242;1563;32;1595
37243;3234;76;3310
37244;250;4;254
37245;2173;45;2218
37246;207;4;211
37247;617;10;627
37248;375;21;396
37249;1399;20;1419
37250;2752;76;2828
37251;874;11;885
37252;393;6;399
37253;182;6;188
37254;1722;29;1751
37255;264;1;265
37256;293;3;296
37257;1769;23;1792
37258;288;3;291
37259;460;10;470
37260;520;8;528
37261;137087;2756;139843
37262;296;4;300
37263;2452;40;2492
37264;1299;20;1319
37265;240;5;245
37266;6423;118;6541
37267;4570;80;4650
37268;128;0;128
37269;474;11;485
37270;2713;41;2754
37271;1048;9;1057
37272;1133;37;1170
37273;5585;71;5656
37274;301;3;304
37275;119;2;121
37276;1329;31;1360
37277;588;3;591
37278;1074;7;1081
37279;754;7;761
37280;225;6;231
37281;3254;70;3324
37282;1354;27;1381
38001;6389;106;6495
38002;1044;29;1073
38003;1149;22;1171
38004;1279;25;1304
38005;946;18;964
38006;4023;106;4129
38008;27;0;27
38009;1045;24;1069
38010;696;18;714
38011;1077;13;1090
38012;2882;54;2936
38013;3380;91;3471
38015;1824;38;1862
38017;1586;36;1622
38018;363;10;373
38019;1480;29;1509
38020;183;4;187
38022;7804;159;7963
38023;198;5;203
38026;1100;12;1112
38027;1950;57;2007
38029;1941;41;1982
38030;1740;30;1770
38031;21;0;21
38032;561;11;572
38033;635;18;653
38034;4977;83;5060
38035;1114;15;1129
38036;95;2;97
38037;991;14;1005
38038;599;14;613
38039;3025;104;3129
38040;141;1;142
38041;107;3;110
38042;1023;21;1044
38043;1575;43;1618
38044;1454;41;1495
38045;2331;92;2423
38046;991;15;1006
38047;149;3;152
38048;1073;18;1091
38049;302;7;309
38050;629;9;638
38051;1351;21;1372
38052;3286;103;3389
38053;28834;609;29443
38054;1542;21;1563
38055;632;8;640
38056;93;2;95
38057;671;12;683
38058;2186;37;2223
38059;2545;42;2587
38060;141;5;146
38061;3235;70;3305
38062;732;12;744
38063;441;14;455
38064;3113;70;3183
38065;2119;50;2169
38066;175;4;179
38067;1697;38;1735
38068;1200;30;1230
38069;1436;23;1459
38070;1211;14;1225
38071;3172;32;3204
38072;2726;42;2768
38073;195;3;198
38074;360;6;366
38075;2986;107;3093
38076;1886;67;1953
38077;757;16;773
38078;584;6;590
38080;767;20;787
38081;1969;45;2014
38082;1918;46;1964
38083;450;15;465
38084;1407;26;1433
38085;10102;84;10186
38086;402;8;410
38087;6308;57;6365
38089;225;5;230
38090;268;5;273
38091;753;13;766
38092;91;3;94
38093;439;7;446
38094;2020;42;2062
38095;2480;159;2639
38097;4869;64;4933
38098;712;18;730
38099;726;23;749
38100;2528;43;2571
38101;1028;16;1044
38102;626;21;647
38103;306;2;308
38104;1411;32;1443
38105;2369;45;2414
38106;346;9;355
38107;1679;51;1730
38108;120;0;120
38109;1051;27;1078
38110;2260;44;2304
38111;7924;216;8140
38112;100;1;101
38113;536;6;542
38114;1450;33;1483
38115;730;19;749
38116;40;0;40
38117;630;14;644
38118;1625;44;1669
38120;709;17;726
38124;2238;47;2285
38126;4075;130;4205
38127;163;5;168
38128;450;5;455
38129;360;17;377
38130;4829;277;5106
38131;2024;75;2099
38132;73;0;73
38133;5216;400;5616
38134;920;19;939
38135;1282;21;1303
38136;530;16;546
38137;432;13;445
38138;3375;64;3439
38139;1503;19;1522
38140;8293;256;8549
38141;758;15;773
38144;2799;37;2836
38146;827;26;853
38147;885;25;910
38148;3192;71;3263
38149;1675;36;1711
38150;6677;70;6747
38151;36932;212;37144
38152;1441;29;1470
38153;449;20;469
38154;221;2;223
38155;1871;30;1901
38156;972;32;1004
38157;3535;73;3608
38158;9980;119;10099
38159;539;13;552
38160;2303;115;2418
38161;1062;6;1068
38162;1464;40;1504
38163;387;9;396
38166;466;10;476
38167;540;5;545
38169;23211;234;23445
38170;3172;35;3207
38171;328;4;332
38172;1625;33;1658
38173;247;7;254
38174;1092;23;1115
38175;3392;59;3451
38176;2096;55;2151
38177;103;0;103
38179;7134;86;7220
38180;1013;38;1051
38181;2476;36;2512
38182;3079;57;3136
38183;502;9;511
38184;1627;21;1648
38185;158198;2243;160441
38186;377;12;389
38187;1796;25;1821
38188;1362;23;1385
38189;4712;64;4776
38190;1171;28;1199
38191;1306;34;1340
38192;195;6;201
38193;16584;318;16902
38194;2137;35;2172
38195;745;9;754
38197;1816;20;1836
38198;1059;22;1081
38199;2156;56;2212
38200;3779;69;3848
38203;465;8;473
38204;192;5;197
38205;2676;119;2795
38206;983;36;1019
38207;151;3;154
38208;148;3;151
38209;235;7;242
38210;871;14;885
38211;352;5;357
38212;1284;8;1292
38213;584;12;596
38214;2166;73;2239
38215;2314;44;2358
38216;54;2;56
38217;71;2;73
38218;1176;21;1197
38219;645;15;660
38221;141;3;144
38222;750;17;767
38223;1876;66;1942
38224;91;3;94
38225;3039;103;3142
38226;1393;75;1468
38228;479;18;497
38229;17786;391;18177
38230;1023;43;1066
38231;1025;30;1055
38232;638;12;650
38235;456;8;464
38236;1733;38;1771
38237;190;4;194
38238;1941;42;1983
38239;7499;156;7655
38240;738;15;753
38241;16;0;16
38242;1428;31;1459
38243;250;6;256
38244;797;19;816
38245;269;4;273
38246;1132;17;1149
38247;3467;55;3522
38248;524;21;545
38249;5477;562;6039
38250;569;17;586
38252;337;9;346
38253;1929;36;1965
38254;500;13;513
38255;139;0;139
38256;1833;23;1856
38257;446;12;458
38258;76;4;80
38259;972;16;988
38260;525;18;543
38261;4526;99;4625
38263;391;5;396
38264;136;0;136
38265;1692;21;1713
38266;450;9;459
38267;768;13;781
38268;264;3;267
38269;4920;208;5128
38270;1858;65;1923
38271;862;11;873
38272;399;7;406
38273;464;19;483
38275;308;41;349
38276;2648;69;2717
38277;536;6;542
38278;498;9;507
38279;1131;12;1143
38280;521;21;542
38281;2256;77;2333
38282;871;28;899
38283;109;3;112
38284;849;27;876
38285;161;4;165
38286;6;0;6
38287;1039;20;1059
38288;1668;32;1700
38289;213;4;217
38290;855;15;870
38291;1153;17;1170
38292;2528;60;2588
38294;660;16;676
38295;723;12;735
38296;876;37;913
38297;1851;43;1894
38298;6516;59;6575
38299;137;2;139
38300;362;9;371
38301;175;4;179
38303;565;5;570
38304;1493;37;1530
38307;521;9;530
38308;271;2;273
38309;2127;27;2154
38310;1212;16;1228
38311;709;15;724
38313;296;15;311
38314;7348;171;7519
38315;3570;142;3712
38316;5980;44;6024
38317;10716;76;10792
38318;5313;50;5363
38319;785;31;816
38320;1786;40;1826
38321;165;8;173
38322;92;2;94
38323;1161;22;1183
38324;716;18;734
38325;513;9;522
38326;367;12;379
38328;897;33;930
38329;68;0;68
38330;102;1;103
38331;998;31;1029
38332;3467;51;3518
38333;324;6;330
38334;1313;43;1356
38335;1051;26;1077
38336;1974;35;2009
38337;6668;83;6751
38338;740;9;749
38339;2128;56;2184
38340;1981;37;2018
38341;1090;40;1130
38342;316;7;323
38343;1584;31;1615
38344;8457;119;8576
38345;611;10;621
38346;397;7;404
38347;1132;27;1159
38348;4717;108;4825
38349;2285;22;2307
38350;554;18;572
38351;1089;22;1111
38352;2130;61;2191
38353;840;19;859
38354;410;5;415
38355;123;6;129
38356;310;18;328
38357;2760;143;2903
38358;717;11;728
38359;1162;28;1190
38360;414;8;422
38361;79;3;82
38362;1157;53;1210
38363;932;38;970
38364;430;4;434
38365;814;19;833
38366;260;8;268
38368;1094;25;1119
38369;985;38;1023
38370;653;18;671
38372;724;10;734
38373;1149;42;1191
38374;3689;91;3780
38375;110;0;110
38376;824;9;833
38377;3456;59;3515
38378;3705;86;3791
38379;269;8;277
38380;308;5;313
38381;2098;53;2151
38382;15944;220;16164
38383;2595;108;2703
38384;3206;44;3250
38386;2394;41;2435
38387;506;13;519
38388;2537;32;2569
38389;3439;68;3507
38390;544;9;553
38391;247;5;252
38392;615;22;637
38393;1558;33;1591
38394;1869;32;1901
38395;2380;73;2453
38396;810;27;837
38397;7064;314;7378
38398;976;16;992
38399;4590;101;4691
38400;3564;80;3644
38401;1636;40;1676
38402;529;19;548
38403;286;5;291
38404;300;4;304
38405;1224;28;1252
38406;152;4;156
38407;987;30;1017
38408;2656;61;2717
38409;1311;33;1344
38410;1399;24;1423
38412;4510;102;4612
38413;429;9;438
38414;41;2;43
38415;1432;39;1471
38416;7766;179;7945
38417;479;17;496
38418;235;2;237
38419;185;2;187
38420;248;5;253
38421;37935;265;38200
38422;5512;175;5687
38423;5880;62;5942
38424;168;3;171
38425;6387;94;6481
38426;656;16;672
38427;299;4;303
38428;31;0;31
38429;281;7;288
38430;325;7;332
38431;2960;90;3050
38432;977;25;1002
38433;1083;31;1114
38434;648;6;654
38436;2247;41;2288
38437;293;6;299
38438;267;1;268
38439;3372;55;3427
38440;758;16;774
38442;962;26;988
38443;465;12;477
38444;116;6;122
38445;781;6;787
38446;570;14;584
38448;1407;31;1438
38449;6020;64;6084
38450;1475;19;1494
38451;3346;41;3387
38452;368;10;378
38453;1785;41;1826
38454;2107;50;2157
38455;4202;83;4285
38456;477;10;487
38457;2921;65;2986
38458;614;16;630
38459;918;7;925
38460;431;12;443
38462;540;14;554
38463;1713;38;1751
38464;2249;49;2298
38465;1093;22;1115
38466;1505;48;1553
38467;1452;38;1490
38468;4488;71;4559
38469;68;0;68
38470;335;8;343
38471;1133;30;1163
38472;214;4;218
38473;1158;22;1180
38474;11062;197;11259
38475;2487;28;2515
38476;898;10;908
38478;1063;13;1076
38479;2016;52;2068
38480;2071;41;2112
38481;1106;32;1138
38483;1659;50;1709
38484;2116;27;2143
38485;11891;142;12033
38486;7827;108;7935
38487;2049;52;2101
38488;583;16;599
38489;133;2;135
38490;1946;47;1993
38492;703;21;724
38494;797;21;818
38495;585;4;589
38496;1239;25;1264
38497;143;0;143
38498;735;22;757
38499;1206;16;1222
38500;574;6;580
38501;2128;23;2151
38503;2510;127;2637
38504;1995;95;2090
38505;772;15;787
38507;7555;99;7654
38508;794;26;820
38509;8167;207;8374
38511;3176;101;3277
38512;777;25;802
38513;301;7;308
38514;177;1;178
38515;2212;56;2268
38516;6602;140;6742
38517;7816;123;7939
38518;506;12;518
38519;2879;49;2928
38520;698;20;718
38521;67;2;69
38522;130;2;132
38523;843;19;862
38524;8301;164;8465
38525;461;5;466
38526;360;11;371
38527;342;4;346
38528;1321;30;1351
38529;3965;60;4025
38530;2537;51;2588
38531;561;6;567
38532;923;10;933
38533;732;16;748
38535;262;7;269
38536;1397;24;1421
38537;7293;88;7381
38538;4933;64;4997
38539;617;21;638
38540;1433;26;1459
38542;330;15;345
38543;2142;35;2177
38544;29993;341;30334
38545;8547;126;8673
38546;973;81;1054
38547;7249;105;7354
38548;4234;225;4459
38549;28;3;31
38550;57;0;57
38551;40;1;41
38552;403;12;415
38553;18835;271;19106
38554;1820;69;1889
38555;1160;30;1190
38556;1179;20;1199
38557;5113;89;5202
38558;1920;31;1951
38559;4352;73;4425
38560;1537;19;1556
38561;1664;32;1696
38562;7246;168;7414
38563;20372;499;20871
38564;234;10;244
38565;9275;373;9648
38566;1700;48;1748
38567;407;5;412
39001;859;25;884
39002;61;1;62
39003;46;0;46
39004;53;3;56
39006;444;16;460
39007;151;5;156
39008;444;49;493
39009;509;11;520
39010;93;1;94
39011;404;5;409
39013;3295;209;3504
39014;216;6;222
39015;116;2;118
39016;1094;34;1128
39017;1206;37;1243
39018;658;18;676
39019;218;10;228
39020;100;4;104
39021;594;14;608
39022;739;12;751
39024;272;6;278
39025;269;7;276
39026;181;1;182
39027;191;6;197
39028;475;7;482
39029;370;9;379
39030;820;21;841
39031;201;3;204
39032;364;17;381
39034;315;8;323
39035;351;9;360
39037;195;4;199
39038;146;2;148
39039;239;5;244
39040;177;2;179
39041;160;6;166
39042;492;21;513
39043;1398;20;1418
39045;81;3;84
39046;71;4;75
39047;527;16;543
39048;251;8;259
39049;408;14;422
39050;158;10;168
39051;409;5;414
39052;68;0;68
39053;208;4;212
39054;110;1;111
39055;47;1;48
39056;1500;28;1528
39057;101;1;102
39058;174;5;179
39059;1642;42;1684
39060;55;1;56
39061;109;5;114
39062;70;0;70
39063;267;6;273
39065;112;0;112
39066;179;6;185
39068;308;9;317
39070;94;2;96
39072;268;7;275
39073;170;6;176
39074;206;8;214
39076;220;1;221
39077;43;1;44
39078;682;14;696
39079;204;9;213
39080;62;2;64
39081;388;8;396
39083;319;6;325
39084;143;4;147
39085;89;1;90
39086;237;2;239
39088;392;11;403
39090;184;4;188
39091;91;1;92
39092;182;1;183
39093;424;10;434
39094;163;7;170
39095;123;5;128
39096;469;8;477
39097;8014;407;8421
39099;438;7;445
39100;102;3;105
39101;1442;33;1475
39102;228;4;232
39103;308;1;309
39104;604;9;613
39105;219;9;228
39106;289;6;295
39107;139;3;142
39108;55;3;58
39109;178;2;180
39110;66;0;66
39111;39;0;39
39112;110;1;111
39114;141;7;148
39116;149;2;151
39117;109;6;115
39118;53;0;53
39119;86;3;89
39120;130;8;138
39121;406;7;413
39122;108;5;113
39124;472;15;487
39126;395;11;406
39127;106;1;107
39128;1575;24;1599
39129;396;14;410
39130;805;22;827
39131;571;13;584
39132;34;0;34
39133;70;2;72
39134;227;8;235
39136;37;1;38
39137;440;15;455
39138;343;10;353
39139;73;0;73
39140;39;0;39
39141;281;6;287
39142;129;1;130
39143;34;0;34
39145;295;19;314
39146;627;25;652
39147;100;4;104
39149;310;9;319
39150;1023;30;1053
39151;124;6;130
39153;795;31;826
39154;1435;43;1478
39155;77;0;77
39156;245;7;252
39157;53;3;56
39159;262;2;264
39160;896;17;913
39162;260;5;265
39163;114;3;117
39164;664;27;691
39165;55;0;55
39166;216;4;220
39167;360;5;365
39168;46;0;46
39169;592;15;607
39170;923;28;951
39171;1144;31;1175
39172;254;14;268
39173;1300;25;1325
39174;65;0;65
39175;72;7;79
39176;526;8;534
39177;969;24;993
39178;73;1;74
39179;237;5;242
39180;253;120;373
39182;677;25;702
39183;630;80;710
39184;194;5;199
39185;390;12;402
39187;270;7;277
39188;345;4;349
39189;2629;79;2708
39190;1293;28;1321
39191;85;5;90
39192;72;1;73
39193;1012;17;1029
39194;481;6;487
39196;114;2;116
39197;359;11;370
39198;23711;893;24604
39199;1232;30;1262
39200;219;7;226
39201;281;39;320
39202;139;1;140
39203;104;2;106
39204;29;3;32
39205;382;8;390
39206;228;10;238
39207;78;3;81
39208;136;8;144
39209;325;7;332
39210;582;14;596
39211;256;3;259
39214;122;3;125
39216;310;11;321
39217;565;14;579
39218;427;6;433
39219;657;12;669
39220;401;9;410
39221;31;1;32
39222;82;7;89
39223;197;2;199
39225;195;6;201
39227;189;7;196
39228;1081;28;1109
39229;203;10;213
39230;75;3;78
39232;442;11;453
39233;2266;40;2306
39234;79;0;79
39235;1192;14;1206
39236;59;1;60
39237;51;4;55
39238;110;7;117
39239;39;2;41
39240;167;5;172
39241;375;9;384
39244;159;5;164
39245;360;9;369
39246;425;13;438
39247;72;2;74
39248;44;0;44
39249;76;4;80
39250;172;7;179
39251;452;95;547
39252;706;10;716
39253;276;8;284
39254;137;6;143
39255;232;4;236
39258;626;19;645
39259;32;1;33
39261;141;2;143
39262;135;1;136
39263;396;14;410
39265;197;4;201
39266;344;2;346
39267;103;1;104
39268;58;1;59
39269;269;1;270
39270;546;62;608
39271;394;17;411
39272;49;3;52
39273;241;7;248
39274;285;13;298
39275;647;17;664
39277;60;1;61
39278;143;2;145
39279;606;13;619
39280;101;2;103
39281;85;2;87
39282;80;2;82
39283;629;18;647
39284;142;2;144
39285;328;8;336
39286;2352;108;2460
39288;385;5;390
39289;350;7;357
39290;476;17;493
39291;240;5;245
39292;154;4;158
39293;207;4;211
39295;167;1;168
39296;215;5;220
39297;1143;32;1175
39298;60;3;63
39299;491;10;501
39300;17189;810;17999
39301;171;4;175
39302;94;4;98
39304;222;9;231
39305;562;10;572
39306;955;36;991
39307;332;10;342
39308;318;7;325
39310;470;13;483
39312;111;4;115
39313;213;1;214
39314;80;4;84
39315;396;22;418
39317;352;15;367
39318;192;13;205
39319;144;1;145
39320;334;1;335
39321;157;2;159
39322;53;2;55
39323;312;14;326
39324;7;0;7
39325;577;15;592
39326;177;4;181
39327;847;13;860
39328;421;7;428
39329;172;3;175
39330;152;5;157
39331;828;26;854
39333;2120;113;2233
39334;127;5;132
39335;567;11;578
39336;110;4;114
39337;88;3;91
39338;506;6;512
39339;1123;28;1151
39342;123;1;124
39343;15;1;16
39344;335;14;349
39345;405;15;420
39346;114;5;119
39348;417;47;464
39349;490;23;513
39350;310;4;314
39351;147;7;154
39352;132;2;134
39353;166;9;175
39354;367;3;370
39355;238;8;246
39356;207;8;215
39359;32;1;33
39360;171;2;173
39361;195;5;200
39362;3082;331;3413
39363;84;1;85
39364;491;14;505
39365;1275;22;1297
39366;242;6;248
39367;2263;82;2345
39368;5275;270;5545
39370;1070;313;1383
39372;87;9;96
39373;160;4;164
39375;129;0;129
39376;74;2;76
39377;173;8;181
39378;765;15;780
39379;525;11;536
39380;46;2;48
39381;96;3;99
39385;541;5;546
39386;89;0;89
39387;291;6;297
39388;196;8;204
39389;589;14;603
39390;296;12;308
39391;408;12;420
39392;194;3;197
39393;63;2;65
39394;71;4;75
39396;1134;16;1150
39397;1606;45;1651
39398;395;3;398
39399;349;8;357
39400;144;2;146
39401;238;5;243
39402;319;7;326
39403;220;5;225
39404;488;10;498
39405;999;21;1020
39406;262;3;265
39407;335;6;341
39408;149;6;155
39409;133;1;134
39411;1515;46;1561
39412;320;2;322
39413;334;7;341
39415;1095;10;1105
39418;98;2;100
39419;62;1;63
39420;209;3;212
39421;238;15;253
39422;528;13;541
39423;106;9;115
39424;161;3;164
39425;89;1;90
39426;212;10;222
39427;62;0;62
39428;23;3;26
39429;440;3;443
39430;105;2;107
39431;335;4;339
39432;127;1;128
39434;4003;362;4365
39435;630;22;652
39436;230;8;238
39437;274;5;279
39439;524;12;536
39441;1200;31;1231
39443;123;5;128
39444;61;2;63
39445;283;15;298
39446;244;3;247
39447;253;6;259
39448;477;15;492
39449;266;10;276
39451;504;4;508
39452;532;7;539
39453;453;12;465
39454;91;2;93
39455;55;1;56
39456;342;4;346
39457;54;0;54
39458;243;12;255
39460;193;8;201
39461;82;0;82
39462;677;5;682
39463;230;6;236
39464;210;6;216
39465;201;2;203
39466;123;0;123
39467;156;6;162
39468;138;4;142
39469;113;2;115
39470;3648;82;3730
39471;747;17;764
39472;213;4;217
39473;90;2;92
39474;355;10;365
39475;2392;100;2492
39476;1814;43;1857
39477;260;5;265
39478;8985;240;9225
39479;241;6;247
39480;260;15;275
39481;389;9;398
39485;787;13;800
39486;115;4;119
39487;1812;36;1848
39489;461;11;472
39490;249;7;256
39491;2260;94;2354
39492;236;3;239
39493;235;2;237
39494;359;21;380
39495;66;0;66
39497;93;2;95
39498;602;12;614
39499;194;3;197
39500;2551;149;2700
39501;1200;12;1212
39502;281;7;288
39503;385;15;400
39504;224;9;233
39505;61;3;64
39507;79;1;80
39508;719;10;729
39510;800;24;824
39511;63;3;66
39512;49;1;50
39513;236;1;237
39514;189;11;200
39517;517;20;537
39518;70;1;71
39519;177;6;183
39520;478;5;483
39522;103;2;105
39523;189;8;197
39525;395;7;402
39526;3957;97;4054
39527;118;1;119
39528;384;7;391
39529;65;1;66
39530;855;24;879
39531;185;5;190
39532;39;1;40
39533;217;6;223
39534;245;4;249
39535;462;16;478
39537;456;12;468
39538;59;1;60
39539;286;7;293
39540;191;11;202
39543;216;8;224
39545;173;7;180
39546;354;13;367
39547;682;18;700
39548;74;5;79
39550;193;5;198
39551;116;3;119
39552;303;11;314
39553;292;10;302
39554;230;5;235
39555;247;2;249
39556;95;3;98
39557;187;9;196
39558;288;12;300
39559;395;4;399
39560;615;20;635
39561;391;6;397
39565;85;1;86
39567;301;9;310
39568;42;3;45
39569;678;10;688
39570;215;1;216
39571;232;2;234
39572;392;7;399
39573;775;13;788
39574;712;20;732
39575;88;0;88
39576;928;34;962
39577;399;2;401
39579;904;42;946
39581;282;4;286
39582;770;23;793
39583;184;6;190
39584;163;2;165
39585;22;0;22
39586;30;0;30
40001;6189;555;6744
40002;1569;23;1592
40003;274;9;283
40004;2129;49;2178
40005;202;3;205
40006;698;7;705
40007;166;2;168
40008;97;2;99
40011;334;3;337
40012;259;4;263
40013;101;5;106
40014;358;4;362
40015;48;1;49
40016;253;3;256
40017;397;1;398
40018;384;6;390
40019;1068;28;1096
40020;620;23;643
40021;883;20;903
40022;396;14;410
40023;350;8;358
40024;264;4;268
40025;831;31;862
40026;359;10;369
40027;154;2;156
40028;253;9;262
40029;313;3;316
40030;50;0;50
40031;1185;12;1197
40032;207;1;208
40033;160;5;165
40034;604;13;617
40035;574;11;585
40036;3683;70;3753
40037;1832;46;1878
40038;105;4;109
40039;151;0;151
40040;358;2;360
40041;128;2;130
40042;328;7;335
40043;763;13;776
40044;919;33;952
40046;13947;345;14292
40047;268;5;273
40049;394;6;400
40050;211;2;213
40051;820;25;845
40052;224;4;228
40053;306;4;310
40054;263;6;269
40055;1612;29;1641
40056;780;22;802
40057;252;6;258
40058;227;11;238
40059;763;20;783
40060;142;4;146
40061;999;26;1025
40062;510;7;517
40063;812;27;839
40064;166;2;168
40065;9037;314;9351
40066;528;4;532
40067;632;5;637
40068;585;17;602
40069;409;5;414
40070;398;17;415
40071;601;43;644
40072;186;2;188
40073;115;2;117
40074;556;20;576
40075;2463;27;2490
40076;443;7;450
40077;799;17;816
40078;397;8;405
40079;137;5;142
40080;1115;32;1147
40081;411;6;417
40082;258;8;266
40083;123;7;130
40084;754;35;789
40085;426;12;438
40086;508;9;517
40087;361;7;368
40088;20843;841;21684
40089;855;27;882
40090;464;10;474
40091;654;19;673
40092;229;6;235
40093;254;3;257
40094;744;11;755
40095;701;18;719
40096;104;2;106
40097;447;10;457
40098;355;13;368
40099;321;3;324
40100;410;2;412
40101;480;18;498
40102;1289;246;1535
40103;627;16;643
40104;1405;34;1439
40105;437;11;448
40106;210;6;216
40108;862;14;876
40109;431;10;441
40110;723;14;737
40111;701;16;717
40112;101;1;102
40113;517;9;526
40114;363;13;376
40115;289;10;299
40116;274;3;277
40117;2440;82;2522
40118;1466;25;1491
40119;4651;113;4764
40120;592;17;609
40121;277;5;282
40122;970;30;1000
40123;1150;33;1183
40124;141;2;143
40125;1352;38;1390
40126;1875;42;1917
40127;618;4;622
40128;694;20;714
40129;869;27;896
40130;157;0;157
40131;691;5;696
40132;1420;25;1445
40133;6887;115;7002
40134;2736;44;2780
40135;866;8;874
40136;157;4;161
40137;283;10;293
40138;281;6;287
40139;552;15;567
40140;189;3;192
40141;296;4;300
40142;1049;21;1070
40143;305;4;309
40144;244;9;253
40145;615;23;638
40146;162;3;165
40147;371;3;374
40148;83;3;86
40149;376;5;381
40150;1918;52;1970
40151;431;12;443
40152;1033;25;1058
40153;238;6;244
40154;310;6;316
40155;1502;39;1541
40156;556;5;561
40157;1657;39;1696
40158;276;3;279
40159;310;7;317
40160;180;6;186
40161;86;1;87
40162;581;13;594
40163;567;9;576
40164;356;1;357
40165;386;11;397
40166;75;1;76
40167;657;10;667
40168;2322;35;2357
40169;125;3;128
40170;235;3;238
40171;114;3;117
40172;266;4;270
40173;139;5;144
40174;86;1;87
40175;440;6;446
40176;89;1;90
40177;315;17;332
40178;628;28;656
40179;1820;47;1867
40180;1147;31;1178
40181;968;31;999
40182;828;11;839
40183;978;32;1010
40184;7255;165;7420
40185;357;8;365
40186;810;17;827
40187;1185;16;1201
40188;468;12;480
40189;83;3;86
40190;385;11;396
40191;620;13;633
40192;29807;1413;31220
40193;75;2;77
40194;1183;30;1213
40195;620;13;633
40196;574;11;585
40197;4987;132;5119
40198;173;8;181
40199;270;3;273
40200;674;10;684
40201;1343;103;1446
40202;3230;74;3304
40203;325;13;338
40204;265;4;269
40205;247;8;255
40206;325;13;338
40207;1507;207;1714
40208;366;6;372
40209;5520;121;5641
40210;1025;19;1044
40211;742;18;760
40212;1002;16;1018
40213;635;10;645
40214;501;5;506
40215;285;8;293
40216;201;2;203
40217;6684;216;6900
40218;505;4;509
40219;107;2;109
40220;139;6;145
40221;338;13;351
40222;701;22;723
40223;233;8;241
40224;3648;180;3828
40225;200;6;206
40226;205;3;208
40227;1449;20;1469
40228;1569;27;1596
40229;1648;32;1680
40230;2868;97;2965
40231;1154;31;1185
40232;222;10;232
40233;3071;81;3152
40234;906;28;934
40235;691;11;702
40236;782;20;802
40237;764;6;770
40238;622;19;641
40239;105;3;108
40240;517;19;536
40242;104;0;104
40243;3023;42;3065
40244;1257;29;1286
40245;1898;49;1947
40246;1165;150;1315
40247;179;6;185
40248;1889;28;1917
40249;501;13;514
40250;694;22;716
40251;419;14;433
40252;636;16;652
40253;645;12;657
40254;428;11;439
40255;474;11;485
40256;711;17;728
40257;1281;21;1302
40258;252;3;255
40259;431;13;444
40260;420;8;428
40261;2752;49;2801
40262;312;6;318
40263;413;8;421
40264;1699;24;1723
40265;110;0;110
40266;1683;34;1717
40267;1001;13;1014
40268;685;22;707
40269;1229;38;1267
40270;442;14;456
40271;1200;25;1225
40272;1625;39;1664
40273;5776;131;5907
40274;1383;40;1423
40275;606;19;625
40276;311;8;319
40277;711;49;760
40278;970;16;986
40279;13381;481;13862
40280;1725;32;1757
40281;9689;360;10049
40282;4890;96;4986
40283;3307;225;3532
40284;7734;252;7986
40285;626;14;640
40286;1132;22;1154
40287;4431;66;4497
40288;1158;22;1180
40289;248;1;249
40290;108;3;111
40291;1734;32;1766
40292;1495;72;1567
40293;1107;23;1130
40294;1560;32;1592
40295;1081;18;1099
40296;3876;95;3971
40297;232;3;235
40298;397;14;411
40299;192;11;203
40300;964;34;998
40301;139;2;141
40303;328;2;330
40304;3480;86;3566
40305;196;8;204
40306;623;13;636
40307;1153;23;1176
40308;906;27;933
40309;1125;19;1144
40310;8235;199;8434
40311;628;13;641
40312;12634;299;12933
40313;3225;45;3270
40314;1259;40;1299
40315;773;11;784
40316;836;19;855
40317;3219;79;3298
40318;329;6;335
40319;242;4;246
40320;598;20;618
40321;246;9;255
40322;201;2;203
40323;254;5;259
40324;261;10;271
40325;271;12;283
40326;1420;34;1454
40327;224;5;229
40328;1614;22;1636
40329;484;6;490
40330;316;6;322
40331;2436;46;2482
40332;2304;55;2359
40333;1337;26;1363
40334;381;13;394
41001;191;5;196
41002;818;23;841
41003;597;213;810
41004;265;5;270
41006;446;8;454
41007;735;13;748
41008;737;16;753
41009;688;15;703
41010;1009;29;1038
41012;209;12;221
41013;275;5;280
41014;162;2;164
41016;1033;10;1043
41017;659;17;676
41018;45898;1520;47418
41019;95;2;97
41020;459;6;465
41022;130;1;131
41024;175;7;182
41025;1309;18;1327
41026;174;4;178
41027;145;2;147
41028;468;9;477
41029;1505;25;1530
41030;228;3;231
41031;2652;70;2722
41032;2674;79;2753
41034;92;1;93
41035;618;15;633
41036;453;7;460
41037;208;4;212
41038;419;11;430
41039;699;20;719
41040;799;27;826
41041;162;3;165
41042;535;4;539
41043;1691;32;1723
41044;1106;10;1116
41045;1077;10;1087
41046;1073;15;1088
41047;4524;116;4640
41048;226;4;230
41049;942;13;955
41050;923;39;962
41051;1080;27;1107
41052;1101;34;1135
41053;533;5;538
41054;337;5;342
41055;2393;54;2447
41057;170;0;170
41058;184;5;189
41059;6723;157;6880
41060;689;12;701
41061;1550;26;1576
41062;551;7;558
41063;490;8;498
41065;566;16;582
41066;435;10;445
41067;2802;77;2879
41068;501;9;510
41069;253;6;259
41070;519;9;528
41071;543;12;555
41072;398;17;415
41073;681;17;698
41074;1227;14;1241
41075;1009;8;1017
41077;130;6;136
41078;824;17;841
41079;103;0;103
41080;1388;30;1418
41081;227;5;232
41083;555;4;559
41084;969;27;996
41085;1055;14;1069
41086;640;9;649
41087;330;5;335
41088;234;6;240
41089;202;2;204
41090;258;6;264
41091;1309;19;1328
41093;271;9;280
41094;1145;37;1182
41095;1069;22;1091
41096;342;3;345
41097;2376;30;2406
41098;174;4;178
41099;496;13;509
41100;170;8;178
41101;1181;36;1217
41102;383;3;386
41103;416;11;427
41104;2337;52;2389
41105;862;19;881
41106;4667;61;4728
41107;472;6;478
41108;123;3;126
41109;742;21;763
41110;824;19;843
41112;245;9;254
41113;179;8;187
41114;288;7;295
41115;392;6;398
41116;198;3;201
41118;200;4;204
41119;348;6;354
41120;1253;35;1288
41121;31;0;31
41122;236;2;238
41123;673;11;684
41124;337;20;357
41125;725;15;740
41126;1158;21;1179
41127;336;6;342
41128;715;17;732
41129;716;13;729
41130;666;12;678
41131;833;28;861
41132;322;6;328
41134;630;22;652
41135;875;9;884
41136;6171;105;6276
41137;571;24;595
41138;312;9;321
41139;1091;11;1102
41140;739;18;757
41141;374;2;376
41142;2353;93;2446
41143;1313;53;1366
41144;735;23;758
41145;799;21;820
41146;959;15;974
41147;1920;43;1963
41148;1326;35;1361
41149;3721;196;3917
41150;3311;90;3401
41151;3719;50;3769
41152;637;13;650
41153;153;3;156
41154;1083;27;1110
41155;1235;30;1265
41156;527;14;541
41157;1518;17;1535
41158;2404;59;2463
41159;1242;17;1259
41160;322;4;326
41161;2323;47;2370
41163;117;2;119
41164;2721;32;2753
41166;377;5;382
41167;3452;102;3554
41168;235;4;239
41171;1734;29;1763
41172;225;1;226
41173;3488;68;3556
41174;178;7;185
41175;1116;18;1134
41176;754;18;772
41177;160;0;160
41178;63;2;65
41179;186;1;187
41180;1523;176;1699
41181;800;21;821
41182;285;9;294
41184;604;7;611
41185;2319;55;2374
41186;309;5;314
41187;175;4;179
41188;118;3;121
41189;476;6;482
41190;216;7;223
41191;68;3;71
41192;267;3;270
41193;133;3;136
41194;17924;471;18395
41195;152;2;154
41196;85;3;88
41198;2852;90;2942
41199;1204;28;1232
41200;471;29;500
41201;322;3;325
41203;497;10;507
41204;1781;41;1822
41205;175;2;177
41206;863;26;889
41207;1133;20;1153
41208;115;4;119
41209;814;41;855
41211;2731;38;2769
41212;3174;96;3270
41213;104;5;109
41214;685;12;697
41215;96;2;98
41216;560;8;568
41217;753;15;768
41218;764;12;776
41219;310;3;313
41220;4337;85;4422
41221;646;17;663
41222;372;7;379
41223;760;10;770
41224;180;1;181
41225;568;11;579
41226;3087;92;3179
41228;292;3;295
41229;1461;33;1494
41230;1840;55;1895
41231;1180;30;1210
41232;4953;98;5051
41233;900;15;915
41234;288;9;297
41235;1026;22;1048
41236;97;3;100
41237;1040;19;1059
41238;1976;28;2004
41239;1017;23;1040
41241;1342;29;1371
41242;4573;65;4638
41243;814;13;827
41245;382;4;386
41246;482;18;500
41247;1620;22;1642
41248;1042;23;1065
41249;1047;14;1061
41250;480;7;487
41251;535;8;543
41252;1595;37;1632
41253;260;5;265
41254;186;7;193
41255;331;6;337
41256;1246;19;1265
41258;1157;23;1180
41259;843;33;876
41260;418;6;424
41261;134;3;137
41262;1115;16;1131
41265;285;10;295
41266;84;3;87
41267;940;18;958
41268;161;4;165
41269;15856;642;16498
41271;631;6;637
41273;457;7;464
41274;127;0;127
41275;1257;23;1280
41276;2463;80;2543
41277;125;0;125
41278;260;8;268
41279;397;5;402
41280;2657;66;2723
41281;422;9;431
41282;442;9;451
41283;273;4;277
41284;63;2;65
41285;484;4;488
41286;150;5;155
41287;507;12;519
41288;810;16;826
41289;391;8;399
41290;236;0;236
41291;321;4;325
41292;201;1;202
41293;241;5;246
41294;1120;58;1178
41295;8091;212;8303
41296;1466;34;1500
41297;760;8;768
42001;452;7;459
42002;172;2;174
42003;1903;47;1950
42005;9963;150;10113
42006;406;8;414
42007;215;5;220
42008;109;1;110
42009;528;5;533
42010;1665;22;1687
42011;2840;56;2896
42012;674;23;697
42013;1993;50;2043
42014;314;8;322
42015;1477;26;1503
42016;424;10;434
42017;455;6;461
42018;460;11;471
42019;3120;72;3192
42020;1170;21;1191
42021;1252;10;1262
42022;4093;58;4151
42023;2937;56;2993
42025;198;4;202
42026;1719;39;1758
42027;403;7;410
42028;376;9;385
42029;1520;48;1568
42030;536;3;539
42031;306;7;313
42032;1704;24;1728
42033;622;24;646
42034;108;7;115
42035;210;9;219
42036;496;17;513
42037;592;23;615
42038;709;14;723
42039;454;5;459
42040;47;2;49
42041;618;5;623
42042;1036;20;1056
42043;1791;37;1828
42044;11948;80;12028
42045;39;1;40
42046;1935;44;1979
42047;327;2;329
42048;1479;30;1509
42049;654;21;675
42050;130;3;133
42051;532;14;546
42052;3695;94;3789
42053;1630;21;1651
42054;346;8;354
42055;140;8;148
42056;2897;50;2947
42058;258;6;264
42059;5423;99;5522
42060;527;6;533
42061;569;15;584
42062;1164;25;1189
42063;399;9;408
42064;761;30;791
42065;1411;54;1465
42066;512;12;524
42067;298;3;301
42068;426;11;437
42069;3005;93;3098
42070;916;21;937
42071;6880;179;7059
42072;65;1;66
42073;734;18;752
42074;1082;26;1108
42075;1363;14;1377
42076;907;22;929
42077;307;6;313
42078;257;11;268
42079;711;12;723
42081;1544;20;1564
42083;532;4;536
42084;159;4;163
42085;835;18;853
42086;523;13;536
42087;1224;53;1277
42088;748;17;765
42089;666;29;695
42090;495;12;507
42091;683;15;698
42092;2643;105;2748
42093;1379;20;1399
42094;8302;146;8448
42095;16901;188;17089
42096;681;11;692
42097;4666;64;4730
42098;582;14;596
42099;3733;53;3786
42100;278;11;289
42101;143;1;144
42102;890;22;912
42103;5172;41;5213
42104;861;20;881
42105;254;2;256
42106;251;8;259
42107;320;9;329
42108;1106;13;1119
42109;109;1;110
42110;4746;42;4788
42112;419;8;427
42113;233;6;239
42115;1224;15;1239
42116;247;7;254
42117;115;8;123
42118;749;20;769
42119;366;11;377
42120;1777;40;1817
42121;156;2;158
42122;1715;79;1794
42123;4716;31;4747
42124;296;7;303
42125;141;2;143
42126;1284;30;1314
42127;7653;118;7771
42128;391;8;399
42129;1819;68;1887
42130;569;10;579
42131;332;9;341
42132;566;16;582
42133;695;19;714
42134;1391;47;1438
42135;530;27;557
42136;765;32;797
42137;797;15;812
42138;668;12;680
42139;1329;66;1395
42140;443;8;451
42141;570;11;581
42142;320;4;324
42143;490;5;495
42145;1083;19;1102
42146;66;3;69
42147;15915;623;16538
42148;504;9;513
42149;5342;79;5421
42150;1393;30;1423
42151;413;80;493
42152;546;315;861
42153;481;12;493
42154;460;51;511
42155;1007;23;1030
42156;1372;18;1390
42157;794;14;808
42158;210;3;213
42159;1571;106;1677
42160;190;6;196
42161;573;19;592
42162;1154;19;1173
42163;1057;20;1077
42164;71;0;71
42165;2892;86;2978
42166;624;16;640
42167;376;10;386
42168;3738;100;3838
42169;1580;27;1607
42170;2110;180;2290
42171;288;7;295
42172;1059;24;1083
42173;359;10;369
42174;1150;25;1175
42175;1202;35;1237
42176;2172;46;2218
42177;2532;53;2585
42178;833;10;843
42179;858;28;886
42180;1035;99;1134
42181;1512;30;1542
42182;3198;106;3304
42183;7872;48;7920
42184;10848;280;11128
42185;698;20;718
42186;14978;121;15099
42187;33809;738;34547
42188;254;4;258
42189;9884;92;9976
42191;980;33;1013
42192;433;7;440
42193;1427;39;1466
42194;201;2;203
42195;972;23;995
42196;120;4;124
42197;1045;32;1077
42198;934;23;957
42199;1927;63;1990
42200;1527;26;1553
42201;689;31;720
42202;688;15;703
42203;301;12;313
42204;1510;47;1557
42205;688;15;703
42206;1669;41;1710
42207;34841;412;35253
42208;1903;42;1945
42209;396;11;407
42210;477;7;484
42211;2447;35;2482
42212;961;28;989
42213;311;12;323
42214;1041;29;1070
42215;1260;25;1285
42216;673;19;692
42217;421;7;428
42218;173821;1971;175792
42219;1025;26;1051
42220;621;19;640
42221;514;15;529
42222;5826;146;5972
42223;6123;70;6193
42224;2918;144;3062
42225;3894;76;3970
42226;431;3;434
42227;412;10;422
42228;1467;26;1493
42229;230;6;236
42230;1608;31;1639
42231;1238;75;1313
42232;637;11;648
42233;954;24;978
42234;3637;55;3692
42235;337;5;342
42236;529;10;539
42237;6615;69;6684
42238;320;11;331
42239;1153;24;1177
42240;859;19;878
42241;390;5;395
42242;1928;29;1957
42243;283;5;288
42245;585;6;591
42246;1143;18;1161
42247;282;8;290
42248;1130;38;1168
42249;1656;35;1691
42251;581;13;594
42252;252;2;254
42253;1157;40;1197
42254;799;17;816
42255;283;7;290
42256;5001;50;5051
42257;836;16;852
42259;3815;75;3890
42260;890;59;949
42261;906;20;926
42262;1817;21;1838
42264;980;24;1004
42265;856;25;881
42266;663;13;676
42267;1696;47;1743
42268;796;9;805
42269;174;10;184
42270;1357;31;1388
42271;4817;59;4876
42272;1704;38;1742
42273;381;8;389
42274;257;8;265
42275;6106;95;6201
42276;430;6;436
42277;341;1;342
42278;144;1;145
42279;15229;280;15509
42280;402;11;413
42281;134;2;136
42282;239;5;244
42283;1218;28;1246
42284;1417;59;1476
42285;4090;64;4154
42286;949;15;964
42287;1088;21;1109
42288;706;12;718
42289;1899;36;1935
42290;588;22;610
42293;1191;20;1211
42294;974;28;1002
42295;556;7;563
42296;547;16;563
42297;595;30;625
42298;377;5;382
42299;3430;74;3504
42300;643;13;656
42301;689;8;697
42302;7874;167;8041
42303;276;6;282
42304;6653;270;6923
42305;6977;99;7076
42306;483;6;489
42307;902;32;934
42308;776;8;784
42310;149;2;151
42311;1471;37;1508
42312;606;17;623
42313;665;8;673
42314;291;8;299
42315;423;14;437
42316;8418;80;8498
42317;124;6;130
42318;1487;23;1510
42319;705;11;716
42320;707;10;717
42321;102;1;103
42322;1075;26;1101
42323;8973;105;9078
42324;1192;17;1209
42325;376;5;381
42326;877;28;905
42327;664;14;678
42328;712;75;787
42329;377;5;382
42330;7942;159;8101
42331;1022;31;1053
42332;5030;142;5172
42333;589;13;602
42334;1250;17;1267
42335;442;20;462
42336;637;20;657
42337;224;5;229
42338;1488;61;1549
42339;218;5;223
43001;178;4;182
43002;1473;63;1536
43003;874;18;892
43004;119;7;126
43005;156;3;159
43006;129;2;131
43007;602;17;619
43008;143;6;149
43009;23;0;23
43010;1193;29;1222
43011;178;5;183
43012;6142;83;6225
43013;306;10;316
43014;56;2;58
43015;50;0;50
43016;898;22;920
43017;282;5;287
43018;1376;126;1502
43019;108;2;110
43020;4377;86;4463
43021;1040;20;1060
43022;276;12;288
43023;210;2;212
43024;851;13;864
43025;2969;67;3036
43026;445;12;457
43027;45;0;45
43028;472;15;487
43029;97;1;98
43030;401;10;411
43031;135;5;140
43032;1687;51;1738
43033;636;8;644
43034;355;1;356
43035;68;3;71
43036;409;6;415
43037;280;7;287
43038;998;27;1025
43039;609;13;622
43040;6609;325;6934
43041;4185;224;4409
43042;710;17;727
43043;470;8;478
43044;209;4;213
43045;426;13;439
43046;2464;68;2532
43047;332;8;340
43048;616;36;652
43049;487;9;496
43050;124;0;124
43051;2431;40;2471
43052;193;2;195
43053;205;4;209
43054;176;9;185
43055;165;4;169
43056;428;13;441
43057;46;2;48
43058;1054;29;1083
43059;109;1;110
43060;69;4;73
43061;868;23;891
43062;806;15;821
43063;156;2;158
43064;64;4;68
43065;123;4;127
43066;118;4;122
43067;268;6;274
43068;33;2;35
43069;319;7;326
43070;171;2;173
43071;472;6;478
43072;153;5;158
43073;134;3;137
43074;884;25;909
43075;73;3;76
43076;137;1;138
43077;538;16;554
43078;3258;89;3347
43079;301;11;312
43080;1951;41;1992
43082;71;2;73
43083;150;4;154
43084;1678;35;1713
43085;56;5;61
43086;179;9;188
43087;2668;65;2733
43088;322;9;331
43089;3497;170;3667
43090;127;4;131
43091;324;14;338
43092;355;7;362
43093;325;7;332
43094;82;2;84
43095;134;4;138
43096;902;228;1130
43097;105;1;106
43098;109;5;114
43099;552;6;558
43100;174;2;176
43101;57;6;63
43102;1103;17;1120
43103;113;2;115
43104;197;6;203
43105;178;7;185
43106;145;3;148
43107;86;0;86
43108;439;10;449
43109;77;3;80
43110;844;14;858
43111;878;22;900
43112;3489;77;3566
43113;1923;54;1977
43114;1729;38;1767
43115;1009;18;1027
43116;63;3;66
43117;247;7;254
43118;272;4;276
43119;832;17;849
43120;1325;26;1351
43121;216;5;221
43122;289;5;294
43123;393;16;409
43124;931;18;949
43125;81;1;82
43126;761;15;776
43127;846;15;861
43128;134;2;136
43129;156;7;163
43130;1110;29;1139
43131;196;2;198
43132;1445;42;1487
43133;139;1;140
43134;150;4;154
43135;1768;31;1799
43136;211;1;212
43137;8875;425;9300
43138;412;12;424
43139;54;0;54
43140;685;24;709
43141;1149;24;1173
43142;586;10;596
43143;128;0;128
43144;98;3;101
43145;57;0;57
43147;638;21;659
43148;868;18;886
43149;116;4;120
43150;468;13;481
43151;190;5;195
43152;2810;84;2894
43153;1902;30;1932
43154;546;16;562
43155;62;1;63
43156;115;6;121
43157;19215;881;20096
43158;333;12;345
43159;940;24;964
43160;194;3;197
43162;2990;58;3048
43163;1179;18;1197
43164;486;2;488
43165;1531;30;1561
43166;375;16;391
43167;191;4;195
43168;116;1;117
43169;50;0;50
43170;450;6;456
43171;85;3;88
43172;213;2;215
43173;92;2;94
43174;953;13;966
43175;164;6;170
43177;3451;52;3503
43178;194;8;202
43180;98;5;103
43181;758;20;778
43182;53;0;53
43183;113;2;115
43184;2473;31;2504
43185;3200;77;3277
43186;402;4;406
43187;319;4;323
43188;473;8;481
43189;518;13;531
43190;3666;83;3749
43191;249;4;253
43192;283;11;294
43193;160;1;161
43194;716;22;738
43195;186;5;191
43196;174;2;176
43197;351;5;356
43198;295;8;303
43199;968;26;994
43200;1997;43;2040
43201;245;8;253
43202;71;1;72
43203;482;13;495
43204;174;1;175
43205;4225;60;4285
43206;411;16;427
43207;246;11;257
43208;43;2;45
43210;230;7;237
43211;2634;72;2706
43212;1009;16;1025
43213;2293;52;2345
43214;110;3;113
43215;186;5;191
43216;2435;56;2491
43217;542;11;553
43218;1187;27;1214
43219;113;4;117
43220;174;4;178
43221;397;13;410
43222;162;1;163
43223;1106;24;1130
43224;5989;101;6090
43225;52;0;52
43226;107;4;111
43227;822;16;838
43228;90;2;92
43229;610;9;619
43230;1028;19;1047
43231;136;4;140
43232;361;5;366
43233;1088;41;1129
43234;1697;124;1821
43236;1480;20;1500
43237;227;6;233
43238;299;7;306
43239;800;15;815
43240;263;7;270
43241;1272;32;1304
43242;72;3;75
43244;3074;45;3119
43245;222;8;230
43246;464;17;481
43247;67;1;68
43249;520;11;531
43250;43;3;46
43251;3420;121;3541
43252;24;2;26
43253;195;9;204
43254;267;4;271
43256;343;6;349
43257;517;7;524
43258;1815;50;1865
43259;362;11;373
43260;23;0;23
43261;617;6;623
43262;1167;37;1204
43263;67;0;67
43264;285;15;300
43265;1442;46;1488
43267;1454;15;1469
43268;7278;425;7703
44001;2067;40;2107
44002;4014;138;4152
44003;11037;398;11435
44005;6895;106;7001
44006;1847;42;1889
44007;2458;55;2513
44009;9136;241;9377
44010;2824;72;2896
44012;3049;44;3093
44013;3183;41;3224
44014;3907;71;3978
44015;9954;174;10128
44016;1054;18;1072
44018;8008;139;8147
44019;1019;14;1033
44020;19903;305;20208
44021;4962;88;5050
44022;2682;49;2731
44023;3068;45;3113
44024;2849;59;2908
44025;3959;67;4026
44026;20365;466;20831
44027;2421;28;2449
44028;3974;106;4080
44029;6975;122;7097
44030;4338;91;4429
44031;798;8;806
44032;3357;49;3406
44033;3145;45;3190
44035;19551;406;19957
44036;12031;497;12528
44037;3164;175;3339
44038;2930;46;2976
44039;1120;8;1128
44041;5782;88;5870
44043;7435;241;7676
44044;1095;28;1123
44045;3754;47;3801
44046;2640;55;2695
44047;22309;275;22584
44048;2548;51;2599
44049;4118;56;4174
44050;2983;26;3009
44051;3505;428;3933
44052;8152;94;8246
44053;2270;37;2307
44054;3043;72;3115
44055;16255;542;16797
44056;3676;62;3738
44057;2349;61;2410
44058;472;11;483
44061;3216;57;3273
44062;1821;41;1862
44063;3719;88;3807
44064;4851;360;5211
44065;769;21;790
44066;6439;117;6556
44067;5233;82;5315
44068;3374;55;3429
44069;16112;575;16687
44070;4691;111;4802
44071;5893;157;6050
44072;7046;127;7173
44073;6288;114;6402
44074;4040;45;4085
44075;1807;39;1846
44076;1391;21;1412
44077;2561;33;2594
44078;332;3;335
44079;3083;296;3379
44080;772;26;798
44081;4565;112;4677
44082;5302;106;5408
44083;2467;30;2497
44084;8397;135;8532
44085;986;40;1026
44086;1055;21;1076
44087;7581;236;7817
44088;3007;43;3050
44089;3531;55;3586
44090;1621;17;1638
44091;1519;15;1534
44092;692;13;705
44094;3244;65;3309
44095;1547;24;1571
44096;4749;80;4829
44097;2039;45;2084
44098;5398;68;5466
44099;1968;60;2028
44100;2290;60;2350
44101;6290;140;6430
44102;3191;55;3246
44103;7180;79;7259
44104;840;11;851
44105;372;7;379
44106;1765;21;1786
44107;1911;25;1936
44108;2865;54;2919
44109;318808;5167;323975
44110;9082;194;9276
44111;2260;25;2285
44112;591;11;602
44113;4195;89;4284
44114;27209;699;27908
44115;3872;66;3938
44116;3023;111;3134
44117;3257;51;3308
44118;1409;24;1433
44119;1985;27;2012
44120;5200;208;5408
44121;426;4;430
44122;3755;53;3808
44123;990;17;1007
44124;750;15;765
44125;2220;50;2270
44126;4379;86;4465
44127;2739;32;2771
44128;5266;105;5371
44129;10901;260;11161
44130;6470;87;6557
44131;15859;438;16297
44132;11141;299;11440
44133;2928;44;2972
44134;1071;22;1093
44135;4015;93;4108
44136;1237;27;1264
44137;3474;67;3541
44138;1159;17;1176
44139;1386;10;1396
44140;1525;25;1550
44141;1290;13;1303
44142;1958;34;1992
44143;42919;791;43710
44144;2358;58;2416
44145;3069;38;3107
44146;2185;42;2227
44148;701;8;709
44149;3952;49;4001
44150;3954;60;4014
44151;6744;179;6923
44152;2933;53;2986
44153;1763;52;1815
44154;14287;318;14605
44155;3417;75;3492
44156;3022;39;3061
44157;1727;22;1749
44158;7515;193;7708
44159;1236;23;1259
44161;3769;69;3838
44162;47415;720;48135
44163;4764;106;4870
44164;2322;45;2367
44165;2320;47;2367
44166;5987;114;6101
44168;4087;63;4150
44169;7392;106;7498
44170;967;22;989
44171;1939;33;1972
44172;15319;269;15588
44173;2126;47;2173
44174;2229;39;2268
44175;4817;94;4911
44176;3193;54;3247
44178;2571;42;2613
44179;5118;85;5203
44180;6480;125;6605
44182;5233;89;5322
44183;2716;59;2775
44184;71394;1745;73139
44185;3245;66;3311
44186;6980;132;7112
44187;4576;147;4723
44188;9076;194;9270
44189;2397;34;2431
44190;27493;676;28169
44192;2631;44;2675
44193;1533;26;1559
44194;8478;166;8644
44195;9064;186;9250
44196;1631;25;1656
44197;1630;34;1664
44198;8765;132;8897
44199;2003;56;2059
44200;343;7;350
44201;7221;202;7423
44202;1804;25;1829
44203;2028;17;2045
44204;10482;179;10661
44205;2494;29;2523
44206;1867;25;1892
44207;1094;10;1104
44208;930;11;941
44209;9617;246;9863
44210;7983;81;8064
44211;4734;95;4829
44212;9460;179;9639
44213;7480;127;7607
44214;2051;29;2080
44215;25541;599;26140
44216;4010;75;4085
44217;6175;130;6305
44218;682;14;696
44220;1615;25;1640
44221;1536;19;1555
44222;1225;21;1246
44223;3677;48;3725
44224;1711;21;1732
45001;202;5;207
45002;383;5;388
45004;13233;590;13823
45005;258;6;264
45006;1092;28;1120
45008;1951;30;1981
45009;1136;30;1166
45010;1104;39;1143
45011;208;4;212
45012;184;3;187
45013;227;8;235
45014;500;13;513
45015;699;13;712
45016;967;28;995
45017;339;3;342
45018;971;18;989
45019;654;27;681
45020;987;18;1005
45021;313;6;319
45022;449;4;453
45023;114;2;116
45024;2065;39;2104
45025;1548;21;1569
45026;969;15;984
45027;393;8;401
45028;7339;186;7525
45029;1789;21;1810
45030;2021;129;2150
45031;1455;88;1543
45032;317;8;325
45033;373;20;393
45034;2094;50;2144
45035;1132;23;1155
45036;840;29;869
45037;505;10;515
45038;413;12;425
45039;710;16;726
45040;1867;26;1893
45041;109;3;112
45042;1920;46;1966
45043;1002;24;1026
45044;161;7;168
45045;314;12;326
45046;1053;18;1071
45047;417;13;430
45049;1218;31;1249
45050;1324;38;1362
45051;1741;34;1775
45052;97;0;97
45053;5213;96;5309
45054;546;10;556
45055;554;15;569
45056;322;6;328
45058;176;7;183
45059;193;1;194
45060;786;18;804
45061;2419;53;2472
45062;1491;24;1515
45063;932;19;951
45064;450;10;460
45065;240;3;243
45066;679;11;690
45067;3881;110;3991
45068;12688;262;12950
45069;952;14;966
45070;62;0;62
45072;1574;22;1596
45073;483;8;491
45074;115;2;117
45075;10180;218;10398
45076;232;7;239
45077;626;6;632
45078;253;2;255
45079;156;0;156
45080;350;14;364
45081;613;16;629
45082;8212;118;8330
45083;2118;34;2152
45084;445;9;454
45085;1874;26;1900
45086;278;8;286
45087;3108;52;3160
45088;293;10;303
45089;8652;175;8827
45091;319;13;332
45092;1463;36;1499
45093;2658;39;2697
45094;223;2;225
45095;2061;41;2102
45096;525;8;533
45097;1215;13;1228
45098;3425;67;3492
45099;516;9;525
45100;494;21;515
45101;274;6;280
45102;356;10;366
45103;1551;18;1569
45104;2815;56;2871
45105;75;2;77
45107;318;0;318
45108;2294;36;2330
45109;541;11;552
45110;311;2;313
45111;451;3;454
45112;342;11;353
45113;260;5;265
45114;236;6;242
45115;3907;65;3972
45116;956;24;980
45118;338;6;344
45119;2430;66;2496
45120;173;2;175
45121;475;9;484
45122;1452;37;1489
45123;1864;31;1895
45124;175;3;178
45125;113;3;116
45126;2864;39;2903
45127;3280;36;3316
45129;1358;28;1386
45130;1397;34;1431
45131;389;10;399
45132;353;5;358
45133;562;17;579
45134;1430;27;1457
45135;311;5;316
45136;535;5;540
45137;726;17;743
45138;51;0;51
45139;493;17;510
45141;157;1;158
45142;3754;67;3821
45143;33;1;34
45144;1142;85;1227
45145;3702;81;3783
45146;7404;160;7564
45147;21010;266;21276
45148;1726;13;1739
45149;273;2;275
45150;181;4;185
45151;253;8;261
45152;211;4;215
45153;728;24;752
45154;2057;34;2091
45155;13566;408;13974
45156;603;17;620
45157;414;6;420
45158;322;10;332
45159;193;3;196
45160;704;8;712
45161;797;19;816
45162;524;14;538
45164;645;16;661
45165;612;9;621
45166;284;8;292
45167;1704;29;1733
45168;556;4;560
45169;9482;236;9718
45170;165;2;167
45171;548;14;562
45173;4676;49;4725
45174;265;6;271
45175;1440;33;1473
45176;430;4;434
45177;236;4;240
45178;1386;22;1408
45179;3103;47;3150
45180;82;0;82
45181;88;2;90
45182;1230;27;1257
45183;139;1;140
45184;398;6;404
45185;299;10;309
45186;579;13;592
45187;2973;62;3035
45188;2492;61;2553
45189;250;6;256
45191;8073;166;8239
45193;2138;47;2185
45194;2866;56;2922
45195;562;14;576
45196;1508;25;1533
45197;1692;37;1729
45198;300;9;309
45199;502;4;506
45200;1423;40;1463
45201;179;3;182
45202;1004;15;1019
45203;6540;95;6635
45204;815;20;835
45205;262;5;267
45206;321;4;325
45207;405;9;414
45208;14976;545;15521
45209;305;5;310
45210;736;18;754
45212;1269;26;1295
45213;627;15;642
45214;239;4;243
45215;242;3;245
45216;132;2;134
45217;167;5;172
45218;115;1;116
45219;196;1;197
45220;576;17;593
45222;1480;38;1518
45223;355;7;362
45224;4947;77;5024
45225;357;13;370
45226;1359;27;1386
45227;1167;23;1190
45228;1195;11;1206
45229;2589;38;2627
45230;737;5;742
45231;132;9;141
45232;22386;481;22867
45233;402;3;405
45234;116269;2363;118632
45235;4147;79;4226
45237;124;1;125
45238;711;12;723
45239;413;6;419
45240;1312;23;1335
45241;547;11;558
45242;266;5;271
45243;313;6;319
45244;2641;82;2723
45245;1117;20;1137
45246;138;1;139
45247;3688;66;3754
45248;2244;37;2281
45249;908;24;932
45250;252;2;254
45251;316;4;320
45252;9023;144;9167
45253;1769;41;1810
45254;2396;62;2458
45255;442;9;451
45256;244;6;250
45257;501;7;508
45258;3424;58;3482
45259;1133;22;1155
45260;250;7;257
45261;1311;16;1327
45262;140;2;142
45263;300;8;308
45264;185;5;190
45265;410;5;415
45266;204;1;205
45268;611;8;619
45269;3561;71;3632
45270;2004;51;2055
45271;968;23;991
45272;3295;76;3371
45273;3021;40;3061
45274;7589;191;7780
45275;451;4;455
45276;508;5;513
45277;453;12;465
45278;1065;68;1133
45279;1904;18;1922
45280;1096;19;1115
45281;953;17;970
45282;3071;85;3156
45283;164;6;170
45284;21288;592;21880
45285;16411;267;16678
45286;9070;233;9303
45288;395;10;405
45289;1202;18;1220
45290;1761;27;1788
45291;1235;47;1282
45292;856;12;868
45293;1155;25;1180
45294;135;1;136
45296;752;15;767
45297;1031;16;1047
45298;6076;102;6178
45299;267;1;268
45300;4114;100;4214
45301;405;3;408
45302;16357;206;16563
45303;632;13;645
45305;212;1;213
45306;788;14;802
45307;1099;24;1123
45308;3224;77;3301
45309;713;6;719
45310;1684;25;1709
45311;665;17;682
45312;475;8;483
45313;814;13;827
45314;450;9;459
45315;5213;66;5279
45316;790;23;813
45317;1357;37;1394
45320;413;11;424
45321;712;19;731
45322;185;4;189
45323;222;4;226
45324;2333;51;2384
45325;288;4;292
45326;392;9;401
45327;3448;83;3531
45328;295;5;300
45329;1288;25;1313
45330;217;4;221
45331;614;9;623
45332;1494;26;1520
45333;1953;39;1992
45334;632;8;640
45335;1939;44;1983
45336;868;13;881
45337;286;8;294
45338;6782;367;7149
45339;484;8;492
45340;575;6;581
45341;200;6;206
45342;394;3;397
45343;208;6;214
45344;1100;21;1121
45345;1128;34;1162
45346;2243;40;2283
45347;815;16;831
45348;698;17;715
46001;521;14;535
46002;64;2;66
46003;691;24;715
46004;221;6;227
46005;333;9;342
46006;383;4;387
46007;983;23;1006
46008;210;3;213
46009;633;18;651
46010;370;10;380
46011;356;9;365
46012;553;12;565
46013;174;2;176
46015;1467;38;1505
46016;386;15;401
46017;141;4;145
46018;137;3;140
46020;232;12;244
46021;705;26;731
46022;209;1;210
46023;517;6;523
46024;404;12;416
46026;115;3;118
46027;118;2;120
46028;1064;29;1093
46029;2044;57;2101
46030;340;13;353
46031;131;3;134
46032;403;5;408
46033;577;8;585
46034;314;9;323
46035;182;8;190
46036;126;2;128
46037;92;1;93
46038;1368;29;1397
46039;221;5;226
46040;225;8;233
46041;157;8;165
46042;19937;940;20877
46043;206;1;207
46044;597;22;619
46045;1119;32;1151
46046;457;10;467
46047;169;6;175
46049;202;3;205
46050;141;4;145
46051;388;11;399
46052;257;5;262
46053;424;13;437
46054;386;2;388
46055;1112;25;1137
46056;106;5;111
46057;616;13;629
46058;413;15;428
46059;223;10;233
46060;228;1;229
46061;178;4;182
46062;434;8;442
46063;1833;38;1871
46064;896;7;903
46065;436;14;450
46066;637;5;642
46068;170;3;173
46069;165;2;167
46070;587;14;601
46072;305;6;311
46073;420;17;437
46074;410;8;418
46075;237;5;242
46076;344;9;353
46078;97;2;99
46079;102;2;104
46080;778;14;792
46081;73;3;76
46082;360;9;369
46083;1118;23;1141
46084;314;8;322
46085;235;6;241
46086;632;13;645
46087;657;17;674
46088;822;22;844
46089;955;7;962
46090;148;2;150
46091;210;4;214
46092;221;3;224
46093;88;2;90
46094;268;5;273
46095;1041;25;1066
46096;96;2;98
46097;108;6;114
46098;300;7;307
46100;684;28;712
46101;461;7;468
46102;9802;670;10472
46103;1003;26;1029
46104;94;6;100
46105;780;17;797
46106;241;8;249
46107;170;5;175
46108;409;19;428
46109;501;9;510
46111;167;4;171
46112;240;5;245
46113;305;6;311
46114;361;7;368
46115;163;7;170
46116;70;6;76
46117;670;43;713
46118;675;15;690
46119;292;0;292
46120;336;4;340
46121;146;3;149
46122;104;4;108
46123;365;7;372
46124;301;12;313
46125;327;10;337
46126;221;4;225
46127;3981;127;4108
46128;3469;58;3527
46129;287;11;298
46130;222;5;227
46131;169;5;174
46132;519;21;540
46133;265;3;268
46134;274;6;280
46135;50;1;51
46136;270;7;277
46137;1244;22;1266
46138;918;20;938
46139;201;7;208
46140;363;15;378
46142;169;2;171
46143;1277;36;1313
46144;255;13;268
46145;793;13;806
46146;94;1;95
46147;126;0;126
46148;1785;46;1831
46149;695;21;716
46151;117;3;120
46152;301;4;305
46153;580;16;596
46154;350;13;363
46155;138;1;139
46156;1226;24;1250
46157;134;5;139
46159;223;12;235
46160;424;15;439
46161;248;6;254
46162;201;6;207
46163;288;4;292
46164;251;11;262
46165;462;11;473
46167;106;0;106
46168;187;1;188
46169;206;7;213
46170;927;23;950
46171;227;3;230
46172;500;16;516
46173;738;17;755
46174;233;8;241
46175;917;33;950
46176;699;13;712
46177;512;20;532
46178;261;1;262
46179;127;5;132
46180;593;25;618
46181;96;4;100
46182;1789;26;1815
46183;203;2;205
46184;350;12;362
46185;1625;41;1666
46186;362;7;369
46187;524;10;534
46188;300;10;310
46189;498;16;514
46190;129;3;132
46191;1140;20;1160
46192;269;8;277
46193;457;11;468
46194;182;3;185
46195;357;9;366
46196;99;1;100
46197;1062;125;1187
46198;110;1;111
46199;348;6;354
46200;267;5;272
46201;1772;48;1820
46202;549;5;554
46203;212;6;218
46204;600;9;609
46205;325;2;327
46206;120;6;126
46207;301;5;306
46208;287;11;298
46209;163;8;171
46210;68;1;69
46211;353;2;355
46212;70;3;73
46213;154;10;164
46214;385;9;394
46215;618;17;635
46216;658;29;687
46217;437;11;448
46218;187;3;190
46219;346;13;359
46220;788;25;813
46221;533;9;542
46222;192;3;195
46223;175;1;176
46224;3562;102;3664
46225;2384;76;2460
46226;230;7;237
46227;222;4;226
46228;718;15;733
46229;1015;18;1033
46230;86;4;90
46231;1940;29;1969
46232;1006;24;1030
46233;109;1;110
46234;100;2;102
46235;172;4;176
46236;143;0;143
46237;372;10;382
46238;279;9;288
46239;212;5;217
46240;623;20;643
46241;190;4;194
46242;179;5;184
46243;191;1;192
46244;94;1;95
46245;77;1;78
46246;74;1;75
46247;154;5;159
46249;120;5;125
46250;81;2;83
46251;3414;160;3574
46252;312;8;320
46253;181;2;183
46254;139;5;144
46255;334;13;347
46256;200;2;202
46257;122;3;125
46258;163;1;164
46259;141;2;143
46260;221;9;230
46262;633;14;647
46263;696;17;713
46264;200;7;207
46265;331;7;338
46266;538;8;546
46267;569;12;581
46268;893;20;913
46269;61;2;63
46270;242;3;245
46271;404;17;421
46272;271;4;275
46273;846;25;871
46276;185;5;190
46277;205;4;209
46279;210;3;213
46280;178;5;183
46281;200;7;207
46282;94;0;94
46283;316;8;324
46284;405;8;413
46286;176;5;181
46288;213;10;223
46289;159;0;159
46290;341;8;349
46292;186;6;192
46293;483;12;495
46294;146;3;149
46295;212;4;216
46296;437;16;453
46297;1207;25;1232
46299;120;4;124
46301;520;5;525
46302;135;2;137
46303;128;3;131
46304;137;1;138
46305;306;2;308
46306;86;3;89
46307;640;6;646
46308;102;1;103
46309;3201;318;3519
46310;126;2;128
46311;1331;20;1351
46312;273;2;275
46313;442;9;451
46314;174;40;214
46315;167;3;170
46316;290;5;295
46317;481;13;494
46318;232;12;244
46319;168;5;173
46320;317;15;332
46321;370;8;378
46322;809;31;840
46323;99;2;101
46324;214;4;218
46328;335;12;347
46329;326;2;328
46330;1303;25;1328
46332;334;5;339
46333;179;4;183
46334;1565;57;1622
46335;395;16;411
46336;349;31;380
46337;259;7;266
46338;77;1;78
46339;369;8;377
46340;365;12;377
47001;32602;862;33464
47002;105;4;109
47003;421;9;430
47004;4421;141;4562
47005;487;5;492
47006;593;13;606
47007;164;6;170
47008;110;4;114
47009;229;8;237
47010;224;3;227
47011;199;7;206
47012;311;2;313
47013;324;11;335
47014;202;7;209
47015;2031;39;2070
47016;1154;25;1179
47017;415;9;424
47018;173;6;179
47019;989;21;1010
47020;184;8;192
47021;1511;81;1592
47022;538;9;547
47023;354;5;359
47024;1632;41;1673
47025;550;6;556
47026;231;8;239
47027;2997;45;3042
47028;850;18;868
47029;495;13;508
47030;209;6;215
47031;5631;94;5725
47032;6224;148;6372
47033;412;3;415
47034;633;13;646
47035;328;80;408
47036;375;6;381
47037;253;4;257
47038;613;24;637
47039;36;0;36
47040;2090;46;2136
47041;747;15;762
47042;184;6;190
47043;1260;14;1274
47044;309;3;312
47045;472;5;477
47046;613;12;625
47047;183;5;188
47048;1339;19;1358
47049;2433;48;2481
47050;129;2;131
47051;2393;48;2441
47052;4518;56;4574
47053;375;7;382
47054;1796;23;1819
47055;516;7;523
47056;894;32;926
47057;1370;20;1390
47058;257;1;258
47059;261;4;265
47060;1109;19;1128
47061;774;7;781
47062;417;4;421
47063;162;2;164
47064;238;7;245
47065;2594;198;2792
47066;911;12;923
47067;393;8;401
47068;1087;23;1110
47069;3113;49;3162
47070;850;23;873
47071;242;3;245
47072;108;3;111
47073;198;5;203
47074;360;6;366
47075;1078;23;1101
47076;281;5;286
47077;851;18;869
47078;1357;46;1403
47079;517;18;535
47080;133;3;136
47081;716;15;731
47082;216;1;217
47083;104;1;105
47084;270;6;276
47085;297;3;300
47086;1219;20;1239
47087;163;9;172
47088;614;9;623
47089;150;2;152
47090;366;8;374
47091;2189;41;2230
47092;392;6;398
47093;347;9;356
47094;810;15;825
47095;863;19;882
47096;205;5;210
47097;1010;21;1031
47098;356;9;365
47099;622;16;638
47100;5449;219;5668
47101;1330;28;1358
47102;737;11;748
47103;230;4;234
47104;253;4;257
47105;282;5;287
47106;4755;99;4854
47107;308;6;314
47108;246;7;253
47109;291;5;296
47110;1651;28;1679
47111;589;17;606
47112;422;13;435
47113;141;3;144
47114;396;1;397
47115;254;7;261
47117;1014;16;1030
47118;186;1;187
47119;556;8;564
47120;102;3;105
47121;302;0;302
47122;186;2;188
47123;418;5;423
47124;212;6;218
47125;314;7;321
47126;95;1;96
47127;822;12;834
47128;1116;29;1145
47129;278;6;284
47130;327;5;332
47131;699;15;714
47132;224;4;228
47133;601;8;609
47134;366;9;375
47135;383;8;391
47136;136;2;138
47137;1344;32;1376
47138;1638;24;1662
47139;88;1;89
47140;687;15;702
47141;283;6;289
47142;763;6;769
47143;2263;59;2322
47144;574;20;594
47145;3686;56;3742
47146;1410;29;1439
47147;684;11;695
47148;204;1;205
47150;367;6;373
47151;423;3;426
47152;403;10;413
47154;372;4;376
47155;651;16;667
47156;856;8;864
47157;17421;587;18008
47158;174;3;177
47159;1483;34;1517
47160;183;2;185
47161;116;1;117
47162;217;5;222
47163;607;8;615
47164;112;3;115
47165;1330;59;1389
47167;1469;26;1495
47168;3092;102;3194
47169;1177;54;1231
47170;615;23;638
47171;437;8;445
47172;594;18;612
47173;882;11;893
47174;736;17;753
47175;2329;54;2383
47176;174;12;186
47177;191;4;195
47178;402;8;410
47179;2033;28;2061
47180;631;14;645
47181;271;3;274
47182;246;1;247
47183;166;6;172
47184;260;4;264
47185;2652;68;2720
47186;773;12;785
47187;328;2;330
47188;291;4;295
47189;148;0;148
47190;549;45;594
47191;846;9;855
47192;78;1;79
47193;199;4;203
47194;321;5;326
47195;6837;507;7344
47196;215;3;218
47197;254;2;256
47198;335;6;341
47199;316;5;321
47200;114;1;115
47201;9400;170;9570
47202;309;7;316
47203;2341;50;2391
47204;283;3;286
47205;201;8;209
47206;564;5;569
47207;205;5;210
47208;199;6;205
47209;4141;118;4259
47210;1846;30;1876
47211;223;7;230
47212;289;6;295
47213;995;27;1022
47214;681;13;694
47215;3675;138;3813
47216;679;13;692
47217;919;15;934
47218;240;4;244
47219;180;2;182
47220;298;5;303
47221;606;18;624
47222;486;9;495
47223;203;7;210
47224;161;6;167
47225;2048;39;2087
47226;528;9;537
47227;177;2;179
47228;717;10;727
47229;223;5;228
47230;395;9;404
47231;175;2;177
47232;520;3;523
47233;3160;98;3258
47234;663;20;683
47235;471;4;475
47236;106;1;107
47237;502;11;513
47238;1586;53;1639
47239;850;13;863
47240;279;10;289
47241;678;18;696
47242;518;13;531
47244;387;5;392
47245;93;2;95
47246;1491;39;1530
47247;248;10;258
47248;571;7;578
47249;523;4;527
47250;123;4;127
47251;320;5;325
47252;6456;175;6631
47253;645;5;650
47254;308;8;316
47255;174;3;177
47256;102;4;106
47257;613;8;621
47258;312;10;322
47259;103;4;107
47260;415;5;420
47262;423;4;427
47263;608;15;623
47264;1105;19;1124
47265;377;8;385
47266;198;2;200
47267;295;2;297
47269;844;19;863
47271;358;3;361
47272;194;7;201
47273;187;6;193
47274;396;6;402
47275;201;1;202
47276;299;7;306
47277;337;1;338
47278;475;9;484
47279;353;6;359
47280;2324;53;2377
47281;249;1;250
47282;233;7;240
47283;1163;30;1193
47284;293;7;300
47285;895;17;912
47286;106;0;106
47287;266;3;269
47288;524;14;538
47289;524;11;535
47290;549;6;555
47291;630;16;646
47292;576;6;582
47293;387;18;405
47294;219;1;220
47295;304;6;310
47296;155;2;157
47297;141;3;144
47298;213;3;216
47299;172;5;177
47300;1172;20;1192
47301;1062;11;1073
47302;651;7;658
47303;226;9;235
47304;61;2;63
47305;386;6;392
47306;1048;19;1067
47307;200;5;205
47308;222;3;225
47309;456;4;460
47310;9130;225;9355
47311;133;8;141
47312;761;13;774
47313;138;1;139
47314;395;10;405
47315;896;26;922
47316;671;8;679
47317;569;5;574
47318;995;15;1010
47319;107;3;110
47320;389;1;390
47321;315;5;320
47323;21742;683;22425
47324;1283;32;1315
47325;459;6;465
47326;1677;34;1711
47327;398;11;409
47328;550;19;569
48001;176;4;180
48002;561;21;582
48003;253;5;258
48004;213;10;223
48005;330;8;338
48007;50;0;50
48008;193;9;202
48009;2291;82;2373
48010;372;6;378
48012;354;12;366
48013;984;41;1025
48015;178;12;190
48016;558;18;576
48017;1067;36;1103
48018;769;18;787
48019;203;9;212
48020;65;0;65
48021;154;3;157
48025;426;25;451
48026;265;1;266
48027;1039;49;1088
48028;144;10;154
48029;148;0;148
48030;387;8;395
48031;76;3;79
48032;222;6;228
48034;2122;98;2220
48036;127;2;129
48037;120;2;122
48038;543;7;550
48039;1467;33;1500
48041;77;0;77
48042;900;35;935
48043;527;8;535
48044;86;2;88
48045;292;11;303
48046;67;2;69
48048;63;3;66
48050;451;15;466
48051;691;50;741
48053;189;8;197
48054;50;5;55
48055;183;4;187
48056;405;10;415
48058;155;5;160
48059;307;5;312
48061;2067;43;2110
48063;226;3;229
48064;369;9;378
48065;80;0;80
48067;100;2;102
48068;158;6;164
48069;53;0;53
48070;751;15;766
48071;66;1;67
48072;233;6;239
48073;95;4;99
48074;231;11;242
48075;897;27;924
48077;47;2;49
48079;114;3;117
48080;2887;193;3080
48081;316;10;326
48082;99;3;102
48083;152;4;156
48085;94;4;98
48086;209;5;214
48087;265;10;275
48088;136;5;141
48089;493;11;504
48090;728;14;742
48091;50;3;53
48092;4684;244;4928
48094;960;27;987
48095;12318;829;13147
48096;807;119;926
48097;216;9;225
48098;96;4;100
48099;2092;48;2140
48100;117;3;120
48103;1193;71;1264
48104;557;32;589
48105;369;18;387
48106;96;7;103
48107;179;7;186
48108;76;2;78
48110;101;5;106
48111;237;8;245
48112;164;5;169
48115;159;7;166
48116;562;24;586
48117;121;2;123
48119;250;13;263
48121;239;10;249
48123;172;6;178
48124;104;0;104
48126;358;12;370
48127;1291;21;1312
48128;593;21;614
48129;229;6;235
48130;124;1;125
48131;133;7;140
48132;1379;33;1412
48135;182;0;182
48136;150;2;152
48137;624;25;649
48138;67;2;69
48139;251;2;253
48140;4211;589;4800
48141;107;6;113
48144;269;9;278
48145;156;7;163
48146;909;33;942
48147;643;51;694
48148;505;27;532
48149;36;2;38
48150;188;14;202
48151;63;3;66
48152;267;5;272
48153;88;5;93
48155;465;6;471
48156;870;23;893
48157;107;4;111
48158;104;4;108
48160;156;7;163
48161;69;2;71
48163;114;3;117
48165;186;10;196
48166;289;11;300
48167;37;1;38
48168;190;5;195
48169;210;11;221
48170;198;5;203
48171;191;2;193
48173;230;3;233
48174;139;3;142
48175;176;10;186
48176;90;4;94
48177;322;9;331
48178;222;6;228
48179;113;2;115
48181;63;4;67
48182;58;2;60
48185;165;5;170
48187;101;1;102
48188;244;5;249
48190;215;8;223
48191;94;3;97
48192;92;2;94
48193;214;1;215
48194;424;48;472
48198;548;12;560
49002;2975;53;3028
49003;1752;37;1789
49007;155850;3080;158930
49008;931;25;956
49009;460;4;464
49010;319;5;324
49011;428;18;446
49012;368;11;379
49015;14443;357;14800
49017;604;6;610
49018;11829;261;12090
49020;5439;107;5546
49021;7229;154;7383
49022;1368;29;1397
49023;23419;716;24135
49026;2789;90;2879
49027;2107;42;2149
49028;125;6;131
49029;1293;28;1321
49030;975;32;1007
49035;6774;141;6915
49036;751;20;771
49038;240;5;245
49041;2039;35;2074
49045;600;14;614
49048;3084;41;3125
49050;10851;274;11125
49053;350;4;354
49054;2824;62;2886
49055;2317;35;2352
49056;263;6;269
49057;337;6;343
49058;877;9;886
49060;3482;80;3562
49061;797;19;816
49063;6518;175;6693
49064;397;12;409
49067;342;8;350
49068;1864;31;1895
49069;16429;277;16706
49070;694;10;704
49076;763;7;770
49080;8759;185;8944
49082;941;17;958
49086;3994;84;4078
49089;1053;28;1081
49090;974;12;986
49092;20828;604;21432
49099;54037;1942;55979
49100;469;17;486
49102;337;5;342
49107;467;16;483
49109;1580;30;1610
49110;1886;32;1918
49112;947;28;975
49113;519;9;528
49114;145;4;149
49120;1384;23;1407
49121;480;9;489
49123;1732;55;1787
49125;11119;257;11376
49127;3358;75;3433
49129;4394;58;4452
49130;667;7;674
49131;734;7;741
49132;1547;17;1564
49135;2192;38;2230
49138;2601;58;2659
49140;1528;25;1553
49155;1432;40;1472
49160;2665;58;2723
49161;334;6;340
49163;2752;28;2780
49167;4567;111;4678
49170;807;12;819
49171;123;0;123
49174;1315;21;1336
49176;5023;76;5099
49178;876;21;897
49180;6831;121;6952
49182;880;16;896
49183;4903;84;4987
49188;837;15;852
49192;3203;78;3281
49193;3820;90;3910
49194;5925;105;6030
49195;1256;29;1285
49200;6306;171;6477
49201;2049;35;2084
49205;973;11;984
49209;440;3;443
49211;1215;30;1245
49214;7632;150;7782
49215;3726;250;3976
49216;590;6;596
49217;775;10;785
49218;15668;317;15985
49219;431;6;437
49220;3666;56;3722
49221;820;23;843
49222;2013;45;2058
49223;5660;101;5761
49224;991;10;1001
49228;5546;167;5713
49231;1454;37;1491
49235;424;15;439
49236;125;5;130
49237;132;2;134
49240;997;31;1028
49241;2552;60;2612
49244;17924;475;18399
49246;12819;541;13360
49247;2447;42;2489
49248;8970;251;9221
49253;1186;21;1207
49257;1028;16;1044
49259;2323;59;2382
49260;1947;86;2033
49261;8570;169;8739
49262;652;9;661
49266;1227;29;1256
49267;9210;228;9438
49269;2794;60;2854
49271;2098;28;2126
49272;1086;20;1106
49278;3456;254;3710
49283;3665;39;3704
49284;1406;23;1429
49288;226;6;232
49291;376;5;381
49292;3411;48;3459
49294;2924;30;2954
49298;3694;63;3757
49299;3018;70;3088
49301;25162;553;25715
49302;451;5;456
49306;1661;36;1697
49307;15902;575;16477
49308;2127;54;2181
49310;597;19;616
49311;1323;28;1351
49321;387;8;395
49323;7520;297;7817
49326;812;19;831
49328;26467;982;27449
49329;1336;50;1386
49330;1180;18;1198
49331;17462;833;18295
49332;4192;112;4304
49333;2912;60;2972
49334;332;5;337
49336;883;16;899
49338;1428;28;1456
49339;1492;39;1531
49341;748;23;771
49343;3189;73;3262
49344;1235;25;1260
49345;5751;115;5866
49347;4432;73;4505
49352;1322;33;1355
49353;14961;168;15129
49355;3088;53;3141
49358;571;14;585
49359;577;15;592
49361;1829;37;1866
49362;1218;50;1268
49364;1131;22;1153
49367;5739;84;5823
49368;1993;39;2032
49369;1270;21;1291
49370;480;7;487
49371;1727;29;1756
49373;7789;177;7966
49374;1437;32;1469
49377;5651;94;5745
49378;2537;35;2572
49381;1813;30;1843
50002;4153;439;4592
50003;2796;95;2891
50004;549;3;552
50006;154;5;159
50008;443;18;461
50013;386;9;395
50015;651;13;664
50016;182;2;184
50019;419;6;425
50021;75;1;76
50022;112;3;115
50023;676;10;686
50024;170;3;173
50025;10264;555;10819
50026;80;1;81
50027;956;27;983
50028;101;3;104
50029;1175;65;1240
50030;559;8;567
50031;2239;56;2295
50032;1035;40;1075
50033;141;4;145
50034;544;18;562
50036;429;8;437
50038;426;11;437
50039;126;4;130
50040;123;6;129
50041;11173;336;11509
50042;433;5;438
50044;321;2;323
50045;608;23;631
50046;427;6;433
50048;556;9;565
50049;660;19;679
50050;138;0;138
50052;143;2;145
50054;191;4;195
50055;113;2;115
50058;1620;45;1665
50059;324;1;325
50060;436;8;444
50062;116;0;116
50064;178;7;185
50066;2367;79;2446
50069;345;12;357
50070;74;5;79
50072;212;6;218
50074;2139;146;2285
50076;3455;87;3542
50077;1037;44;1081
50078;408;7;415
50079;409;9;418
50081;771;29;800
50082;5826;150;5976
50083;600;7;607
50084;544;18;562
50085;1223;41;1264
50086;324;5;329
50087;2155;53;2208
50088;135;2;137
50090;611;10;621
50092;704;16;720
50093;419;5;424
50094;411;9;420
50095;1766;57;1823
50096;209;8;217
50097;121;2;123
50098;622;15;637
50099;10052;181;10233
50101;235;6;241
50102;748;16;764
50105;97;5;102
50106;268;2;270
50108;414;12;426
50109;1779;39;1818
50110;1036;19;1055
50111;1004;16;1020
50112;465;7;472
50115;383;11;394
50117;351;12;363
50118;328;6;334
50120;359;4;363
50121;244;4;248
50124;165;3;168
50126;133;7;140
50129;78549;2363;80912
50130;427;6;433
50135;226;3;229
50137;627;14;641
50138;550;10;560
50139;4044;161;4205
50142;1054;13;1067
50143;859;34;893
50144;540;5;545
50145;592;13;605
50146;235;2;237
50147;8408;1173;9581
50148;544;4;548
50149;1182;18;1200
50150;228;3;231
50151;2093;29;2122
50152;225;3;228
50155;298;13;311
50156;66;0;66
50158;280;9;289
50159;682;15;697
50161;599;9;608
50162;1598;44;1642
50164;1006;26;1032
50165;3109;74;3183
50166;327;15;342
50167;805;21;826
50168;2799;61;2860
50169;103;1;104
50172;350;8;358
50174;196;9;205
50175;196;8;204
50176;346;14;360
50177;372;6;378
50178;1263;24;1287
50181;330;8;338
50182;287;8;295
50183;346;6;352
50184;1766;22;1788
50185;1045;24;1069
50186;218;8;226
50188;1084;26;1110
50190;171;3;174
50192;130;0;130
50193;218;3;221
50194;370;8;378
50195;254;2;256
50196;488;20;508
50197;1956;25;1981
50198;471;11;482
50199;447;4;451
50200;807;8;815
50205;279;7;286
50207;175;2;177
50208;157;1;158
50209;1511;44;1555
50210;342;8;350
50214;275;6;281
50215;3229;88;3317
50216;805;91;896
50217;601;11;612
50218;12513;674;13187
50219;667;12;679
50221;59;2;61
50222;785;21;806
50225;143;1;144
50227;310;5;315
50228;1105;32;1137
50229;87;1;88
50230;883;34;917
50231;686;23;709
50232;473;18;491
50233;159;5;164
50234;77;0;77
50235;271;5;276
50236;3971;118;4089
50237;1258;25;1283
50238;457;6;463
50239;1788;45;1833
50240;547;8;555
50241;181;5;186
50243;499;16;515
50246;70;1;71
50247;188;5;193
50251;365;10;375
50252;908;16;924
50253;170;7;177
50256;3221;102;3323
50258;112;3;115
50259;641;26;667
50260;1689;41;1730
50261;169;2;171
50262;530;6;536
50263;364;10;374
50265;196;2;198
50266;413;10;423
50267;2236;55;2291
50268;249;5;254
50269;206;6;212
50270;399;12;411
50271;86;1;87
50272;1019;19;1038
50273;1412;20;1432
50274;1012;153;1165
50275;125;7;132
50276;583;19;602
50277;590;15;605
50278;283;6;289
50279;600;15;615
50281;772;19;791
50282;298;10;308
50283;74;1;75
50285;313;4;317
50288;1294;29;1323
50289;720;12;732
50290;324;7;331
50291;121;4;125
50292;2687;58;2745
50294;1305;38;1343
50295;143;2;145
50296;220;9;229
50297;1019;30;1049
50298;646;13;659
50299;220;7;227
50300;164;7;171
50302;286;7;293
50304;195;7;202
50305;733;18;751
50310;170;4;174
50311;226;8;234
50312;134;4;138
50315;248;8;256
50317;272;3;275
50321;499;21;520
50324;112;2;114
50326;235;1;236
50327;186;6;192
50328;776;14;790
50332;711;15;726
50334;276;3;279
50335;501;9;510
50336;227;3;230
50338;299;4;303
50340;189;4;193
50341;2106;104;2210
50342;802;27;829
50345;691;20;711
50347;234;4;238
50349;1374;35;1409
50350;519;9;528
50351;92;2;94
50352;334;7;341
50353;29;0;29
50356;804;20;824
50357;72;1;73
50359;2929;265;3194
50360;276;12;288
50361;241;5;246
50362;285;5;290
50363;1451;35;1486
50364;707;8;715
50365;489;10;499
50368;68;2;70
50369;819;25;844
50370;614;4;618
50371;407;12;419
50372;180;3;183
50373;89;4;93
50374;27;1;28
50376;388;13;401
50378;634;9;643
50379;159;3;162
50382;633;19;652
50384;221;3;224
50387;360;6;366
50388;1147;38;1185
50389;443;12;455
50390;154;3;157
50391;2643;92;2735
50393;2600;106;2706
50394;2256;31;2287
50395;271;4;275
50397;210;6;216
50398;201;2;203
50399;178;4;182
50400;3263;37;3300
50401;739;13;752
50402;3220;88;3308
50403;1432;37;1469
50405;239;8;247
50407;929;37;966
50408;569;13;582
50409;1924;210;2134
50410;4318;78;4396
50411;678;15;693
50412;2556;68;2624
50413;574;6;580
50417;1779;30;1809
50419;3199;65;3264
50420;865;23;888
50421;267;6;273
50422;193;0;193
50423;201;6;207
50425;1116;26;1142
50426;370;6;376
50428;513;4;517
50429;741;32;773
50430;39;3;42
50431;1072;12;1084
50433;1002;22;1024
50435;597;15;612
50436;1278;43;1321
50437;799;10;809
50442;250;6;256
50443;516;10;526
50444;2500;57;2557
50445;353;13;366
50446;544;13;557
50447;458;13;471
50448;661;17;678
50450;333;7;340
50451;127;2;129
50452;664;22;686
50453;785;18;803
50454;423;9;432
50455;961;20;981
50456;548;9;557
50457;196;5;201
50461;198;9;207
50462;369;8;377
50463;525;10;535
50464;632;5;637
50467;494;13;507
50468;770;15;785
50469;313;7;320
50471;284;11;295
50472;204;10;214
50473;390;7;397
50474;545;11;556
50475;955;46;1001
50476;225;1;226
50478;426;7;433
50479;110;4;114
50480;757;23;780
50481;900;18;918
50482;162;3;165
50483;955;28;983
50484;5850;332;6182
50486;619;9;628
50487;4907;109;5016
50488;638;5;643
50489;531;14;545
50490;354;9;363
50491;447;6;453
50492;2498;55;2553
50493;1443;37;1480
50495;75;5;80
50496;384;8;392
50498;798;26;824
50499;481;7;488
50500;654;12;666
50502;19050;913;19963
50504;206;1;207
50505;679;35;714
50506;482;4;486
50507;344;7;351
50509;712;18;730
50510;602;4;606
50511;128;4;132
50512;526;9;535
50513;176;3;179
50514;307;1;308
50517;172;5;177
50518;327;4;331
50519;567;8;575
50521;154;4;158
50522;255;7;262
50523;3076;51;3127
50525;328;1;329
50528;305;12;317
50529;81;2;83
50531;767;35;802
50532;4078;149;4227
50533;178;3;181
50535;921;26;947
50536;158;0;158
50537;414;19;433
50538;456;8;464
50539;1810;25;1835
50540;620;18;638
50541;1399;47;1446
50542;490;7;497
50543;1345;32;1377
50546;3247;68;3315
50548;121;3;124
50549;402;6;408
50550;3601;148;3749
50551;2088;40;2128
50552;331;6;337
50553;346;2;348
50554;1420;59;1479
50556;696;10;706
50562;1712;30;1742
50563;279;8;287
50564;1322;29;1351
50565;2815;58;2873
50567;880;22;902
50568;462;15;477
50569;450;8;458
50570;426;7;433
50571;34;1;35
50572;189;7;196
50574;271;11;282
50575;769;13;782
50576;952;31;983
50577;311;8;319
50578;79;1;80
50579;1421;29;1450
50580;465;9;474
50582;3156;64;3220
50584;407;6;413
50585;1154;27;1181
50587;17;1;18
50588;678;22;700
50589;289;12;301
50590;406;5;411
50591;1674;27;1701
50592;2277;44;2321
50593;588;8;596
50594;1041;23;1064
50596;338;12;350
50597;953;23;976
50598;270;3;273
50599;1569;44;1613
50601;4397;55;4452
50603;778;24;802
50604;755;13;768
50606;520;5;525
50607;391;6;397
50609;127;3;130
50610;209;6;215
50612;745;86;831
50613;402;9;411
50615;6822;266;7088
50616;1971;71;2042
50617;331;2;333
50618;244;11;255
50619;326;10;336
50621;72;0;72
50624;479;24;503
50626;377;8;385
50628;155;4;159
50629;737;4;741
50633;119;3;122
50634;84;1;85
50637;316;3;319
50639;3852;67;3919
50641;657;15;672
50643;783;24;807
50647;1135;43;1178
50648;1182;31;1213
51001;166;1;167
51002;1407;23;1430
51003;276;5;281
51004;117;4;121
51005;175;3;178
51006;147;4;151
51007;957;25;982
51008;218;6;224
51009;834;11;845
51010;139;4;143
51012;71;0;71
51013;99;5;104
51014;298;6;304
51015;112;1;113
51016;238;4;242
51017;325;6;331
51018;900;20;920
51019;253;8;261
51020;53;3;56
51022;188;5;193
51023;266;6;272
51025;1074;10;1084
51027;302;21;323
51028;1031;12;1043
51029;1754;160;1914
51030;5309;86;5395
51031;266;10;276
51032;427;5;432
51033;251;3;254
51034;20;0;20
51035;253;3;256
51036;507;7;514
51037;338;2;340
51038;183;6;189
51039;95;5;100
51040;250;3;253
51041;103;4;107
51042;386;8;394
51043;2352;28;2380
51044;796;16;812
51045;104;0;104
51046;995;15;1010
51047;44;3;47
51048;161;0;161
51049;576;4;580
51050;135;2;137
51051;221;2;223
51052;596;4;600
51053;76;7;83
51054;1281;14;1295
51055;7069;108;7177
51056;255;3;258
51057;76;2;78
51058;2978;70;3048
51059;361;6;367
51060;171;3;174
51061;119;2;121
51062;95;3;98
51063;164;2;166
51065;632;13;645
51066;330;3;333
51068;202;2;204
51069;118;1;119
51070;227;0;227
51071;194;7;201
51072;220;3;223
51073;223;3;226
51074;1773;27;1800
51075;1422;33;1455
51076;441;9;450
51077;182;4;186
51078;575;14;589
51079;867;23;890
51080;190;1;191
51081;320;5;325
51082;93;6;99
51083;81;3;84
51084;78;1;79
51085;378;3;381
51086;334;11;345
51087;217;8;225
51088;448;7;455
51089;72;4;76
51090;312;12;324
51091;134;7;141
51092;357;4;361
51093;445;14;459
51094;177;7;184
51095;94;3;97
51097;175;4;179
51098;136;4;140
51099;322;9;331
51100;107;2;109
51101;689;8;697
51102;469;10;479
51103;140;1;141
51104;138;4;142
51105;1438;25;1463
51106;125;5;130
51107;336;3;339
51108;44379;1246;45625
51109;188;2;190
51110;55;1;56
51111;147;8;155
51112;430;6;436
51113;122;2;124
51115;568;3;571
51116;279;4;283
51117;319;8;327
51118;1573;25;1598
51119;512;7;519
51120;155;0;155
51121;250;3;253
51122;117;5;122
51124;47;3;50
51125;51;1;52
51126;47;3;50
51127;87;2;89
51128;54;2;56
51129;249;9;258
51130;231;5;236
51132;117;0;117
51133;63;0;63
51134;245;8;253
51135;78;0;78
51136;638;16;654
51137;223;3;226
51138;35;2;37
51139;316;13;329
51140;390;2;392
51141;778;15;793
51142;333;11;344
51143;56;0;56
51144;604;10;614
51145;225;6;231
51146;105;4;109
51147;330;13;343
51148;157;2;159
51149;440;13;453
51150;82;1;83
51151;174;3;177
51152;540;13;553
51153;1022;31;1053
51154;213;3;216
51155;612;10;622
51156;124;1;125
51157;72;1;73
51158;567;11;578
51160;1376;46;1422
51161;768;14;782
51162;636;7;643
51163;268;2;270
51164;148;3;151
51165;1036;30;1066
51166;68;2;70
51167;148;3;151
51168;220;8;228
51169;95;5;100
51170;111;2;113
51171;1487;26;1513
51172;6458;92;6550
51173;124;1;125
51174;62;0;62
51175;210;7;217
51176;151;7;158
51177;205;4;209
51178;80;2;82
51179;164;0;164
51181;395;11;406
51182;93;3;96
51183;1210;19;1229
51184;392;13;405
51185;299;1;300
51186;47;0;47
51187;283;4;287
51188;213;8;221
51190;68;0;68
51191;60;1;61
51192;347;5;352
51193;2382;91;2473
51194;460;6;466
51195;823;23;846
51196;880;13;893
51197;79;2;81
51198;668;6;674
51199;408;6;414
51200;369;12;381
51201;126;4;130
51202;749;12;761
51203;223;2;225
51204;1377;25;1402
51205;272;4;276
51206;113;2;115
51208;110;2;112
51210;1496;34;1530
51211;68;0;68
51212;155;1;156
51213;60;2;62
51214;138;8;146
51215;127;3;130
51216;263;4;267
51217;2918;43;2961
51218;130;1;131
51219;223;1;224
51220;140;1;141
51222;95;3;98
51223;56;1;57
51224;170;2;172
51225;305;2;307
51226;55;1;56
51227;488;21;509
51228;84;0;84
51229;120;6;126
51230;22433;468;22901
51231;654;15;669
51232;415;6;421
51233;69;3;72
51234;618;11;629
51235;246;10;256
51236;139;3;142
51237;1820;30;1850
51238;490;8;498
51239;105;1;106
51240;127;3;130
51241;81;1;82
51242;4843;108;4951
51243;308;8;316
51244;241;8;249
51245;573;10;583
51246;222;6;228
51247;143;3;146
51248;2162;41;2203
51249;389;5;394
51250;5589;51;5640
51251;170;5;175
51252;518;8;526
51253;228;5;233
51254;232;2;234
51255;13;0;13
51256;340;8;348
51258;209;13;222
51259;196;7;203
51260;76;3;79
51262;1816;33;1849
51263;380;7;387
51264;512;15;527
51265;590;12;602
51266;530;16;546
51267;176;2;178
51268;178;4;182
51269;274;1;275
51270;237;5;242
51272;456;5;461
51273;70;4;74
51274;117;3;120
51275;188;3;191
51276;145;7;152
51277;272;2;274
51278;275;5;280
51279;184;4;188
51280;25;0;25
51281;619;11;630
51282;1796;45;1841
51283;147;6;153
51284;304;1;305
51285;139;5;144
51286;237;8;245
51287;675;15;690
51288;238;8;246
51289;435;9;444
51290;288;6;294
51291;1391;31;1422
51292;127;4;131
51293;478;7;485
51294;78;1;79
51295;304;2;306
51296;78;1;79
51298;428;3;431
51299;928;15;943
51300;95;2;97
51301;109;8;117
51302;95;1;96
51303;552;10;562
51304;171;4;175
51305;126;2;128
51306;103;3;106
51307;222;3;225
51308;1857;53;1910
51309;113;4;117
51310;227;2;229
51311;208;2;210
51312;938;29;967
51313;323;5;328
51314;225;3;228
51315;146;2;148
51316;273;5;278
51317;54;0;54
51318;571;16;587
51319;100;3;103
51320;310;8;318
51321;81;3;84
51322;124;1;125
51323;105;6;111
51324;114;0;114
51325;113;2;115
51326;1091;14;1105
51327;180;2;182
51328;1104;24;1128
51329;1348;18;1366
51333;674;7;681
51334;472;11;483
51336;58;1;59
51337;271;3;274
51338;640;16;656
51339;557;15;572
51340;539;14;553
51341;34;2;36
51342;246;7;253
51343;628;21;649
51344;1480;20;1500
51345;284;2;286
51346;1157;18;1175
51348;116;1;117
51349;173;4;177
51350;125;5;130
51351;108;1;109
51352;876;18;894
51353;47;1;48
51354;283;9;292
51355;52;0;52
51356;151;5;156
51357;612;13;625
51358;584;10;594
51359;207;3;210
51360;294;2;296
51361;167;1;168
51362;603;19;622
51363;254;7;261
51364;66;1;67
51365;876;21;897
51367;1055;36;1091
51368;50;3;53
51369;314;14;328
51370;193;10;203
51371;62;1;63
51372;528;9;537
51373;92;4;96
51374;26;0;26
51375;319;5;324
51376;151;3;154
51377;47;0;47
51378;348;5;353
51379;510;8;518
51380;3571;49;3620
51381;613;11;624
51382;119;4;123
51384;408;7;415
51386;136;3;139
51387;297;3;300
51388;5150;49;5199
51389;813;8;821
51390;783;10;793
51391;2119;65;2184
51392;189;5;194
51393;293;7;300
51395;98;1;99
51396;143;3;146
51397;139;2;141
51398;185;2;187
51399;544;9;553
51402;266;7;273
51403;524;5;529
51404;107;4;111
51406;152;1;153
51407;420;5;425
51409;367;10;377
51410;652;10;662
51412;60;2;62
51413;871;18;889
51414;150;5;155
51415;205;0;205
51416;550;3;553
51417;378;5;383
51418;446;3;449
51419;129;2;131
51420;82;0;82
51421;99;3;102
51422;475;10;485
51423;1766;14;1780
51424;207;1;208
51425;383;14;397
51426;66;3;69
51428;495;7;502
51429;205;3;208
51430;86;2;88
51431;1198;19;1217
51432;836;19;855
51433;256;3;259
51434;740;21;761
51435;178;2;180
51436;924;18;942
51437;95;0;95
51438;69;1;70
51439;465;8;473
51440;1745;17;1762
51441;106;1;107
51442;137;0;137
51443;121;3;124
51444;506;8;514
51445;202;1;203
51446;434;8;442
51447;486;13;499
51448;555;10;565
51449;1028;16;1044
51450;426;8;434
51451;90;5;95
51452;33;0;33
51453;1033;30;1063
51454;181194;2920;184114
51455;223;3;226
51456;60;1;61
51457;280;18;298
51458;63;0;63
51459;110;1;111
51460;195;5;200
51461;1020;22;1042
51463;168;4;172
51464;309;17;326
51465;163;2;165
51466;217;5;222
51468;363;10;373
51469;111;5;116
51470;4;0;4
51471;376;3;379
51472;1033;17;1050
51473;104;6;110
51474;3417;40;3457
51475;61;1;62
51476;819;13;832
51477;330;4;334
51478;424;12;436
51479;242;5;247
51480;138;3;141
51482;681;13;694
51483;536;7;543
51484;279;4;283
51485;346;6;352
51486;373;4;377
51487;342;6;348
51488;317;34;351
51489;32;3;35
51490;203;2;205
51491;89;3;92
51492;1426;38;1464
51493;109;3;112
51495;78;0;78
51496;268;5;273
51497;44;0;44
51498;63;1;64
51499;161;7;168
51500;118;0;118
51501;195;8;203
51502;114;0;114
51503;85;1;86
51504;804;31;835
51505;486;4;490
51506;5474;78;5552
51507;4165;116;4281
51508;204;6;210
51509;307;8;315
51510;129;0;129
51511;119;2;121
51512;102;2;104
51513;525;6;531
51514;106;2;108
51515;338;8;346
51516;51;0;51
51517;120;4;124
51518;616;24;640
51519;39;2;41
51520;77;1;78
51521;226;3;229
51522;419;4;423
51523;269;4;273
51524;304;6;310
51525;2037;86;2123
51526;386;10;396
51527;272;4;276
51528;130;0;130
51529;417;1;418
51530;671;12;683
51531;1789;32;1821
51532;568;14;582
51533;106;0;106
51534;207;4;211
51535;4772;108;4880
51536;1796;39;1835
51537;179;4;183
51538;111;0;111
51539;71;0;71
51542;190;0;190
51543;71;7;78
51544;639;19;658
51545;502;16;518
51546;506;147;653
51547;140;2;142
51548;363;262;625
51549;121;3;124
51550;270;11;281
51551;199;6;205
51552;265;4;269
51553;240;5;245
51555;166;0;166
51556;292;5;297
51557;466;9;475
51558;141;3;144
51559;3864;49;3913
51560;109;3;112
51562;2183;36;2219
51563;106;2;108
51564;607;16;623
51565;102;0;102
51566;295;2;297
51567;527;6;533
51568;301;6;307
51569;508;70;578
51570;105;2;107
51571;916;10;926
51572;233;11;244
51573;10294;139;10433
51574;138;2;140
51576;1384;13;1397
51577;151;3;154
51578;87;1;88
51579;177;3;180
51580;436;5;441
51581;246;1;247
51582;542;9;551
51583;190;5;195
51584;147;2;149
51585;794;62;856
51586;177;5;182
51587;232;5;237
51588;303;5;308
51589;174;1;175
51590;366;9;375
51591;176;3;179
51592;298;6;304
51594;65;1;66
51595;155;2;157
51596;367;10;377
51597;336;7;343
51598;485;21;506
51599;323;5;328
51600;98;1;99
51601;158;3;161
51602;65;0;65
51603;205;2;207
51604;258;3;261
51605;528;10;538
51607;206;2;208
51608;86;5;91
51609;846;20;866
51610;391;6;397
51611;286;4;290
51612;3332;176;3508
51613;1047;8;1055
51614;961;23;984
51616;233;3;236
51617;605;11;616
51618;190;3;193
51619;113;3;116
51620;173;7;180
51621;517;10;527
51622;401;9;410
51623;281;46;327
51624;648;6;654
51625;283;3;286
51626;118;4;122
51627;323;11;334
51628;122;5;127
51629;912;23;935
51630;330;5;335
51631;246;6;252
51632;237;6;243
51633;296;15;311
51634;264;8;272
51635;110;1;111
51636;501;12;513
51637;212;3;215
51638;207;6;213
51639;43;1;44
51640;213;1;214
51641;203;5;208
51642;111;4;115
51643;549;5;554
51644;308;10;318
51645;110;2;112
51646;82;3;85
51647;830;24;854
51648;382;9;391
51649;11376;251;11627
51650;46;1;47
51652;58;0;58
51654;258;2;260
51655;291;5;296
51656;454;18;472
51657;247;0;247
51658;104;0;104
51659;47;1;48
51660;2591;28;2619
51662;4971;74;5045
51663;1697;15;1712
52001;312;8;320
52002;23;0;23
52003;150;2;152
52004;13;0;13
52005;34;4;38
52006;355;4;359
52007;87;2;89
52008;867;10;877
52009;105;1;106
52011;91;0;91
52012;30;2;32
52013;124;2;126
52014;187;5;192
52015;86;0;86
52016;68;2;70
52017;729;14;743
52019;90;4;94
52021;267;4;271
52022;185;3;188
52023;155;5;160
52025;87;2;89
52027;73;2;75
52028;54;0;54
52029;138;4;142
52030;56;4;60
52031;371;9;380
52033;108;4;112
52034;143;5;148
52035;186;3;189
52037;370;3;373
52038;64;0;64
52039;89;0;89
52040;54;1;55
52042;107;1;108
52043;58;2;60
52044;553;11;564
52045;1792;39;1831
52047;103;0;103
52050;1340;31;1371
52051;85;4;89
52053;73;1;74
52055;115;2;117
52056;187;6;193
52057;104;4;108
52058;1851;27;1878
52059;141;0;141
52060;1977;53;2030
52061;291;2;293
52062;160;4;164
52063;99;1;100
52064;781;34;815
52065;65;1;66
52066;63;3;66
52067;75;0;75
52069;144;1;145
52070;123;3;126
52072;379;10;389
52074;673;20;693
52075;177;6;183
52076;448;14;462
52079;659;10;669
52082;155;5;160
52083;737;14;751
52084;42;0;42
52085;26;2;28
52087;197;20;217
52088;645;21;666
52089;76;0;76
52090;102;1;103
52091;85;7;92
52092;105;2;107
52093;2429;42;2471
52094;178;2;180
52095;190;2;192
52097;49;1;50
52099;798;10;808
52101;41;1;42
52102;422;13;435
52103;113;2;115
52104;1045;23;1068
52105;300;11;311
52106;122;2;124
52107;226;5;231
52108;146;4;150
52109;7;0;7
52110;153;6;159
52113;261;2;263
52114;1579;17;1596
52115;99;2;101
52116;49;2;51
52118;279;6;285
52119;345;9;354
52120;189;7;196
52121;21847;1195;23042
52122;116;1;117
52123;1297;21;1318
52124;76;0;76
52125;1042;172;1214
52126;159;4;163
52127;78;4;82
52128;145;3;148
52129;121;1;122
52130;189;1;190
52131;74;1;75
52132;168;3;171
52133;71;0;71
52134;223;1;224
52135;88;0;88
52136;111;0;111
52137;22;0;22
52138;63;1;64
52140;706;22;728
52141;298;6;304
52142;72;1;73
52145;118;5;123
52146;155;3;158
52147;89;0;89
52149;93;2;95
52151;148;2;150
52155;513;12;525
52156;407;7;414
52157;12;1;13
52158;282;4;286
52159;26;1;27
52160;64;2;66
52161;72;0;72
52162;197;2;199
52163;384;4;388
52164;197;5;202
52165;194;5;199
52167;262;3;265
52168;60;3;63
52169;78;2;80
52170;166;7;173
52171;243;3;246
52172;280;7;287
52173;77;2;79
52174;37;1;38
52175;390;4;394
52177;790;34;824
52178;362;10;372
52179;20;2;22
52181;91;2;93
52182;2017;46;2063
52183;39;1;40
52184;59;5;64
52185;61;1;62
52187;159;4;163
52189;400;11;411
52190;286;5;291
52193;302;13;315
52194;2033;33;2066
52195;37;0;37
52196;96;4;100
52197;1298;96;1394
52198;70;3;73
52199;50;2;52
52200;77;5;82
52201;69;0;69
52203;146;2;148
52204;63;4;67
52205;687;17;704
52206;154;4;158
52207;99;4;103
52208;146;2;148
52211;1449;23;1472
52212;308;3;311
52213;131;6;137
52214;31;1;32
52216;47;1;48
52217;87;4;91
52218;48;0;48
52219;18;0;18
52220;142;1;143
52221;118;4;122
52222;35;0;35
52223;65;3;68
52227;215;10;225
52228;78;1;79
52229;151;2;153
52230;281;5;286
52231;91;2;93
52232;62;0;62
52233;104;2;106
52234;41;0;41
52235;260;4;264
52237;278;10;288
52240;193;7;200
52242;962;16;978
52243;120;1;121
52244;761;10;771
52245;62;5;67
52246;579;12;591
52247;207;8;215
52248;545;17;562
52249;147;6;153
52250;3015;68;3083
52251;995;35;1030
52253;212;3;215
52254;85;3;88
52256;75;4;79
52257;105;2;107
52258;311;2;313
52260;123;3;126
52264;61;2;63
52265;1298;28;1326
52266;66;0;66
52267;216;3;219
52269;7668;396;8064
52271;197;6;203
52272;114;2;116
52273;121;1;122
52274;291;9;300
52275;69;0;69
52276;223;7;230
52277;59;1;60
52278;71;0;71
52280;199;3;202
52282;340;5;345
52284;94;1;95
52285;78;2;80
52286;77;0;77
52287;88;1;89
52288;121;0;121
52289;315;8;323
52290;132;2;134
52291;62;0;62
52292;722;18;740
52294;696;13;709
52295;94;0;94
52297;273;11;284
52298;73;1;74
52300;163;2;165
52301;61;1;62
52302;189;3;192
52303;95;1;96
52304;52;1;53
52305;553;5;558
52306;444;9;453
52307;214;4;218
52308;403;4;407
52310;99;2;101
52311;224;4;228
52312;53;3;56
52313;143;1;144
52315;336;1;337
52316;69;2;71
52318;245;6;251
52319;71;0;71
52320;94;3;97
52321;179;7;186
52322;132;4;136
52325;117;5;122
52326;43;0;43
52327;444;10;454
52328;32;1;33
52330;68;2;70
52331;2282;65;2347
52332;1832;54;1886
52335;120;1;121
52336;147;3;150
52337;59;0;59
52341;131;2;133
52342;27;1;28
52344;31;1;32
52346;381;6;387
52347;237;5;242
52348;580;19;599
52349;307;9;316
52350;68;0;68
52352;68;4;72
52353;3591;61;3652
52354;84;0;84
52355;151;4;155
52356;108;4;112
52357;177;2;179
52358;90;0;90
52359;150;3;153
52360;165;3;168
52362;136;2;138
52363;98;7;105
52364;102;3;105
52365;345;3;348
52366;77;1;78
52367;41;1;42
52369;70;0;70
52370;255;5;260
52371;139;2;141
52372;84;6;90
52373;33;1;34
52374;276;5;281
52375;55;0;55
52376;106;3;109
52377;288;8;296
52378;46;2;48
52380;382;4;386
52383;292;7;299
52384;112;0;112
52385;30;2;32
52386;515;4;519
52388;149;2;151
52390;56;1;57
52391;306;8;314
52392;115;2;117
52393;55;0;55
52394;213;9;222
52395;55;0;55
52396;140;3;143
52397;71;1;72
52398;632;14;646
52399;105;7;112
52400;155;0;155
52401;367;12;379
52403;78;1;79
52405;1188;22;1210
52406;198;5;203
52407;281;7;288
52411;1329;47;1376
52413;106;2;108
52414;770;12;782
52415;115;0;115
52416;63;1;64
52419;131;5;136
52420;126;1;127
52421;477;9;486
52422;262;5;267
52423;671;8;679
52424;69;0;69
52425;196;4;200
52426;128;1;129
52428;64;1;65
52429;556;3;559
52431;168;2;170
52432;1413;30;1443
52433;91;1;92
52436;49;1;50
52437;25;0;25
52438;104;2;106
52439;76;1;77
52440;375;7;382
52442;343;10;353
52443;33;0;33
52444;352;10;362
52445;69;2;71
52446;233;4;237
52447;183;2;185
52448;22928;499;23427
52449;1116;32;1148
52450;129;4;133
52452;109;0;109
52453;132;1;133
52455;236;6;242
52456;638;10;648
52457;172;3;175
52459;113;1;114
52461;380;10;390
52463;45;2;47
52464;48;2;50
52465;130;0;130
52467;59;2;61
52468;110;4;114
52469;741;16;757
52470;369;13;382
52472;141;0;141
52473;90;1;91
52474;36;0;36
52475;60;6;66
52476;81;3;84
52479;664;18;682
52480;362;8;370
52482;97;2;99
52483;68;1;69
52484;360;15;375
52486;64;0;64
52487;70;3;73
52488;271;0;271
52489;35;1;36
52490;682;21;703
52491;116;5;121
52492;554;14;568
52493;30;0;30
52494;221;9;230
52495;85;1;86
52497;433;9;442
52499;43;0;43
52500;622;9;631
52502;65;0;65
52503;25;0;25
52504;261;4;265
52505;35;0;35
52506;96;3;99
52507;56;0;56
52510;372;7;379
52511;56;2;58
52512;512;15;527
52513;62;1;63
52514;342;11;353
52515;103;4;107
52516;49;4;53
52517;134;1;135
52518;101;2;103
52519;46;0;46
52520;149;7;156
52522;339;10;349
52523;67;4;71
52524;233;0;233
52525;69;1;70
52526;79;1;80
52528;146;1;147
52529;983;18;1001
52534;1498;36;1534
52535;714;11;725
52536;45;0;45
52538;263;2;265
52539;67;0;67
52540;22;0;22
52541;204;4;208
52542;52;1;53
52543;516;10;526
52544;277;2;279
52545;107;2;109
52546;15;0;15
52547;202;1;203
52548;92;2;94
52549;27;0;27
52550;2819;110;2929
53001;1831;59;1890
53002;606;9;615
53003;2639;69;2708
53005;2319;50;2369
53007;2825;75;2900
53008;1819;50;1869
53009;659;14;673
53010;460;13;473
53011;879;19;898
53012;476;26;502
53013;564;16;580
53015;1923;44;1967
53016;1224;14;1238
53017;956;27;983
53018;1298;32;1330
53019;118;3;121
53021;1047;28;1075
53022;516;10;526
53023;561;6;567
53025;1096;12;1108
53026;529;9;538
53027;203;3;206
53028;585;12;597
53029;1252;32;1284
53030;325;4;329
53031;496;2;498
53033;115;5;120
53034;6137;193;6330
53035;587;9;596
53036;1065;20;1085
53037;729;26;755
53038;143;4;147
53039;1736;36;1772
53040;630;12;642
53041;277;5;282
53042;844;12;856
53043;554;11;565
53045;682;18;700
53046;307;3;310
53047;269;4;273
53048;1155;34;1189
53049;711;8;719
53051;600;6;606
53052;293;7;300
53053;505;21;526
53054;6209;198;6407
53055;606;15;621
53056;983;26;1009
53057;507;10;517
53058;336;13;349
53059;413;6;419
53061;464;6;470
53062;16950;666;17616
53063;455;14;469
53064;979;24;1003
53066;1381;32;1413
53067;395;12;407
53068;155;1;156
53069;160;5;165
53071;484;22;506
53072;1253;28;1281
53073;887;23;910
53074;842;35;877
53075;275;7;282
53076;329;11;340
53077;3199;77;3276
53078;852;16;868
53079;378;11;389
53080;133;2;135
53082;640;13;653
53083;854;29;883
53084;4486;178;4664
53085;194;2;196
53086;652;12;664
53087;210;4;214
53088;842;29;871
53089;509;5;514
53090;159;5;164
53091;456;15;471
53093;272;5;277
53094;2255;41;2296
53096;5717;96;5813
53097;8614;229;8843
53098;432;9;441
53099;1096;33;1129
53100;1176;15;1191
53101;836;11;847
53102;168;2;170
53103;2134;58;2192
53104;1330;23;1353
53105;230;5;235
53106;509;11;520
53107;2552;55;2607
53108;563;6;569
53109;621;17;638
53110;997;19;1016
53111;464;14;478
53112;393;7;400
53113;611;14;625
53114;204;2;206
53115;313;12;325
53116;720;18;738
53117;499;5;504
53118;235;2;237
53119;4326;157;4483
53120;455;10;465
53121;1379;30;1409
53122;750;17;767
53123;1465;14;1479
53124;1393;43;1436
53125;1156;22;1178
53126;1115;16;1131
53127;2234;58;2292
53128;364;4;368
53129;383;5;388
53130;49733;2637;52370
53131;194;2;196
53132;285;11;296
53133;718;17;735
53134;172;1;173
53135;736;23;759
53136;1194;38;1232
53137;2745;63;2808
53139;412;6;418
53140;4375;96;4471
53141;1150;31;1181
53142;291;6;297
53143;516;11;527
53144;761;24;785
53145;546;14;560
53146;1914;28;1942
53147;12823;680;13503
53148;235;1;236
53150;905;28;933
53151;1110;15;1125
53152;2808;71;2879
53153;635;13;648
53154;912;15;927
53155;1363;24;1387
53156;252;8;260
53157;1322;53;1375
53158;1039;20;1059
53160;374;7;381
53161;3162;62;3224
53162;990;17;1007
53163;778;4;782
53164;345;8;353
53165;354;7;361
53168;1206;25;1231
53169;414;9;423
53170;1158;25;1183
53172;410;9;419
53173;181;6;187
53174;840;23;863
53175;1371;48;1419
53176;549;11;560
53177;305;5;310
53178;229;10;239
53179;352;8;360
53180;642;28;670
53181;813;14;827
53182;1799;27;1826
53184;163;7;170
53185;2291;87;2378
53186;2121;64;2185
53187;229;13;242
53188;2529;58;2587
53189;103;2;105
53190;465;10;475
53191;248;2;250
53192;318;4;322
53193;566;11;577
53195;500;8;508
53196;359;12;371
53197;901;24;925
53198;229;7;236
53199;216;4;220
53200;1146;57;1203
53201;7353;259;7612
53202;308;3;311
53203;525;13;538
53204;388;12;400
53206;200;10;210
53208;494;17;511
53209;559;14;573
53210;1548;30;1578
53211;1447;33;1480
53212;429;9;438
53213;494;8;502
53214;166;4;170
53216;993;27;1020
53218;798;25;823
53219;1412;40;1452
53220;392;8;400
53221;391;9;400
53222;365;8;373
53223;335;9;344
53224;1184;31;1215
53225;512;10;522
53226;832;32;864
53228;576;14;590
53229;1652;48;1700
53230;223;9;232
53232;311;3;314
53233;340;2;342
53234;370;13;383
53235;227;4;231
53236;170;1;171
53237;454;13;467
53238;519;10;529
53240;437;6;443
53242;260;3;263
53243;1782;36;1818
53245;922;27;949
53246;1853;33;1886
53247;2265;44;2309
53248;141;3;144
53249;1113;14;1127
53250;407;6;413
53251;464;8;472
53253;515;5;520
53255;1278;31;1309
53256;172;4;176
53257;318;8;326
53258;912;28;940
53259;347;8;355
53260;415;1;416
53261;167;3;170
53262;1109;34;1143
53263;280;8;288
53264;194;3;197
53265;765;15;780
53266;227;4;231
53267;1166;32;1198
53269;609;5;614
53270;108;8;116
53271;2738;42;2780
53272;185;1;186
53273;1087;22;1109
53276;924;15;939
54001;296;3;299
54002;232;4;236
54003;96;4;100
54004;178;2;180
54005;109;1;110
54006;442;7;449
54007;520;3;523
54008;472;14;486
54009;167;3;170
54010;499;13;512
54011;654;2;656
54012;350;5;355
54013;83;2;85
54014;264;14;278
54015;259;6;265
54016;288;7;295
54017;76;1;77
54018;271;7;278
54019;79;1;80
54020;452;6;458
54021;231;1;232
54022;563;10;573
54023;248;2;250
54024;363;6;369
54025;1591;208;1799
54026;177;3;180
54027;872;12;884
54028;2617;18;2635
54029;2462;48;2510
54030;82;0;82
54031;266;5;271
54032;187;4;191
54033;129;0;129
54034;215;10;225
54035;387;3;390
54036;1150;17;1167
54037;424;2;426
54038;755;18;773
54039;4192;61;4253
54040;1553;32;1585
54041;145;7;152
54042;284;2;286
54043;1427;18;1445
54044;195;2;197
54045;433;7;440
54046;395;8;403
54047;249;6;255
54048;351;15;366
54049;538;14;552
54050;65;1;66
54051;1272;21;1293
54052;148;2;150
54053;156;6;162
54054;1557;18;1575
54055;320;5;325
54056;141;2;143
54057;75;0;75
54058;89;2;91
54059;755;10;765
54060;1465;16;1481
54061;584;11;595
54062;657;10;667
54063;174;4;178
54064;315;6;321
54065;1095;23;1118
54066;405;2;407
54067;758;11;769
54068;93;2;95
54069;439;8;447
54070;174;0;174
54071;158;1;159
54072;259;5;264
54073;918;15;933
54074;37;0;37
54075;118;2;120
54076;3973;46;4019
54077;1063;12;1075
54078;57;1;58
54079;4628;31;4659
54080;1045;19;1064
54081;422;6;428
54082;170;3;173
54083;177;3;180
54084;945;14;959
54085;89;2;91
54086;354;11;365
54087;151;1;152
54088;240;1;241
54089;1417;20;1437
54090;4159;41;4200
54091;389;4;393
54092;64;1;65
54093;168;2;170
54094;173;3;176
54095;46;0;46
54096;429;9;438
54097;102;3;105
54098;167;3;170
54099;8069;231;8300
54100;780;12;792
54101;129;1;130
54102;609;15;624
54103;224;5;229
54104;260;2;262
54105;527;15;542
54106;62;2;64
54107;74;3;77
54108;130;4;134
54109;933;12;945
54110;562;12;574
54111;2826;19;2845
54112;706;9;715
54113;1490;15;1505
54114;332;5;337
54115;6671;65;6736
54116;2159;43;2202
54117;115;3;118
54118;600;10;610
54119;87;3;90
54120;328;8;336
54121;191;3;194
54122;729;17;746
54123;1739;10;1749
54124;45;3;48
54125;490;8;498
54126;221;1;222
54127;631;19;650
54128;717;7;724
54129;1610;25;1635
54130;181;1;182
54131;496;10;506
54132;63;2;65
54133;119;4;123
54134;244;7;251
54135;1449;20;1469
54136;2383;33;2416
54137;507;17;524
54138;2741;56;2797
54139;366;2;368
54140;96;0;96
54141;149;2;151
54142;158;2;160
54143;391;7;398
54144;398;3;401
54145;931;12;943
54146;294;3;297
54147;104;2;106
54148;647;8;655
54149;1568;12;1580
54150;3082;28;3110
54151;1042;28;1070
54152;3155;45;3200
54153;55;0;55
54154;491;21;512
54155;410;7;417
54156;502;17;519
54157;4772;45;4817
54158;133;2;135
54159;9668;189;9857
54160;403;9;412
54161;311;10;321
54162;1164;14;1178
54163;258;2;260
54164;87;2;89
54165;575;28;603
54166;32;2;34
54167;1951;37;1988
54168;287;2;289
54169;93;3;96
54170;71;1;72
54171;1158;21;1179
54172;290;7;297
54173;212;4;216
54174;4428;53;4481
54175;370;3;373
54176;1116;22;1138
54177;257;3;260
54178;194;3;197
54179;302;4;306
54180;72;2;74
54181;699;17;716
54182;332;10;342
54183;78;0;78
54184;8833;188;9021
54185;60;1;61
54186;1105;21;1126
54187;113;1;114
54188;1367;10;1377
54189;597;8;605
54190;112;3;115
54191;101;2;103
54192;301;4;305
54193;77;1;78
54194;512;9;521
54195;203;0;203
54196;1735;134;1869
54197;2225;25;2250
54198;309;5;314
54199;382;11;393
54200;156;1;157
54201;309;3;312
54202;376;4;380
54203;138;3;141
54204;93;2;95
54205;2629;30;2659
54206;391;5;396
54207;100;2;102
54208;288;2;290
54209;71;0;71
54210;211;4;215
54211;189;2;191
54212;413;13;426
54213;367;5;372
54214;700;6;706
54215;6584;78;6662
54216;125;0;125
54217;169;2;171
54218;58;1;59
54219;79;0;79
54220;79;0;79
54221;230;1;231
54222;1328;23;1351
54223;218;7;225
54224;123;1;124
54225;179;3;182
54226;171;3;174
54227;1346;17;1363
54228;70;3;73
54229;366;5;371
54230;50;0;50
54231;175;3;178
54232;2712;50;2762
54233;37;2;39
54234;2877;45;2922
54235;421;9;430
54236;352;8;360
54237;86;3;89
54238;271;1;272
54239;137;2;139
54240;57;0;57
54241;75;3;78
54242;272;4;276
54243;213;7;220
54244;111;3;114
54245;61;0;61
54246;66;6;72
54247;177;4;181
54248;100;0;100
54249;254;4;258
54250;735;6;741
54251;125;1;126
54252;506;6;512
54253;773;12;785
54254;3394;43;3437
54255;85;6;91
54256;305;8;313
54257;5403;83;5486
54258;144;3;147
54259;240;2;242
54260;955;18;973
54261;4409;46;4455
54262;197;0;197
54263;6267;55;6322
54264;284;0;284
54265;2097;44;2141
54266;407;10;417
54268;142;4;146
54269;360;5;365
54270;3693;65;3758
54271;122;6;128
54272;469;3;472
54273;8219;186;8405
54274;9354;237;9591
54275;190;6;196
54276;795;7;802
54277;373;2;375
54278;99;1;100
54279;983;21;1004
54280;6570;53;6623
54281;896;18;914
54282;161;4;165
54283;290;9;299
54284;1137;20;1157
54285;56;1;57
54286;1587;30;1617
54287;260;1;261
54288;498;5;503
54289;366;10;376
54290;211;3;214
54291;291;2;293
54292;190;3;193
54293;85;4;89
54294;147;1;148
54295;972;111;1083
54296;433;4;437
54297;309;3;312
54298;153;2;155
54299;226;6;232
54300;6553;109;6662
54301;128;1;129
54302;746;18;764
54303;368;3;371
54304;14366;191;14557
54305;2400;48;2448
54306;343;5;348
54307;176;4;180
54308;146;3;149
54309;379;3;382
54310;3;0;3
54311;595;8;603
54312;480;10;490
54313;229;1;230
54314;3816;65;3881
54315;902;6;908
54316;298;5;303
54317;131;5;136
54318;5863;73;5936
54320;324;4;328
54321;2365;28;2393
54322;5218;62;5280
54323;14774;272;15046
54324;89;1;90
54325;82;8;90
54326;222;10;232
54327;630;15;645
54328;6142;89;6231
54329;17867;324;18191
54330;428;9;437
54331;280;6;286
54332;1547;24;1571
54333;248;14;262
54334;561;11;572
54335;412;4;416
54336;927;11;938
54337;129;3;132
54338;980;14;994
54339;8191;270;8461
54340;343;5;348
54343;187;5;192
54344;218;4;222
54345;344;5;349
54346;246;4;250
54348;236;8;244
54349;163;2;165
54350;697;8;705
54351;1682;15;1697
54352;829;9;838
54353;922;16;938
54354;46;0;46
54355;94;2;96
54356;67;2;69
54357;9818;119;9937
54358;279;5;284
54359;243;3;246
54360;337;8;345
54362;1281;7;1288
54363;270;6;276
54364;1289;19;1308
54365;324;9;333
54366;1976;20;1996
54367;2278;67;2345
54368;175;3;178
54369;617;7;624
54370;225;1;226
54371;1069;20;1089
54372;511;2;513
54373;618;5;623
54374;514;9;523
54375;1078;17;1095
54376;409;7;416
54377;159;0;159
54378;473;8;481
54379;97;0;97
54380;413;10;423
54381;55;2;57
54382;8994;113;9107
54383;1117;11;1128
54385;1086;25;1111
54386;92;1;93
54387;151;0;151
54388;74;2;76
54389;99;2;101
54390;101;3;104
54391;1568;23;1591
54392;312;2;314
54393;539;6;545
54394;251;6;257
54395;105058;1446;106504
54396;227;8;235
54397;6633;55;6688
54398;97;2;99
54399;248;1;249
54400;1150;22;1172
54401;127;5;132
54402;413;11;424
54403;1190;34;1224
54404;264;5;269
54405;522;0;522
54406;279;7;286
54407;96;3;99
54408;231;3;234
54409;188;0;188
54410;519;2;521
54411;218;2;220
54412;38;3;41
54413;151;1;152
54414;660;8;668
54415;4105;52;4157
54416;180;3;183
54417;240;7;247
54418;171;1;172
54419;73;0;73
54420;87;1;88
54421;317;4;321
54422;70;0;70
54423;348;10;358
54424;43;1;44
54425;2539;28;2567
54426;480;6;486
54427;94;1;95
54428;863;9;872
54429;300;2;302
54430;4870;56;4926
54431;14497;187;14684
54432;1844;38;1882
54433;229;7;236
54434;252;2;254
54435;362;4;366
54436;146;4;150
54437;1151;20;1171
54438;56;0;56
54439;5077;62;5139
54440;121;0;121
54441;234;5;239
54442;97;2;99
54443;37;0;37
54444;222;2;224
54445;102;0;102
54446;65;2;67
54447;76;1;77
54449;1048;15;1063
54450;141;1;142
54451;3809;76;3885
54452;78;2;80
54453;161;1;162
54455;158;4;162
54456;584;8;592
54457;44;0;44
54458;105;1;106
54459;2329;25;2354
54460;156;3;159
54461;70;2;72
54462;2870;28;2898
54463;235;2;237
54464;105;0;105
54465;769;11;780
54466;390;5;395
54467;191;5;196
54468;113;2;115
54469;418;5;423
54470;74;2;76
54471;71;3;74
54472;854;16;870
54473;280;6;286
54474;192;0;192
54475;155;6;161
54476;416;11;427
54477;162;3;165
54478;149;1;150
54479;95;1;96
54480;56;1;57
54481;98;3;101
54482;10019;110;10129
54483;7417;73;7490
54484;186;3;189
54485;310;6;316
54486;355;5;360
54487;64;0;64
54488;35;0;35
54489;148;4;152
54490;1473;23;1496
54491;315;7;322
54492;152;2;154
54493;2415;39;2454
54494;101;0;101
54495;4221;59;4280
54496;368;4;372
54497;106;3;109
54498;5069;66;5135
54499;112;4;116
54500;183;3;186
54501;101;0;101
54502;243;1;244
54504;668;16;684
54505;714;8;722
54507;103;2;105
54508;245;4;249
54509;994;4;998
54510;312;6;318
54511;112;4;116
54512;106;2;108
54513;646;4;650
54514;601;15;616
54515;250;0;250
54516;17;1;18
54517;203;2;205
54518;1110;10;1120
54519;587;8;595
54520;381;9;390
54521;1950;30;1980
54522;142;3;145
54523;424;2;426
54524;84;2;86
54525;664;12;676
54526;8856;289;9145
54527;675;26;701
54528;15633;265;15898
54529;28;0;28
54530;86;2;88
54531;56;1;57
54532;165;3;168
54533;2605;33;2638
54534;530;21;551
54535;200;2;202
54536;2438;24;2462
54537;690;29;719
54538;381;3;384
54539;234;13;247
54540;578;6;584
54541;165;2;167
54542;2322;35;2357
54543;158;2;160
54544;140;2;142
54545;211;5;216
54546;930;9;939
54547;29942;281;30223
54548;538;8;546
54549;3594;42;3636
54550;322;8;330
54551;60;2;62
54552;62;2;64
54553;150;4;154
54554;77;1;78
54555;88;0;88
54556;107;3;110
54557;2306;96;2402
54558;280;5;285
54559;302;2;304
54560;52;0;52
54561;47;1;48
54562;159;7;166
54563;1392;17;1409
54564;141;4;145
54565;235;2;237
54566;154;1;155
54567;366;13;379
54568;271;3;274
54569;191;4;195
54570;340;7;347
54571;594;8;602
54572;683;5;688
54573;170;0;170
54574;551;19;570
54575;1525;37;1562
54576;117;1;118
54577;143;1;144
54578;14525;302;14827
54579;339;7;346
54580;10003;108;10111
54581;297;9;306
54582;183;1;184
54583;415;8;423
54584;1032;22;1054
54585;491;6;497
54586;741;7;748
54587;195;3;198
54588;395;9;404
54589;128;6;134
54590;665;19;684
54591;330;12;342
54592;260;3;263
54593;428;5;433
54594;159;1;160
54595;561;7;568
54596;966;7;973
54597;443;3;446
54598;270;7;277
54599;112;0;112
54600;129;1;130
54601;103;1;104
54602;148;0;148
55001;290;10;300
55002;103;3;106
55004;77;0;77
55005;36;1;37
55007;241;2;243
55008;146;5;151
55009;538;19;557
55010;2662;73;2735
55011;257;3;260
55012;414;8;422
55013;474;8;482
55014;361;7;368
55015;498;12;510
55017;118;5;123
55018;40;2;42
55021;62;2;64
55022;151;4;155
55023;116;1;117
55024;162;3;165
55025;277;3;280
55026;132;5;137
55027;159;3;162
55028;113;3;116
55029;14625;596;15221
55031;378;6;384
55032;45;1;46
55033;18;1;19
55034;115;3;118
55035;147;6;153
55036;92;1;93
55037;145;2;147
55038;38;2;40
55039;0;0;0
55040;253;6;259
55041;608;16;624
55042;525;12;537
55043;3040;53;3093
55044;33;3;36
55045;558;8;566
55046;128;4;132
55047;161;6;167
55048;34;2;36
55049;421;0;421
55050;0;0;0
55051;125;3;128
55053;369;2;371
55054;61;5;66
55055;13;1;14
55057;78;2;80
55058;326;10;336
55059;191;8;199
55060;346;14;360
55061;239;6;245
55062;114;1;115
55063;2464;39;2503
55064;104;0;104
55065;119;0;119
55066;131;4;135
55067;100;2;102
55068;111;3;114
55069;229;3;232
55070;120;6;126
55071;182;5;187
55072;109;1;110
55073;691;50;741
55075;174;4;178
55076;168;1;169
55077;263;9;272
55078;305;9;314
55079;696;21;717
55080;80;4;84
55081;58;1;59
55082;46;1;47
55083;153;4;157
55084;57;2;59
55085;288;4;292
55087;81;8;89
55088;152;4;156
55089;88;1;89
55093;290;3;293
55094;549;11;560
55095;104;4;108
55096;112;1;113
55097;312;6;318
55099;121;1;122
55100;79;8;87
55101;298;8;306
55102;524;19;543
55103;21;2;23
55104;81;3;84
55105;178;4;182
55106;179;5;184
55107;47;1;48
55108;124;4;128
55109;237;7;244
55110;226;7;233
55111;444;20;464
55113;156;1;157
55114;206;4;210
55115;46;0;46
55116;55;2;57
55117;1453;34;1487
55118;96;2;98
55119;190;1;191
55120;785;23;808
55121;119;5;124
55122;5386;235;5621
55123;712;15;727
55124;309;4;313
55125;797;19;816
55127;41;0;41
55128;41;1;42
55129;37;1;38
55132;1680;29;1709
55133;87;5;92
55134;153;4;157
55137;48;0;48
55138;133;3;136
55139;0;0;0
55140;17;0;17
55141;83;0;83
55142;121;6;127
55143;127;8;135
55144;385;13;398
55145;626;74;700
55146;207;11;218
55148;112;4;116
55149;122;0;122
55150;521;13;534
55153;195;2;197
55154;1441;47;1488
55155;397;7;404
55156;138;4;142
55157;52;0;52
55158;731;8;739
55159;338;3;341
55160;38;0;38
55162;35;0;35
55163;56;3;59
55165;426;12;438
55166;1311;24;1335
55167;660;10;670
55168;44;0;44
55169;514;6;520
55170;118;1;119
55171;256;4;260
55172;63;1;64
55173;40;3;43
55174;77;0;77
55175;189;5;194
55177;46;4;50
55178;184;6;190
55179;153;3;156
55180;136;11;147
55181;3507;74;3581
55182;208;3;211
55183;37;1;38
55184;1651;32;1683
55185;89;5;94
55186;2109;58;2167
55188;44;1;45
55189;0;0;0
55191;232;5;237
55192;44;1;45
55193;123;2;125
55194;58;0;58
55195;127;4;131
55196;128;1;129
55197;167;4;171
55198;652;9;661
55199;91;2;93
55200;206;4;210
55201;59;0;59
55202;149;3;152
55204;293;5;298
55206;98;4;102
55207;53;1;54
55208;60;2;62
55210;40;0;40
55211;65;1;66
55212;81;0;81
55214;279;21;300
55215;1074;17;1091
55216;63;0;63
55217;115;6;121
55218;39;0;39
55219;102;2;104
55220;78;0;78
55221;245;6;251
55222;32;2;34
55224;583;13;596
55225;143;7;150
55226;123;1;124
55228;552;11;563
55229;272;3;275
55232;114;0;114
55236;941;24;965
55237;227;1;228
55239;0;0;0
55241;78;3;81
55242;111;4;115
55243;181;5;186
55244;232;3;235
55245;165;2;167
55246;150;1;151
55247;51;5;56
55248;285;7;292
55250;182;8;190
55251;103;3;106
55252;154;2;156
55253;715;13;728
55254;123;3;126
55255;260;6;266
55256;148;0;148
55257;43;0;43
55258;617;17;634
55260;54;2;56
55261;142;2;144
55262;266;2;268
55263;158;4;162
55264;266;5;271
55265;138;5;143
55266;50;0;50
55267;272;8;280
55268;712;17;729
55269;74;0;74
55270;28;1;29
55271;378;6;384
55272;441;17;458
55274;290;6;296
55275;87;4;91
55276;215;2;217
55278;194;3;197
55279;445;8;453
55280;59;0;59
55281;95;0;95
55282;95;3;98
55284;72;0;72
55285;153;4;157
55286;241;1;242
55288;1416;16;1432
55289;60;1;61
55290;54;2;56
55291;4018;135;4153
55292;189;7;196
55293;168;4;172
55295;31;1;32
55296;477;8;485
55297;111;1;112
55298;295;9;304
55299;120;3;123
55300;224;7;231
55301;121;8;129
55302;1129;35;1164
55303;72;4;76
55304;159;6;165
55306;113;1;114
55307;0;0;0
55310;113;4;117
55311;29;1;30
55312;165;6;171
55313;67;2;69
55315;117;5;122
55316;400;7;407
55317;142;7;149
55320;67;2;69
55321;162;7;169
55322;46;1;47
55323;68;1;69
55324;517;13;530
55325;51;1;52
55326;111;3;114
55327;251;2;253
55328;288;6;294
55329;223;2;225
55330;90;2;92
55331;78;0;78
55332;238;5;243
55333;41;0;41
55334;167;3;170
55335;252;9;261
55336;151;2;153
55338;149;5;154
55339;78;1;79
55340;377;11;388
55341;126;2;128
55343;60;2;62
55344;22;0;22
55345;102;3;105
55346;296;7;303
55347;350;3;353
55348;373;4;377
55349;111;6;117
55350;74;0;74
55351;2052;85;2137
55352;143;18;161
55353;81;0;81
55355;155;1;156
55356;105;1;106
55357;108;3;111
55358;189;5;194
55359;206;2;208
55360;110;1;111
55361;127;0;127
55362;178;3;181
55363;93;1;94
55364;667;29;696
55365;142;4;146
55366;993;34;1027
55367;136;4;140
55368;144;9;153
55369;803;21;824
55370;225;2;227
55371;74;4;78
55372;373;12;385
55373;83;5;88
55374;75;1;76
55375;64;1;65
55376;86;4;90
55377;90;1;91
55378;244;3;247
55379;71;2;73
55380;54;1;55
55381;174;8;182
55382;362;9;371
55383;216;2;218
55384;123;4;127
55385;491;16;507
55386;219;5;224
55387;239;4;243
55388;278;4;282
55389;250;6;256
55391;197;6;203
55394;6;0;6
55395;56;3;59
55396;226;5;231
55397;238;4;242
55398;1016;17;1033
55399;117;0;117
55400;43;0;43
55401;413;11;424
55403;60;1;61
55404;326;11;337
55405;256;4;260
55406;110;4;114
55407;127;6;133
55408;173;8;181
55409;65;2;67
55410;134;6;140
55411;107;1;108
55412;187;5;192
55414;184;1;185
55415;86;1;87
55416;224;7;231
55419;161;4;165
55420;77;0;77
55421;77;4;81
55422;51;0;51
55423;330;8;338
55424;50;0;50
55425;134;0;134
55426;387;15;402
55427;2802;51;2853
55428;123;1;124
55429;47;0;47
55430;65;1;66
55431;58;0;58
55433;358;13;371
55434;50;2;52
55435;782;24;806
55436;29;0;29
55437;122;3;125
55438;185;4;189
55439;89;5;94
55442;248;3;251
55443;592;6;598
55444;221;0;221
55445;189;8;197
55446;85;4;89
55447;372;7;379
55448;48;1;49
55449;289;4;293
55450;45;2;47
55452;49;2;51
55453;65;1;66
55454;166;1;167
55456;232;8;240
55457;181;5;186
55458;375;0;375
55459;239;3;242
55460;139;2;141
55461;472;16;488
55462;340;11;351
55463;4039;71;4110
55464;155;8;163
55465;104;0;104
55466;294;8;302
55467;689;14;703
55468;98;0;98
55469;90;0;90
55470;193;2;195
55471;83;1;84
55472;116;6;122
55473;113;12;125
55474;230;7;237
55475;60;1;61
55476;471;13;484
55477;405;15;420
55479;163;3;166
55481;336;2;338
55482;101;2;103
55484;47;1;48
55485;72;3;75
55487;97;2;99
55488;150;5;155
55489;274;7;281
55490;332;11;343
55492;989;13;1002
55493;190;5;195
55494;428;21;449
55495;252;1;253
55496;1066;30;1096
55497;327;3;330
55498;465;5;470
55500;832;12;844
55501;385;10;395
55502;2507;129;2636
55503;124;2;126
55504;414;11;425
55505;3165;97;3262
55506;31;0;31
55507;219;2;221
55508;348;2;350
55509;274;6;280
55510;131;3;134
55511;120;3;123
55512;279;4;283
55514;605;10;615
55515;69;1;70
55516;559;6;565
55517;513;6;519
55518;143;2;145
55519;1353;29;1382
55520;461;11;472
55521;244;1;245
55522;111;3;114
55523;189;4;193
55525;75;0;75
55526;263;4;267
55527;639;11;650
55528;51;0;51
55530;93;1;94
55531;280;27;307
55532;310;5;315
55533;1939;23;1962
55534;53;0;53
55535;96;0;96
55536;17;3;20
55537;80;0;80
55540;60;1;61
55541;525;9;534
55543;948;21;969
55544;151;2;153
55545;16942;964;17906
55546;206;8;214
55547;117;4;121
55549;89;1;90
55551;1555;94;1649
55552;82;4;86
55553;1309;36;1345
55554;267;15;282
55555;33;1;34
55556;49;1;50
55557;120;2;122
55559;46;2;48
55560;131;4;135
55561;51;5;56
55562;125;2;127
55563;80;4;84
55565;79;3;82
55566;306;3;309
55567;142;2;144
55568;280;5;285
55569;165;5;170
55570;208;7;215
55571;226;8;234
55572;87;1;88
55573;1629;30;1659
55574;44;2;46
55575;86;0;86
55577;59;2;61
55578;184;7;191
55579;102;0;102
55580;51;3;54
55581;106;3;109
55582;91;1;92
55583;201;4;205
55584;123;2;125
55586;107;3;110
56001;3886;128;4014
56002;1961;52;2013
56003;5392;175;5567
56004;1682;31;1713
56005;2198;35;2233
56006;1526;31;1557
56007;14141;423;14564
56008;4396;121;4517
56009;1012;20;1032
56010;6234;192;6426
56011;1395;27;1422
56012;1962;42;2004
56013;3760;61;3821
56014;1544;137;1681
56015;2026;30;2056
56017;2774;63;2837
56018;1008;27;1035
56019;336;10;346
56020;855;15;870
56021;1459;27;1486
56022;1300;27;1327
56023;6660;282;6942
56024;2289;35;2324
56025;192;4;196
56026;2317;59;2376
56027;540;8;548
56028;1589;37;1626
56029;1233;24;1257
56030;1039;16;1055
56031;3066;61;3127
56032;1888;53;1941
56033;3074;58;3132
56034;4236;126;4362
56035;1149;31;1180
56036;6920;202;7122
56039;979;21;1000
56040;3298;61;3359
56041;2828;90;2918
56042;2192;36;2228
56043;737;10;747
56044;786;30;816
56045;672;10;682
56046;3394;81;3475
56047;1520;47;1567
56048;708;17;725
56049;173;4;177
56050;885;32;917
56051;655;5;660
56052;1839;26;1865
56053;6261;119;6380
56054;3853;97;3950
56055;2054;180;2234
56056;199;4;203
56057;2793;58;2851
56058;3318;62;3380
56060;951;35;986
56061;3962;80;4042
56062;680;20;700
56063;2637;90;2727
56065;721;25;746
56066;3779;150;3929
56067;5552;139;5691
56068;322;3;325
56069;2234;53;2287
56070;2272;51;2323
56071;800;12;812
56072;514;10;524
56073;1060;17;1077
56074;1822;37;1859
56075;6091;300;6391
56076;1313;38;1351
56077;999;17;1016
56078;11767;309;12076
56079;1343;41;1384
56080;1305;143;1448
56081;2083;60;2143
56082;384;7;391
56083;16062;405;16467
56084;852;13;865
56085;94;6;100
56086;216;6;222
56087;620;18;638
56088;227;8;235
56089;2185;58;2243
56090;6548;135;6683
56091;2482;95;2577
56092;833;15;848
56093;720;26;746
56094;6786;216;7002
56096;2392;51;2443
56097;3961;70;4031
56098;23124;475;23599
56099;378;6;384
56100;1724;58;1782
56101;8064;151;8215
56102;2165;49;2214
56103;299;4;303
56104;801;11;812
56105;1144;23;1167
56106;874;18;892
56107;8319;243;8562
56108;1067;21;1088
56109;1167;27;1194
56110;846;21;867
56111;1312;22;1334
56112;736;15;751
56113;903;20;923
56114;931;30;961
56115;1708;39;1747
56116;1552;45;1597
56117;4505;238;4743
56118;4039;112;4151
56119;3464;63;3527
56120;1885;40;1925
56121;57246;1486;58732
56122;1621;42;1663
56123;2195;43;2238
56124;2470;78;2548
56125;1841;66;1907
56126;2421;28;2449
56127;3145;71;3216
56128;1521;27;1548
56129;1532;36;1568
56130;3238;70;3308
56131;1417;31;1448
56132;2262;53;2315
56133;1155;27;1182
56134;979;11;990
56135;1605;29;1634
56136;756;15;771
56137;3299;78;3377
56139;360;10;370
56140;3733;94;3827
56141;1733;37;1770
56143;5066;126;5192
56144;3483;63;3546
56145;1109;27;1136
56146;1390;49;1439
56147;4677;85;4762
56148;1576;32;1608
56149;2520;52;2572
56151;3605;116;3721
56152;2544;54;2598
56153;2712;43;2755
56154;1847;50;1897
56155;2019;26;2045
56156;351;6;357
56157;1953;55;2008
56158;6145;178;6323
56159;1820;43;1863
56160;1297;22;1319
56161;2988;89;3077
56162;17778;639;18417
56163;1209;26;1235
56164;6635;222;6857
56165;9791;564;10355
56166;5792;128;5920
56167;2522;82;2604
56168;2214;48;2262
56169;5386;125;5511
56170;1062;32;1094
56171;1532;26;1558
56172;2679;79;2758
56173;4355;97;4452
56174;2770;70;2840
56175;4178;94;4272
56176;5905;140;6045
56177;7676;141;7817
56178;15064;934;15998
56179;3844;85;3929
56180;729;16;745
56181;2654;100;2754
56182;967;181;1148
56184;7862;274;8136
56185;8770;238;9008
56186;4658;91;4749
56188;1416;23;1439
56189;1067;16;1083
56190;1964;52;2016
56191;411;10;421
56193;5821;144;5965
56194;2865;74;2939
56195;701;11;712
56196;641;13;654
56197;2758;75;2833
56198;1636;44;1680
56199;705;14;719
56200;1385;34;1419
56201;579;11;590
56202;529;14;543
56203;631;14;645
56204;632;8;640
56205;873;18;891
56206;11895;303;12198
56207;1160;17;1177
56208;304;10;314
56209;179;7;186
56210;480;6;486
56211;795;17;812
56212;2539;42;2581
56213;1144;30;1174
56214;1531;24;1555
56215;1106;25;1131
56216;393;4;397
56218;716;5;721
56219;1389;22;1411
56220;1262;30;1292
56221;1747;83;1830
56222;2836;140;2976
56223;1469;59;1528
56224;381;10;391
56225;202;8;210
56226;532;23;555
56227;584;14;598
56228;1106;48;1154
56229;1294;19;1313
56230;470;11;481
56231;3847;123;3970
56232;1074;41;1115
56233;1495;43;1538
56234;2056;39;2095
56236;812;18;830
56237;1865;77;1942
56238;369;9;378
56239;1563;42;1605
56240;8791;177;8968
56241;996;24;1020
56242;652;18;670
56243;8900;255;9155
56244;3066;40;3106
56245;463;14;477
56246;2104;44;2148
56247;3756;90;3846
56248;4724;96;4820
56249;2191;87;2278
56250;604;5;609
56251;8251;236;8487
56252;1210;8;1218
56253;640;25;665
56254;1308;19;1327
56255;2406;56;2462
56256;116;0;116
56257;671;17;688
56258;1622;47;1669
56259;1687;22;1709
56260;53719;1973;55692
56261;1489;30;1519
56262;2533;43;2576
56263;2770;126;2896
56264;384;10;394
57001;330;3;333
57002;70;1;71
57003;1400;20;1420
57004;79;1;80
57006;991;28;1019
57007;124;2;126
57008;204;7;211
57009;104;1;105
57010;156;2;158
57011;618;23;641
57012;6120;56;6176
57013;2535;51;2586
57014;370;7;377
57015;577;7;584
57016;389;8;397
57017;2098;23;2121
57018;132;8;140
57019;10416;72;10488
57020;305;3;308
57021;1518;30;1548
57022;1253;29;1282
57024;184;0;184
57025;527;7;534
57026;1070;18;1088
57027;126;3;129
57028;1339;39;1378
57029;215;3;218
57030;565;3;568
57031;899;15;914
57032;4704;53;4757
57033;537;15;552
57034;35;1;36
57035;117;3;120
57036;103;0;103
57037;269;5;274
57038;7048;63;7111
57039;2165;34;2199
57040;278;2;280
57041;2351;33;2384
57042;593;12;605
57043;1469;31;1500
57044;123;5;128
57045;109;1;110
57046;763;14;777
57047;1055;20;1075
57048;73;2;75
57049;4517;72;4589
57050;112;2;114
57051;368;4;372
57052;576;9;585
57053;111;6;117
57054;188;0;188
57055;536;3;539
57056;194;5;199
57057;608;6;614
57058;6562;65;6627
57059;51;2;53
57060;532;7;539
57061;1152;26;1178
57062;432;14;446
57063;216;8;224
57064;261;4;265
57065;220;6;226
57066;514;8;522
57067;2801;59;2860
57069;463;7;470
57070;248;2;250
57071;387;5;392
57072;622;8;630
57073;870;16;886
57074;824;17;841
57075;293;3;296
57076;508;17;525
57077;97;3;100
57079;445;9;454
57080;83;0;83
57081;131;1;132
57082;331;7;338
57083;1211;26;1237
57084;303;2;305
57085;384;2;386
57086;235;5;240
57087;248;4;252
57088;313;7;320
57089;4951;101;5052
57090;111;2;113
57091;1010;21;1031
57092;619;8;627
57093;646;12;658
57095;578;9;587
57096;2476;25;2501
57097;5580;71;5651
57098;239;13;252
57099;230;5;235
57100;174;5;179
57101;1248;24;1272
57102;3205;48;3253
57103;125;4;129
57104;1180;28;1208
57105;150;1;151
57106;3926;78;4004
57107;106;0;106
57108;318;5;323
57109;761;12;773
57110;430;2;432
57111;525;3;528
57112;85;1;86
57113;972;22;994
57114;425;15;440
57115;96;4;100
57116;95;1;96
57117;588;5;593
57118;167;6;173
57119;1191;31;1222
57120;123;3;126
57121;212;5;217
57122;685;11;696
57123;3415;44;3459
57124;2628;34;2662
57125;420;7;427
57126;325;10;335
57127;147;1;148
57128;321;3;324
57129;672;21;693
57130;75;1;76
57131;286;11;297
57132;2357;244;2601
57133;96;0;96
57134;1916;193;2109
57136;570;17;587
57137;812;14;826
57138;83;3;86
57139;291;6;297
57140;577;10;587
57141;91;0;91
57142;423;7;430
57143;3374;33;3407
57144;3380;42;3422
57145;326;5;331
57146;796;19;815
57147;338;14;352
57148;567;11;578
57149;200;4;204
57150;691;8;699
57151;153;2;155
57152;510;10;520
57153;2185;39;2224
57154;634;19;653
57155;3006;325;3331
57156;1172;11;1183
57158;246;1;247
57159;3871;56;3927
57160;13042;216;13258
57161;116;1;117
57162;864;14;878
57163;2430;47;2477
57165;690;9;699
57166;107;2;109
57167;371;6;377
57168;679;16;695
57169;497;16;513
57171;1148;9;1157
57172;282;1;283
57173;101;3;104
57174;96;1;97
57175;221;6;227
57176;1680;41;1721
57177;2800;232;3032
57178;346;6;352
57179;1828;33;1861
57180;345;7;352
57181;78;1;79
57182;96;3;99
57183;189;2;191
57186;954;11;965
57187;367;6;373
57188;419;77;496
57189;222;2;224
57190;418;4;422
57191;705;8;713
57192;1239;33;1272
57193;2157;25;2182
57194;1242;37;1279
57195;572;15;587
57196;420;11;431
57197;513;5;518
57198;193;3;196
57199;686;15;701
57200;399;10;409
57201;725;13;738
57202;1161;17;1178
57203;228;4;232
57204;530;10;540
57205;2506;31;2537
57206;14442;157;14599
57207;5493;56;5549
57208;1355;34;1389
57209;5154;84;5238
57210;686;17;703
57211;1179;12;1191
57212;730;9;739
57213;773;14;787
57214;414;7;421
57215;324;4;328
57216;144;5;149
57217;900;18;918
57218;1286;30;1316
57219;546;6;552
57220;119;2;121
57221;11972;93;12065
57222;1325;38;1363
57224;3949;69;4018
57225;140;0;140
57226;3095;40;3135
57227;21597;290;21887
57228;200;5;205
57229;156;3;159
57230;195;2;197
57231;99;0;99
57232;776;12;788
57233;85;1;86
57234;597;8;605
57235;1037;20;1057
57236;84;0;84
57237;304;7;311
57238;190;6;196
57239;432;6;438
57240;12725;120;12845
57241;166;8;174
57242;3028;35;3063
57244;491;11;502
57245;570;9;579
57246;215;4;219
57247;80;3;83
57248;87;1;88
57249;259;7;266
57250;1494;40;1534
57251;339;2;341
57252;480;10;490
57253;501;3;504
57254;1157;10;1167
57255;575;23;598
57256;827;4;831
57257;105;0;105
57258;118;1;119
57259;319;7;326
57260;3296;53;3349
57261;1350;40;1390
57262;647;7;654
57263;642;19;661
57264;411;6;417
57265;58;4;62
57266;150;4;154
57267;850;18;868
57268;123;4;127
57269;7559;67;7626
57270;583;13;596
57271;667;17;684
57272;88;5;93
57273;395;9;404
57274;856;20;876
57275;919;12;931
57276;328;5;333
57277;149;6;155
57278;66;0;66
57280;370;20;390
57281;246;5;251
57282;357;4;361
57283;9287;105;9392
57284;113;5;118
57286;305;9;314
57287;2226;44;2270
57288;2848;40;2888
57289;2875;67;2942
57290;180;2;182
57291;263;4;267
57292;20;0;20
57293;258;6;264
57294;198;8;206
57295;106;1;107
57296;1096;20;1116
57297;183;6;189
57298;382;7;389
57299;917;16;933
57300;330;7;337
57301;304;12;316
57302;189;1;190
57303;599;9;608
57304;355;11;366
57305;451;8;459
57306;16005;186;16191
57307;249;5;254
57308;149;5;154
57309;483;9;492
57310;190;4;194
57311;527;9;536
57312;506;8;514
57313;141;3;144
57314;496;3;499
57315;712;15;727
57316;744;16;760
57317;108;4;112
57318;215;5;220
57319;521;5;526
57320;183;3;186
57321;563;19;582
57322;466;6;472
57323;7779;167;7946
57324;617;22;639
57325;832;17;849
57326;333;4;337
57328;89;2;91
57329;433;11;444
57330;1283;21;1304
57331;543;10;553
57332;6283;61;6344
57333;827;23;850
57334;324;10;334
57335;221;4;225
57336;5229;56;5285
57337;593;17;610
57338;515;6;521
57339;367;6;373
57340;1345;20;1365
57341;707;16;723
57342;96;1;97
57343;1835;31;1866
57344;734;9;743
57345;422;31;453
57346;590;23;613
57347;174;3;177
57348;797;17;814
57349;154;3;157
57350;1438;20;1458
57351;1223;19;1242
57352;445;15;460
57353;72;1;73
57354;122;5;127
57355;806;17;823
57356;1198;22;1220
57357;404;2;406
57358;1080;22;1102
57359;170;4;174
57360;1199;33;1232
57361;598;17;615
57362;174;3;177
57364;312;7;319
57365;474;11;485
57366;139;2;141
57367;225;4;229
57368;3192;59;3251
57370;2256;39;2295
57371;584;7;591
57372;1357;15;1372
57373;932;27;959
57374;198;6;204
57375;186;1;187
57376;504;6;510
57377;243;4;247
57379;273;2;275
57380;106;3;109
57381;292;6;298
57382;557;6;563
57383;164;6;170
57384;620;18;638
57385;1220;22;1242
57386;345;7;352
57387;290;1;291
57388;267;4;271
57389;471;12;483
57390;1432;38;1470
57391;65;1;66
57392;527;4;531
57393;206;3;209
57394;340;12;352
57395;204;4;208
57396;736;28;764
57397;102;1;103
57398;502;8;510
57399;94;8;102
57401;85;1;86
57402;120;4;124
57403;123;0;123
57404;209;7;216
57405;53;1;54
57406;138;7;145
57407;591;6;597
57408;877;19;896
57409;673;15;688
57410;137;3;140
57411;334;1;335
57412;3955;64;4019
57413;3651;84;3735
57414;1147;26;1173
57415;1748;76;1824
57416;657;17;674
57417;68;0;68
57418;322;4;326
57419;904;23;927
57421;153;3;156
57422;880;11;891
57423;75;0;75
57424;233;2;235
57425;573;4;577
57426;896;8;904
57427;568;10;578
57428;2753;67;2820
57430;330;5;335
57431;401;3;404
57433;11668;127;11795
57434;488;9;497
57436;127;6;133
57437;631;15;646
57438;348;5;353
57439;602;13;615
57440;142;3;145
57441;2915;59;2974
57442;242;2;244
57443;6458;57;6515
57444;351;2;353
57445;701;9;710
57446;41;1;42
57447;10108;231;10339
57448;257;6;263
57449;598;6;604
57451;168;3;171
57452;1011;16;1027
57453;298;10;308
57454;1139;24;1163
57455;149;3;152
57456;674;24;698
57457;139;2;141
57459;286;2;288
57460;1481;26;1507
57461;273;8;281
57462;419;7;426
57463;118489;1846;120335
57464;968;28;996
57465;2264;53;2317
57466;659;10;669
57467;294;2;296
57468;689;10;699
57469;603;5;608
57470;5;0;5
57471;297;3;300
57472;148;0;148
57473;67;2;69
57474;5631;77;5708
57475;525;14;539
57476;410;6;416
57477;1621;43;1664
57478;87;0;87
57479;465;12;477
57480;21879;357;22236
57481;2732;18;2750
57482;1759;31;1790
57483;3408;84;3492
57484;2684;29;2713
57485;124;2;126
57486;117;1;118
57487;5007;61;5068
57488;562;9;571
57489;302;6;308
57490;345;4;349
57491;7506;65;7571
57492;451;8;459
57493;211;5;216
57494;239;0;239
57495;116;1;117
57496;335;5;340
57497;263;9;272
57498;2590;52;2642
57499;1357;30;1387
57500;43;0;43
57501;36;0;36
57502;330;12;342
57504;280;4;284
57505;1211;22;1233
57506;252;1;253
57507;266;2;268
57508;4515;53;4568
57509;479;10;489
57510;1072;10;1082
57511;1033;21;1054
57512;716;11;727
57513;150;1;151
57514;1194;25;1219
57515;1823;24;1847
57516;337;10;347
57517;283;4;287
57518;331;9;340
57519;160;3;163
57520;33;2;35
57521;2706;53;2759
57524;128;1;129
57525;55;1;56
57526;383;1;384
57527;356;4;360
57528;101;1;102
57529;3099;65;3164
57530;442;6;448
57531;743;13;756
57532;229;3;232
57533;874;18;892
57534;1842;124;1966
57535;1443;36;1479
57536;221;5;226
57537;6298;98;6396
57538;295;2;297
57539;46;3;49
57540;4729;240;4969
57541;593;17;610
57542;974;11;985
57543;1498;24;1522
57544;615;16;631
57545;2021;57;2078
57546;811;31;842
57547;699;9;708
57548;543;7;550
57549;733;14;747
57550;2478;65;2543
57551;213;1;214
57552;627;8;635
57553;630;4;634
57554;694;21;715
57555;111;0;111
57556;3089;45;3134
57557;1009;24;1033
57558;80;0;80
57559;176;0;176
57560;624;13;637
57561;737;19;756
57562;847;18;865
57563;256;2;258
57564;557;15;572
57565;995;20;1015
57566;2358;64;2422
57567;147;1;148
57568;1397;28;1425
57569;320;6;326
57570;423;5;428
57571;1049;31;1080
57572;2006;101;2107
57573;135;3;138
57574;512;13;525
57575;1357;29;1386
57576;770;65;835
57577;375;7;382
57578;496;6;502
57579;128;1;129
57580;187;2;189
57581;351;7;358
57582;2092;42;2134
57583;136;2;138
57584;652;17;669
57586;186;2;188
57587;250;5;255
57588;1265;32;1297
57589;2313;49;2362
57590;256;6;262
57591;9861;99;9960
57592;348;2;350
57593;1018;10;1028
57594;98;3;101
57595;50;1;51
57596;747;11;758
57597;2650;20;2670
57598;2005;52;2057
57599;362;9;371
57600;1408;24;1432
57601;1343;42;1385
57602;2431;54;2485
57603;1273;17;1290
57604;624;6;630
57605;299;2;301
57606;15415;352;15767
57607;761;10;771
57609;174;2;176
57610;303;6;309
57611;191;6;197
57612;240;5;245
57613;357;3;360
57614;709;4;713
57615;968;19;987
57616;3373;84;3457
57617;284;6;290
57618;653;20;673
57619;472;10;482
57620;4350;61;4411
57621;109;1;110
57622;1909;21;1930
57623;711;50;761
57624;584;31;615
57625;178;2;180
57626;531;8;539
57627;324;4;328
57628;4485;94;4579
57629;777;6;783
57630;12449;312;12761
57631;20635;470;21105
57633;1262;31;1293
57634;1507;39;1546
57635;364;7;371
57636;316;12;328
57637;304;9;313
57638;2491;40;2531
57639;540;9;549
57640;479;14;493
57641;303;4;307
57642;2675;53;2728
57643;199;6;205
57644;1753;42;1795
57645;1021;9;1030
57647;4163;57;4220
57648;493;5;498
57649;475;4;479
57650;1776;13;1789
57651;648;6;654
57652;552;6;558
57653;33;2;35
57654;693;11;704
57655;1119;57;1176
57656;382;7;389
57657;19;0;19
57658;1053;20;1073
57659;3232;56;3288
57660;11178;126;11304
57661;174;3;177
57662;100;5;105
57663;7781;187;7968
57664;61;2;63
57665;1060;19;1079
57666;7134;90;7224
57667;790;8;798
57668;1280;35;1315
57669;2473;44;2517
57670;135;1;136
57671;154;0;154
57672;40778;756;41534
57673;47;0;47
57674;174;5;179
57675;115;1;116
57676;93;1;94
57677;1047;18;1065
57678;2220;35;2255
57679;533;4;537
57680;1256;28;1284
57681;338;5;343
57682;11;0;11
57683;6926;47;6973
57684;513;10;523
57685;151;2;153
57686;250;2;252
57687;213;4;217
57689;314;5;319
57690;3019;66;3085
57691;86;4;90
57692;74;0;74
57693;823;19;842
57694;438;11;449
57695;521;9;530
57696;961;26;987
57697;315;9;324
57698;317;6;323
57700;504;8;512
57701;810;26;836
57702;168;0;168
57703;233;17;250
57704;650;15;665
57705;207;5;212
57706;549;14;563
57707;652;6;658
57708;1953;43;1996
57709;310;7;317
57711;418;7;425
57712;1283;105;1388
57713;248;8;256
57714;431;9;440
57715;377;11;388
57716;1741;34;1775
57717;186;3;189
57718;218;1;219
57719;79;3;82
57720;495;12;507
57721;346;9;355
57723;293;6;299
57724;3021;35;3056
57725;348;7;355
57726;382;4;386
57727;122;1;123
57728;253;3;256
57730;566;12;578
57731;2269;40;2309
57732;777;21;798
57733;2034;29;2063
57734;458;11;469
57736;614;8;622
57737;31;2;33
57738;405;6;411
57739;504;2;506
57740;807;12;819
57741;438;13;451
57742;1499;41;1540
57743;243;7;250
57745;931;21;952
57746;1548;36;1584
57747;269;7;276
57748;765;17;782
57749;156;6;162
57750;718;26;744
57751;14014;137;14151
57752;2986;51;3037
57753;60;1;61
57754;111;1;112
57755;98;1;99
57756;310;3;313
57757;17143;265;17408
57759;63;1;64
57760;844;20;864
57761;267;4;271
57762;707;6;713
57763;46;2;48
57764;1245;14;1259
57765;1057;16;1073
57767;1308;34;1342
58001;160;0;160
58002;905;13;918
58003;607;7;614
58004;377;9;386
58005;224;1;225
58006;244;3;247
58007;340;5;345
58008;169;5;174
58009;128;1;129
58010;683;12;695
58011;283;5;288
58012;574;11;585
58013;97;1;98
58014;67;1;68
58015;120;3;123
58016;141;3;144
58017;226;7;233
58018;47;0;47
58019;83;3;86
58020;253;4;257
58021;204;5;209
58023;175;3;178
58024;280;11;291
58025;162;7;169
58026;141;9;150
58027;121;3;124
58028;117;3;120
58029;81;0;81
58030;284;11;295
58031;299;3;302
58032;361;6;367
58033;296;8;304
58034;183;6;189
58035;302;2;304
58036;464;9;473
58037;592;36;628
58038;160;5;165
58039;236;3;239
58040;144;3;147
58041;171;5;176
58042;136;2;138
58043;54;0;54
58044;813;10;823
58045;158;1;159
58046;1713;25;1738
58047;661;16;677
58048;107;5;112
58049;83;2;85
58050;45;2;47
58051;1526;133;1659
58052;45;2;47
58053;325;7;332
58054;39;1;40
58055;761;15;776
58056;297;7;304
58057;1152;19;1171
58058;300;5;305
58059;4742;57;4799
58060;619;9;628
58061;122;1;123
58062;1932;384;2316
58063;546;10;556
58064;499;15;514
58065;905;16;921
58066;84;0;84
58067;1503;23;1526
58068;209;5;214
58069;160;4;164
58070;57;2;59
58071;138;7;145
58072;618;10;628
58073;122;6;128
58074;339;5;344
58075;215;4;219
58076;79;0;79
58077;374;6;380
58078;54;0;54
58079;3590;183;3773
58080;169;1;170
58081;276;4;280
58082;285;4;289
58083;1440;109;1549
58084;85;4;89
58085;753;13;766
58086;9589;238;9827
58087;706;8;714
58088;3724;87;3811
58089;189;7;196
58090;219;1;220
58092;395;9;404
58093;127;2;129
58094;448;4;452
58095;5233;175;5408
58096;495;9;504
58097;92;1;93
58098;112;4;116
58099;164;3;167
58101;190;2;192
58102;1575;27;1602
58103;470;8;478
58104;1466;24;1490
58105;308;6;314
58106;353;4;357
58107;144;2;146
58108;85;1;86
58109;748;14;762
58110;245;2;247
58111;106;0;106
58112;632;7;639
58113;98;3;101
58114;93;4;97
58115;227;6;233
58116;131;5;136
58117;4125;53;4178
58118;642;7;649
58119;82;3;85
58120;224;0;224
58121;3740;46;3786
58122;425;8;433
58123;129;9;138
58124;769;9;778
58125;95;2;97
58126;450;7;457
58127;188;3;191
58128;91;0;91
58129;176;5;181
58130;95;2;97
58131;2510;40;2550
58132;227;11;238
58133;73;2;75
58134;3202;38;3240
58135;102;0;102
58136;68;2;70
58137;68;0;68
58138;357;10;367
58139;116;0;116
58140;231;5;236
58141;71;0;71
58142;239;4;243
58143;144;5;149
58144;698;6;704
58145;1273;29;1302
58146;978;19;997
58147;278;5;283
58148;615;11;626
58149;1988;38;2026
58150;110;6;116
58151;3240;53;3293
58152;1395;27;1422
58153;71;2;73
58154;117;1;118
58155;561;17;578
58156;145;2;147
58157;282;16;298
58158;306;6;312
58159;197;3;200
58160;3724;201;3925
58161;144;0;144
58162;110;1;111
58163;185;3;188
58164;667;28;695
58165;160;7;167
58166;231;2;233
58168;441;5;446
58169;15;3;18
58170;122;2;124
58171;289;2;291
58172;122;2;124
58173;158;0;158
58174;120;2;122
58175;157;1;158
58176;634;23;657
58177;281;1;282
58178;153;2;155
58179;259;7;266
58180;513;3;516
58181;145;5;150
58182;1445;24;1469
58183;97;1;98
58184;103;1;104
58185;529;4;533
58186;69;1;70
58187;518;6;524
58188;114;3;117
58189;478;4;482
58190;105;2;107
58191;113;3;116
58192;218;9;227
58193;1410;31;1441
58194;33005;1064;34069
58195;279;1;280
58196;347;3;350
58197;159;1;160
58198;301;5;306
58199;154;4;158
58200;149;1;150
58201;143;3;146
58202;24;0;24
58203;63;1;64
58204;540;8;548
58205;600;7;607
58206;36;0;36
58207;970;32;1002
58208;296;10;306
58209;150;5;155
58210;301;4;305
58211;147;3;150
58212;328;4;332
58213;467;9;476
58214;2355;51;2406
58215;1606;24;1630
58216;158;3;161
58217;198;3;201
58218;1823;27;1850
58219;208;4;212
58220;654;10;664
58221;150;2;152
58222;159;1;160
58223;630;8;638
58224;89;4;93
58225;369;7;376
58226;131;2;133
58227;1225;25;1250
58228;580;4;584
58229;311;5;316
58230;71;0;71
58231;392;8;400
58232;1265;20;1285
58233;166;7;173
58234;144;1;145
58235;260;3;263
58236;135;2;137
58237;29;2;31
58238;2221;50;2271
58239;159;2;161
58240;77;2;79
58241;316;4;320
58242;125;0;125
58243;116;3;119
58244;217;7;224
58245;166;4;170
58246;714;13;727
58247;484;7;491
58248;214;5;219
58249;352;2;354
58250;1863;46;1909
58251;474;7;481
58252;127;3;130
58253;78;5;83
58254;570;13;583
58255;279;5;284
58256;376;13;389
58257;64;0;64
58258;561;6;567
58259;144;3;147
58260;1246;27;1273
58261;1059;20;1079
58262;212;7;219
58263;170;2;172
58264;1879;26;1905
58265;94;3;97
58266;155;0;155
58267;724;80;804
58268;196;5;201
58269;413;10;423
58270;351;6;357
58271;187;3;190
58272;108;4;112
58273;1434;40;1474
58274;115;3;118
58275;297;4;301
58276;221;3;224
58277;191;7;198
58278;1482;68;1550
58279;180;6;186
58280;598;16;614
58281;596;14;610
58282;333;11;344
58283;74;2;76
58284;38;2;40
58285;160;5;165
58286;575;10;585
58287;191;4;195
58288;102;2;104
58289;189;0;189
58290;46;1;47
58291;176;0;176
58292;167;0;167
58293;416;4;420
58294;119;2;121
58295;986;15;1001
58296;137;0;137
58297;243;1;244
58298;398;9;407
58299;219;3;222
58300;1746;35;1781
58301;298;5;303
58302;928;5;933
58303;9201;177;9378
58304;1103;200;1303
58305;135;2;137
58306;296;9;305
58307;179;4;183
58308;62;0;62
58309;407;8;415
58310;48;1;49
58311;242;6;248
58312;269;9;278
58313;80;4;84
59001;469;13;482
59002;4309;34;4343
59003;372;6;378
59004;1320;14;1334
59005;3456;59;3515
59006;216;8;224
59007;890;9;899
59008;10085;83;10168
59009;61957;656;62613
59010;259;2;261
59011;10471;112;10583
59012;3221;45;3266
59013;1517;16;1533
59014;13329;82;13411
59015;3177;27;3204
59016;2200;47;2247
59017;24909;360;25269
59018;1570;17;1587
59019;1061;12;1073
59021;1815;18;1833
59022;2261;32;2293
59023;546;7;553
59024;4551;29;4580
59025;1674;22;1696
59026;1166;17;1183
59027;1705;15;1720
59028;7239;34;7273
59029;1502;21;1523
59031;372;4;376
59032;7224;71;7295
59033;8840;240;9080
59034;2641;44;2685
59035;2371;46;2417
59036;4195;138;4333
59037;3630;34;3664
59038;1449;17;1466
59039;816;18;834
59041;2291;17;2308
59042;1791;29;1820
59043;15163;241;15404
59044;4777;49;4826
59045;167;4;171
59046;812;11;823
59047;349;3;352
59048;523;11;534
59049;437;7;444
59050;344;8;352
59051;6509;51;6560
59052;5086;44;5130
59053;3264;60;3324
59054;998;8;1006
59055;511;11;522
59056;851;23;874
59057;561;14;575
59058;1014;14;1028
59059;441;4;445
59060;234;3;237
59061;266;2;268
59062;164;6;170
59063;2004;20;2024
59064;1261;12;1273
59065;813;10;823
59066;156;5;161
59067;3600;44;3644
59068;3175;36;3211
59069;736;12;748
59070;371;4;375
59071;2263;47;2310
59072;256;6;262
59073;556;13;569
59074;2168;36;2204
59075;755;11;766
59076;310;5;315
59077;257;6;263
59078;624;6;630
59079;6809;34;6843
59080;2796;31;2827
59081;572;6;578
59082;1801;30;1831
59083;253;2;255
59084;2059;30;2089
59085;305;6;311
59086;2155;30;2185
59087;750;13;763
59088;1739;21;1760
59089;1424;30;1454
59090;9808;181;9989
59091;578;14;592
59092;3924;40;3964
59093;341;5;346
59094;7152;50;7202
59096;1661;39;1700
59097;402;5;407
59098;4804;54;4858
59099;1757;14;1771
59100;348;4;352
59101;387;11;398
59102;438;4;442
59103;521;9;530
59104;3194;22;3216
59105;1532;25;1557
59106;756;14;770
59107;4495;45;4540
59108;750;4;754
59109;771;9;780
59110;1421;30;1451
59111;399;4;403
59112;11258;40;11298
59113;1361;6;1367
59114;1667;15;1682
59115;709;4;713
59116;414;12;426
59117;1049;12;1061
59118;2456;25;2481
59119;609;9;618
59120;2019;32;2051
59121;618;7;625
59122;32176;618;32794
59123;1699;23;1722
59124;2499;41;2540
59125;404;9;413
59126;1685;14;1699
59127;145;5;150
59128;2537;30;2567
59129;2268;27;2295
59130;1151;19;1170
59131;7920;74;7994
59132;1020;13;1033
59133;1033;19;1052
59134;1246;10;1256
59135;2265;100;2365
59136;7030;141;7171
59137;805;8;813
59138;682;14;696
59139;14121;140;14261
59140;452;10;462
59141;567;15;582
59142;709;5;714
59143;8577;94;8671
59144;862;10;872
59145;772;12;784
59146;2973;41;3014
59147;49;2;51
59148;361;1;362
59149;1088;16;1104
59150;526;11;537
59151;1617;17;1634
59152;12788;99;12887
59153;9515;54;9569
59155;20851;293;21144
59156;2842;32;2874
59157;2205;20;2225
59158;3077;45;3122
59159;668;6;674
59160;4495;30;4525
59161;751;45;796
59162;665;21;686
59163;20881;276;21157
59164;247;8;255
59165;6400;98;6498
59166;1337;36;1373
59167;198;1;199
59168;4849;69;4918
59169;202;4;206
59170;5360;33;5393
59171;37;2;39
59172;19877;122;19999
59173;1818;25;1843
59174;330;2;332
59175;310;9;319
59176;326;3;329
59177;857;14;871
59178;39613;858;40471
59179;10293;32;10325
59180;1466;19;1485
59181;551;6;557
59182;266;6;272
59183;86279;1268;87547
59184;658;10;668
59185;1963;13;1976
59186;80;1;81
59187;268;5;273
59188;140;4;144
59189;1221;26;1247
59190;986;14;1000
59191;625;5;630
59192;847;47;894
59193;3108;25;3133
59194;1282;23;1305
59195;613;9;622
59196;1304;19;1323
59197;2236;22;2258
59198;248;0;248
59199;686;11;697
59200;504;6;510
59201;597;11;608
59202;5316;40;5356
59203;1587;9;1596
59204;484;4;488
59205;9682;43;9725
59206;3218;28;3246
59207;4208;28;4236
59208;304;10;314
59209;674;8;682
59210;2116;39;2155
59211;906;19;925
59212;6461;136;6597
59213;458;15;473
59214;1103;21;1124
59215;959;33;992
59216;350;8;358
59217;346;7;353
59218;1307;15;1322
59219;712;8;720
59220;18191;122;18313
59221;2545;69;2614
59222;2213;45;2258
59223;504;4;508
59224;1698;14;1712
59225;6809;69;6878
59226;1454;16;1470
59227;5510;50;5560
59228;1458;17;1475
59229;564;9;573
59230;5273;52;5325
59231;1058;13;1071
59232;426;4;430
59233;365;3;368
59234;5781;43;5824
59236;261;4;265
59237;986;23;1009
59238;1635;25;1660
59239;5598;93;5691
59240;127;3;130
59241;520;15;535
59242;674;7;681
59243;1220;18;1238
59244;1776;31;1807
59246;570;4;574
59247;1462;18;1480
59249;11563;191;11754
59250;2231;105;2336
59251;376;4;380
59252;2447;20;2467
59253;7499;41;7540
59254;880;12;892
59255;571;8;579
59256;3290;33;3323
59257;1041;15;1056
59258;2827;642;3469
59259;511;20;531
59260;4131;60;4191
59261;1758;29;1787
59262;2086;38;2124
59263;1049;26;1075
59264;730;11;741
59265;2308;36;2344
59266;4031;42;4073
59267;302;4;306
59268;5639;49;5688
59269;1475;25;1500
59270;482;7;489
59271;22522;209;22731
59272;5130;47;5177
59273;11014;188;11202
59274;482;4;486
59275;1267;36;1303
59276;4689;34;4723
59277;332;4;336
59278;4676;37;4713
59279;20743;114;20857
59280;788;10;798
59281;1281;12;1293
59282;407;11;418
59283;613;10;623
59284;3918;31;3949
59285;2680;20;2700
59286;14725;115;14840
59287;193;4;197
59288;2340;26;2366
59289;1521;33;1554
59290;394;1;395
59291;14517;97;14614
59292;3304;6;3310
59293;1413;18;1431
59294;314;7;321
59295;21408;457;21865
59296;354;10;364
59297;1979;9;1988
59299;18636;174;18810
59300;548;9;557
59301;4433;27;4460
59302;4127;29;4156
59303;2393;27;2420
59304;418;8;426
59305;1649;34;1683
59306;292;3;295
59307;903;5;908
59308;934;24;958
59309;4060;82;4142
59310;867;10;877
59311;561;7;568
59312;760;17;777
59313;1423;9;1432
59314;3562;21;3583
59315;886;12;898
59316;3337;47;3384
59317;7782;94;7876
59318;984;8;992
59319;3194;202;3396
59320;1635;12;1647
59321;676;5;681
59322;3371;31;3402
59323;1145;26;1171
59324;10344;111;10455
59325;854;16;870
59326;1163;21;1184
59327;6364;39;6403
59328;27400;435;27835
59329;5007;84;5091
59330;2392;42;2434
59331;3482;107;3589
59332;1819;7;1826
59333;249;9;258
59334;1621;23;1644
59335;2847;55;2902
59336;1372;13;1385
59337;683;21;704
59338;651;27;678
59339;9378;80;9458
59340;4207;97;4304
59341;435;7;442
59342;225;4;229
59343;9012;85;9097
59344;2516;10;2526
59345;2430;23;2453
59346;3050;21;3071
59347;537;16;553
59348;1426;15;1441
59349;1916;30;1946
59350;234475;1925;236400
59351;550;7;557
59352;8275;97;8372
59353;326;7;333
59354;714;13;727
59356;2230;48;2278
59357;2082;33;2115
59358;1190;23;1213
59359;6085;76;6161
59360;22866;241;23107
59361;3952;18;3970
59363;931;19;950
59364;869;12;881
59365;6371;39;6410
59366;775;15;790
59367;13643;151;13794
59368;21856;188;22044
59369;4066;40;4106
59370;711;11;722
59371;639;15;654
59372;489;6;495
59374;473;4;477
59375;4584;63;4647
59377;1900;25;1925
59378;38486;697;39183
59379;748;3;751
59381;812;20;832
59382;1444;15;1459
59383;12083;114;12197
59384;1428;23;1451
59385;2701;21;2722
59386;10798;69;10867
59387;1897;12;1909
59388;1998;24;2022
59389;2745;29;2774
59390;4109;45;4154
59391;881;5;886
59392;29589;283;29872
59393;1033;12;1045
59394;403;3;406
59395;305;4;309
59396;720;7;727
59397;606;12;618
59398;3199;136;3335
59399;1011;28;1039
59400;9641;89;9730
59401;2307;37;2344
59402;837;22;859
59403;718;12;730
59405;481;3;484
59406;455;6;461
59407;538;9;547
59408;1632;19;1651
59409;2521;20;2541
59410;21277;138;21415
59411;2115;37;2152
59412;276;4;280
59413;557;9;566
59414;4793;40;4833
59415;224;1;225
59416;2524;41;2565
59418;1595;7;1602
59419;1408;16;1424
59420;58;2;60
59421;13121;177;13298
59422;630;12;642
59423;1263;19;1282
59424;1309;5;1314
59425;302;8;310
59426;10264;68;10332
59427;640;10;650
59428;3782;40;3822
59429;2688;16;2704
59430;1088;12;1100
59431;7512;79;7591
59432;514;7;521
59433;917;13;930
59434;1351;17;1368
59435;2549;37;2586
59436;788;10;798
59437;858;12;870
59438;811;13;824
59439;271;5;276
59440;697;6;703
59441;660;6;666
59442;269;6;275
59443;385;5;390
59444;924;11;935
59445;1189;17;1206
59446;649;8;657
59447;8789;64;8853
59448;471;5;476
59449;8633;145;8778
59450;640;9;649
59451;553;3;556
59452;5454;26;5480
59453;677;14;691
59454;517;4;521
59455;1009;8;1017
59456;6088;262;6350
59457;8542;42;8584
59458;918;19;937
59459;4887;37;4924
59461;310;2;312
59462;4820;38;4858
59463;973;12;985
59464;2222;18;2240
59465;776;3;779
59466;2911;92;3003
59467;2469;27;2496
59468;425;4;429
59469;412;4;416
59470;2123;24;2147
59471;1993;24;2017
59472;837;10;847
59473;309;7;316
59474;1036;21;1057
59475;2220;26;2246
59476;3124;75;3199
59477;4403;40;4443
59478;1129;26;1155
59479;3077;26;3103
59480;870;20;890
59481;4870;120;4990
59482;6931;62;6993
59483;136;2;138
59484;6362;33;6395
59485;1802;21;1823
59486;2701;44;2745
59487;1401;19;1420
59488;2179;40;2219
59489;4008;55;4063
59490;177;2;179
59491;12324;64;12388
59492;602;7;609
59493;228;1;229
59494;162;1;163
59495;2446;24;2470
59496;242;1;243
59497;2120;30;2150
59498;352;8;360
59499;1977;33;2010
59500;373;5;378
59501;1261;26;1287
59502;1432;9;1441
59503;198;3;201
59504;3807;21;3828
59505;760;3;763
59506;469;7;476
59507;19294;120;19414
59508;13482;129;13611
59509;6037;48;6085
59511;1931;27;1958
59512;98828;466;99294
59513;456;7;463
59514;4072;53;4125
59515;655;6;661
59516;928;19;947
59517;771;14;785
59518;459;7;466
59519;1758;33;1791
59520;1436;25;1461
59521;443;8;451
59522;1937;38;1975
59523;2830;27;2857
59524;5481;51;5532
59525;2799;25;2824
59526;15870;164;16034
59527;13151;117;13268
59528;1565;17;1582
59529;354;8;362
59530;348;1;349
59531;340;3;343
59532;309;8;317
59533;1566;14;1580
59534;827;31;858
59535;1706;49;1755
59536;902;22;924
59537;506;9;515
59538;425;11;436
59539;985;18;1003
59541;1027;7;1034
59542;511;12;523
59543;1095;10;1105
59544;11276;159;11435
59545;1216;23;1239
59546;1160;29;1189
59547;853;9;862
59548;640;8;648
59549;327;3;330
59550;2945;22;2967
59551;1707;24;1731
59552;196;6;202
59553;5608;50;5658
59554;608;15;623
59555;1437;18;1455
59556;259;3;262
59557;2492;16;2508
59558;1688;19;1707
59559;1974;32;2006
59560;12463;94;12557
59562;544;7;551
59563;237;3;240
59564;3117;16;3133
59565;651;11;662
59566;4775;37;4812
59567;414;6;420
59568;476;8;484
59569;15428;109;15537
59570;923;35;958
59571;4290;108;4398
59572;1780;21;1801
59573;139;3;142
59574;11934;77;12011
59575;403;4;407
59576;1806;27;1833
59577;649;5;654
59578;1673;30;1703
59579;1371;25;1396
59580;4429;85;4514
59581;3672;54;3726
59582;948;23;971
59583;471;4;475
59584;957;12;969
59585;3465;34;3499
59586;6332;87;6419
59587;522;14;536
59588;8285;220;8505
59589;2999;25;3024
59590;912;14;926
59591;836;3;839
59592;3884;33;3917
59593;751;11;762
59594;1119;13;1132
59595;541;7;548
59596;509;17;526
59597;651;23;674
59598;3911;29;3940
59599;98656;689;99345
59600;903;14;917
59601;2771;66;2837
59602;1405;30;1435
59603;6292;88;6380
59604;824;7;831
59605;1443;24;1467
59606;43229;448;43677
59607;488;5;493
59608;1098;21;1119
59609;1564;21;1585
59610;1073;9;1082
59611;2483;55;2538
59612;510;10;520
59613;1464;14;1478
59614;1414;20;1434
59615;2512;42;2554
59616;10465;51;10516
59617;635;7;642
59618;881;6;887
59619;1046;15;1061
59620;661;6;667
59622;1187;17;1204
59623;691;4;695
59624;2142;26;2168
59625;396;4;400
59626;1287;21;1308
59627;1008;11;1019
59628;563;6;569
59629;1338;23;1361
59630;2636;40;2676
59631;2153;30;2183
59632;5610;39;5649
59633;282;7;289
59634;794;20;814
59635;363;6;369
59636;10608;104;10712
59637;1319;14;1333
59638;1330;15;1345
59639;1102;23;1125
59640;767;11;778
59641;1996;43;2039
59642;581;17;598
59643;237;2;239
59645;595;4;599
59646;20860;232;21092
59647;2599;29;2628
59648;15075;193;15268
59649;240;5;245
59650;40898;172;41070
59651;1637;12;1649
59652;409;1;410
59653;7771;64;7835
59654;7402;69;7471
59655;254;4;258
59656;5353;50;5403
59657;637;7;644
59658;522;7;529
59659;2855;33;2888
59660;3048;40;3088
59661;136;2;138
59662;1313;23;1336
59663;5672;83;5755
59664;317;4;321
59665;296;6;302
59666;1536;25;1561
59667;228;6;234
59668;1601;60;1661
59669;518;17;535
59670;1337;13;1350
60001;621;8;629
60002;807;24;831
60003;503;13;516
60004;405;7;412
60005;872;13;885
60006;1155;20;1175
60007;3044;97;3141
60008;378;163;541
60009;1622;30;1652
60010;1747;17;1764
60011;404;5;409
60012;3286;49;3335
60013;1393;29;1422
60014;172;5;177
60015;1154;14;1168
60016;274;8;282
60017;1208;25;1233
60019;414;12;426
60020;256;8;264
60021;549;8;557
60022;644;15;659
60023;547;17;564
60024;769;8;777
60025;1881;40;1921
60026;585;13;598
60027;537;14;551
60028;459;25;484
60029;2836;60;2896
60030;558;9;567
60031;270;8;278
60032;719;14;733
60033;888;39;927
60034;1156;17;1173
60035;250;4;254
60036;384;6;390
60037;509;7;516
60039;487;6;493
60040;646;11;657
60041;2318;55;2373
60042;1469;46;1515
60043;622;13;635
60044;1682;24;1706
60045;578;10;588
60046;339;7;346
60047;761;16;777
60048;266;5;271
60049;114;3;117
60050;348;9;357
60051;180;1;181
60052;98;3;101
60053;595;50;645
60054;867;21;888
60055;338;5;343
60056;66;1;67
60057;57071;1449;58520
60058;216;4;220
60059;206;6;212
60060;621;10;631
60061;84;5;89
60062;319;4;323
60063;787;37;824
60064;991;16;1007
60065;1633;32;1665
60066;205;10;215
60067;1005;20;1025
60068;3108;40;3148
60069;1120;39;1159
60070;453;10;463
60071;173;5;178
60072;316;12;328
60073;569;6;575
60074;1185;29;1214
60075;143;1;144
60076;522;7;529
60077;356;9;365
60078;108;2;110
60079;982;12;994
60081;476;9;485
60082;790;17;807
60083;989;23;1012
60084;187;1;188
60085;198;2;200
60086;2142;44;2186
60087;338;18;356
60088;4764;73;4837
60089;409;11;420
60090;383;7;390
60091;407;6;413
60092;217;5;222
60093;460;9;469
60094;317;6;323
60095;343;7;350
60097;206;6;212
60098;153;1;154
60099;172;3;175
60100;112;0;112
60101;653;13;666
60102;2011;40;2051
60103;4022;54;4076
60104;4221;115;4336
60105;421;8;429
60106;2667;39;2706
60107;3116;146;3262
60108;288;8;296
60109;255;4;259
60110;247;0;247
60111;153;2;155
60112;349;1;350
60113;198;2;200
60114;148;0;148
60115;878;16;894
60116;2961;38;2999
60117;314;13;327
60118;506;9;515
60119;1943;38;1981
60120;1198;24;1222
60121;159;4;163
60122;488;9;497
60123;480;0;480
60124;310;7;317
60125;765;19;784
60126;502;6;508
60127;399;3;402
60128;226;0;226
60129;1513;20;1533
60130;1037;23;1060
60131;106;2;108
60132;188;3;191
60133;543;4;547
60134;2621;25;2646
60135;1640;39;1679
60136;501;13;514
60137;295;3;298
60138;908;28;936
60139;10147;133;10280
60140;313;4;317
60141;10950;228;11178
60142;3140;90;3230
60143;3340;42;3382
60144;177;3;180
60145;473;13;486
60146;455;3;458
60147;816;34;850
60148;416;8;424
60149;2021;68;2089
60150;1212;18;1230
60151;3288;105;3393
60152;245;1;246
60153;102;0;102
60154;1588;58;1646
60155;3996;50;4046
60156;2224;46;2270
60157;10163;235;10398
60158;244;2;246
60159;40615;1028;41643
60160;725;13;738
60161;72;0;72
60162;320;8;328
60163;406;6;412
60164;870;10;880
60165;533;15;548
60166;1067;32;1099
60167;576;14;590
60168;211;2;213
60169;809;21;830
60170;569;35;604
60171;180;3;183
60172;3976;148;4124
60173;810;12;822
60174;211;3;214
60175;36169;259;36428
60176;14788;266;15054
60177;445;8;453
60178;3503;123;3626
60179;150;1;151
60180;502;4;506
60181;901;20;921
60182;178;4;182
60183;256;3;259
60184;207;10;217
60185;1116;10;1126
60186;252;4;256
60187;970;14;984
60188;2216;106;2322
60189;981;21;1002
60190;297;6;303
60191;625;5;630
60192;220;5;225
60193;210;2;212
60194;248;2;250
60195;500;11;511
60196;1017;16;1033
60197;889;7;896
60198;395;6;401
60199;256;8;264
60200;318;2;320
60201;241;3;244
60203;426;8;434
60204;306;4;310
60205;51;1;52
60206;857;14;871
60207;288;6;294
60208;124;7;131
60209;540;10;550
60210;260;8;268
60211;599;5;604
60212;1606;27;1633
60213;996;21;1017
60214;216;3;219
60215;594;13;607
60216;184;2;186
60217;218;4;222
60218;1610;13;1623
60219;167;2;169
60220;502;5;507
60221;711;7;718
60222;554;16;570
60223;3759;54;3813
60224;151;1;152
60225;808;42;850
60226;421;6;427
60227;227;2;229
60228;466;8;474
60229;227;4;231
60230;523;14;537
60231;424;14;438
60232;473;3;476
60233;1366;21;1387
60234;2575;28;2603
60235;661;20;681
60236;217;0;217
60237;89;1;90
60238;1886;84;1970
60239;568;12;580
60240;238;3;241
60241;336;15;351
60242;505;7;512
60243;173;6;179
60244;139;1;140
60245;2113;28;2141
60247;146;2;148
60248;214;6;220
60249;199;2;201
60250;428;14;442
60251;281;5;286
60252;526;3;529
60253;490;8;498
60254;549;16;565
60255;338;3;341
60256;1321;26;1347
60257;438;10;448
60258;162;6;168
60259;893;23;916
60260;679;21;700
60261;517;12;529
60262;246;6;252
60263;261;1;262
60264;515;15;530
60265;984;13;997
60267;177;5;182
60268;338;1;339
60269;347;5;352
60270;338;85;423
60271;85;2;87
60272;631;19;650
60273;532;19;551
60274;377;13;390
60275;223;0;223
60276;215;2;217
60277;1544;39;1583
60278;398;3;401
60279;200;5;205
60280;109;0;109
60281;550;14;564
60282;8978;385;9363
60283;25;0;25
60284;1792;59;1851
60285;306;15;321
60286;2820;78;2898
60287;354;4;358
60288;474;5;479
60289;265;4;269
60290;387;4;391
60291;1805;24;1829
60292;237;7;244
60293;373;8;381
60294;85;1;86
60295;449;9;458
60296;138;1;139
60297;188;2;190
60298;645;7;652
60299;540;8;548
60301;136;5;141
60302;789;23;812
60303;196;1;197
60304;273;9;282
60305;334;4;338
60306;153;3;156
60307;638;10;648
60308;468;9;477
60309;873;21;894
60310;628;27;655
60311;238;2;240
60312;115;2;117
60313;2509;41;2550
60314;324;5;329
60315;496;10;506
60316;243;7;250
60317;719;8;727
60318;667;13;680
60319;608;6;614
60320;258;3;261
60321;831;7;838
60322;322;5;327
60323;650;11;661
60324;877;11;888
60325;2300;64;2364
60326;602;22;624
60327;1039;16;1055
60328;309;9;318
60329;202;6;208
60330;1347;26;1373
60331;442;6;448
60332;710;9;719
60333;1660;37;1697
60334;870;14;884
60335;148;1;149
60336;192;3;195
60337;732;29;761
60338;4891;163;5054
60339;363;9;372
60340;531;18;549
60341;2050;55;2105
60342;4721;52;4773
60343;626;23;649
60344;501;9;510
60345;190;2;192
60346;8784;231;9015
60347;283;5;288
60348;514;9;523
60350;1382;24;1406
60351;119;2;121
60352;163;2;165
60353;195;1;196
60354;35;1;36
60355;1175;51;1226
60356;640;17;657
60357;551;7;558
60358;1008;26;1034
60359;196;3;199
60360;7010;65;7075
60361;591;20;611
60362;177;6;183
60363;221;1;222
60364;705;8;713
60365;422;5;427
60366;363;5;368
60367;333;8;341
60368;2604;59;2663
60369;2004;36;2040
60370;1311;14;1325
60371;151;1;152
60372;662;16;678
60373;777;19;796
60374;2678;31;2709
60375;399;10;409
60376;165;1;166
60377;290;8;298
60378;394;5;399
60379;614;15;629
60380;1604;24;1628
60381;256;3;259
60382;8676;177;8853
60383;538;12;550
60385;668;13;681
60386;480;8;488
60387;1475;10;1485
60388;133;6;139
60389;245;2;247
60390;327;6;333
60391;230;3;233
60392;772;17;789
60393;613;13;626
60394;105;1;106
60395;14452;182;14634
60396;631;5;636
60397;77;1;78
60398;2207;30;2237
60399;239;18;257
60400;270;7;277
60401;787;33;820
60402;2327;62;2389
60403;1814;31;1845
60404;1474;36;1510
60405;1147;16;1163
60406;830;16;846
60407;218;2;220
60408;787;13;800
60409;2181;39;2220
60410;247;8;255
60411;775;12;787
60412;677;12;689
60413;412;9;421
60414;13645;166;13811
60415;137;9;146
60416;174;2;176
60418;412;13;425
60420;481;11;492
60421;401;7;408
60422;199;11;210
60423;1126;26;1152
60424;264;4;268
60425;477;17;494
60426;245;2;247
60427;178;1;179
60428;643;27;670
60429;416;16;432
60430;1088;13;1101
60431;542;11;553
60432;868;29;897
60433;987;20;1007
60434;223;6;229
60435;490;4;494
60436;76;2;78
60437;82;0;82
60438;196;5;201
60439;5237;74;5311
60440;609;16;625
60441;696;7;703
60442;147;2;149
60443;582;4;586
60444;159;5;164
60445;317;3;320
60446;4201;61;4262
60447;656;14;670
60448;388;6;394
60449;280;4;284
60450;3970;44;4014
60451;1645;28;1673
60452;490;14;504
60454;959;31;990
60456;927;28;955
60457;155;2;157
60458;317;15;332
60459;206;3;209
60460;199;8;207
60461;189;24;213
60462;2829;44;2873
60463;20780;362;21142
60464;1092;16;1108
60465;183;6;189
60466;250;3;253
60468;311;4;315
60469;363;9;372
60470;890;14;904
60471;13190;260;13450
60472;119;1;120
60473;289;1;290
60474;285;5;290
60476;199;8;207
60477;1399;23;1422
60478;356;9;365
60479;677;10;687
60480;551;17;568
60481;605;13;618
60482;3351;90;3441
60483;528;52;580
60484;277;6;283
60485;240;5;245
60486;575;10;585
60487;332;15;347
60488;273;6;279
60489;1174;14;1188
60490;372;14;386
60491;1833;210;2043
60492;853;19;872
60493;506;11;517
60494;1882;41;1923
60495;409;5;414
60496;162;1;163
60497;212;0;212
60498;528;3;531
60499;231;5;236
60500;3833;55;3888
60501;1351;31;1382
60502;99;4;103
60503;112;3;115
60504;1125;16;1141
60505;849;21;870
60506;681;12;693
60507;451;10;461
60508;3242;74;3316
60509;12602;122;12724
60510;645;16;661
60511;398;12;410
60512;159;2;161
60513;3220;70;3290
60514;242;1;243
60515;377;12;389
60516;411;3;414
60517;852;12;864
60518;207;4;211
60519;176;5;181
60520;222;8;230
60521;401;16;417
60522;316;3;319
60523;918;25;943
60524;2541;23;2564
60525;127;5;132
60526;1071;13;1084
60527;145;1;146
60528;129;2;131
60529;76;0;76
60530;217;9;226
60531;1920;39;1959
60533;1700;28;1728
60534;630;23;653
60535;331;6;337
60536;136;8;144
60537;3705;174;3879
60538;306;4;310
60539;1548;21;1569
60540;625;15;640
60541;356;12;368
60542;992;16;1008
60543;119;1;120
60544;195;1;196
60545;531;8;539
60546;139;4;143
60547;627;17;644
60548;603;7;610
60549;220;6;226
60550;222;0;222
60551;299;7;306
60552;246;9;255
60553;273;7;280
60554;472;9;481
60555;53;0;53
60556;205;3;208
60557;308;6;314
60558;461;18;479
60559;829;9;838
60560;727;33;760
60561;196;6;202
60562;1594;27;1621
60563;595;6;601
60564;280;3;283
60565;518;4;522
60566;205;3;208
60567;1165;29;1194
60568;332;8;340
60569;188;9;197
60570;1563;24;1587
60571;83;3;86
60572;296;9;305
60573;332;2;334
60574;623;16;639
60575;3344;44;3388
60576;485;13;498
60577;1709;35;1744
60578;1080;17;1097
60579;322;7;329
60581;6055;46;6101
60582;771;20;791
60583;356;9;365
60584;4678;99;4777
60585;283;5;288
60586;1033;22;1055
60587;1463;28;1491
60588;375;6;381
60589;2847;115;2962
60590;1243;24;1267
60591;1556;63;1619
60592;708;8;716
60593;139;2;141
60594;279;6;285
60595;438;3;441
60596;247;2;249
60597;1732;32;1764
60598;1043;86;1129
60599;291;5;296
60600;639;7;646
60601;1041;16;1057
60602;59;6;65
60603;897;22;919
60604;267;2;269
60605;349;6;355
60608;104;1;105
60609;887;23;910
60610;768;13;781
60611;597;14;611
60612;14760;626;15386
60613;344;7;351
60614;205;6;211
60615;134;1;135
60616;2739;33;2772
60617;269;4;273
60618;283;10;293
60619;1166;26;1192
60620;450;9;459
60621;142;1;143
60622;482;5;487
60623;982;80;1062
60624;173;4;177
60625;570;12;582
60626;669;18;687
60627;259;3;262
60628;1067;22;1089
60629;196;9;205
60630;186;3;189
60631;1077;24;1101
60632;757;16;773
60633;418;2;420
60634;437;11;448
60635;1075;10;1085
60636;4484;74;4558
60637;513;5;518
60638;672;9;681
60639;1234;24;1258
60640;172;1;173
60641;1725;49;1774
60642;1068;32;1100
60643;1371;14;1385
60644;1935;31;1966
60645;306;5;311
60646;1308;32;1340
60647;2063;54;2117
60648;324;4;328
60650;532;25;557
60651;1890;31;1921
60652;929;10;939
60653;301;2;303
60654;267;5;272
60655;365;10;375
60656;286;3;289
60657;253;5;258
60658;691;10;701
60659;171;2;173
60660;403;11;414
60661;987;83;1070
60662;505;13;518
60663;257;3;260
60664;453;11;464
60665;2884;62;2946
60666;1135;26;1161
60667;3813;53;3866
60668;740;24;764
60669;489;13;502
60670;4707;115;4822
60671;360;20;380
60672;273;13;286
60673;209;1;210
60674;615;31;646
60675;433;6;439
60676;758;16;774
60677;255;4;259
60678;1165;22;1187
60679;155;6;161
60680;664;17;681
60681;466;18;484
60682;708;38;746
60683;394;16;410
60684;6434;64;6498
60685;1012;9;1021
60686;2318;57;2375
60687;372;9;381
60688;161;1;162
60689;1390;58;1448
60691;118;1;119
60692;146;2;148
60693;425;4;429
60695;1402;50;1452
60697;34;1;35
60698;280;9;289
60699;165;5;170
60700;1187;21;1208
60701;1283;8;1291
60702;248;3;251
60703;870;17;887
61001;25870;752;26622
61002;669;10;679
61005;281;6;287
61006;13395;353;13748
61007;4217;85;4302
61008;1268;45;1313
61010;120;6;126
61011;416;14;430
61012;217;5;222
61013;136;0;136
61014;247;9;256
61015;262;7;269
61017;79;0;79
61018;62;1;63
61020;214;7;221
61021;102;4;106
61023;611;24;635
61024;600;14;614
61026;185;8;193
61028;457;11;468
61029;840;23;863
61030;272;4;276
61032;334;8;342
61034;204;7;211
61035;274;2;276
61036;204;0;204
61037;132;3;135
61038;1468;19;1487
61039;129;1;130
61040;1074;30;1104
61041;209;3;212
61043;1096;21;1117
61044;451;16;467
61046;133;0;133
61048;125;4;129
61049;128;2;130
61050;592;22;614
61051;358;6;364
61052;188;4;192
61053;235;7;242
61054;253;4;257
61055;614;11;625
61056;166;1;167
61060;166;1;167
61061;1478;31;1509
61062;91;2;93
61063;1517;41;1558
61064;93;3;96
61066;107;5;112
61067;161;4;165
61068;207;1;208
61069;170;7;177
61070;815;26;841
61071;176;7;183
61072;203;4;207
61074;643;7;650
61075;1172;26;1198
61076;134;6;140
61077;866;16;882
61078;714;48;762
61079;1770;24;1794
61080;83;2;85
61081;889;25;914
61082;88;4;92
61084;170;4;174
61085;33;0;33
61086;107;0;107
61087;162;4;166
61088;46;1;47
61089;96;0;96
61091;892;22;914
61092;677;6;683
61093;1259;17;1276
61094;589;17;606
61095;530;8;538
61096;3051;110;3161
61097;517;15;532
61098;448;31;479
61099;247;8;255
61100;282;17;299
61101;202;9;211
61102;405;10;415
61103;173;1;174
61104;51;1;52
61105;186;7;193
61107;393;11;404
61108;168;4;172
61111;329;13;342
61113;63;1;64
61114;154;5;159
61116;2058;40;2098
61117;2490;48;2538
61118;123;5;128
61120;75;0;75
61121;293;8;301
61122;83;6;89
61123;221;5;226
61124;500;5;505
61126;509;10;519
61129;366;11;377
61130;458;13;471
61133;707;18;725
61137;132;5;137
61138;209;4;213
61139;303;11;314
61140;847;16;863
61141;410;17;427
61142;138;4;142
61143;2464;63;2527
61145;4196;124;4320
61146;398;5;403
61148;299;11;310
61149;387;8;395
61150;742;13;755
61151;394;11;405
61152;98;0;98
61153;2190;49;2239
61156;537;14;551
61158;148;2;150
61159;70;1;71
61160;186;5;191
61162;160;3;163
61163;1545;22;1567
61164;241;2;243
61165;746;14;760
61166;141;3;144
61167;3092;62;3154
61168;5186;402;5588
61169;14762;364;15126
61170;196;3;199
61171;103;1;104
61176;143;2;145
61178;54;2;56
61180;84;1;85
61181;1811;59;1870
61182;418;5;423
61183;141;3;144
61187;194;7;201
61188;91;5;96
61189;458;216;674
61190;74;1;75
61192;107;3;110
61193;282;3;285
61194;883;14;897
61195;192;4;196
61196;1565;51;1616
61197;135;4;139
61198;134;0;134
61199;328;7;335
61202;464;11;475
61203;902;26;928
61206;252;4;256
61207;606;23;629
61208;617;15;632
61209;420;2;422
61210;248;9;257
61211;2162;54;2216
61212;126;4;130
61213;275;10;285
61214;7961;239;8200
61215;356;7;363
61216;192;3;195
61217;53;1;54
61218;1793;54;1847
61219;158;1;159
61221;450;8;458
61222;759;20;779
61224;452;6;458
61225;29;0;29
61227;145;3;148
61228;770;16;786
61229;126;4;130
61230;2985;50;3035
61232;1118;39;1157
61233;228;7;235
61234;1129;37;1166
61237;316;1;317
61238;88;1;89
61240;368;4;372
61241;411;11;422
61242;223;10;233
61243;1388;43;1431
61244;269;12;281
61248;520;8;528
61251;155;6;161
61252;136;4;140
61255;533;12;545
61256;153;5;158
61257;119;2;121
61258;670;11;681
61259;73;0;73
61260;539;10;549
61261;169;3;172
61262;112;1;113
61263;207;7;214
61264;54;1;55
61265;165;4;169
61266;76;0;76
61267;205;3;208
61268;110;5;115
61269;484;8;492
61271;86;0;86
61272;22;1;23
61273;52;3;55
61274;238;6;244
61275;772;19;791
61276;156;6;162
61277;281;6;287
61278;1854;54;1908
61279;611;15;626
61281;255;7;262
61283;283;9;292
61284;222;2;224
61286;79;0;79
61287;720;19;739
61288;519;7;526
61289;50;0;50
61290;131;4;135
61291;63;0;63
61292;654;9;663
61293;3775;296;4071
61294;1153;27;1180
61295;162;2;164
61297;732;10;742
61298;314;11;325
61300;383;8;391
61301;212;1;213
61302;136;3;139
61303;517;13;530
61304;301;6;307
61307;227;2;229
61308;206;4;210
61309;2022;63;2085
61310;446;30;476
61314;669;17;686
61316;115;3;118
61317;179;5;184
61319;263;7;270
61321;420;6;426
61322;108;2;110
61323;128;2;130
61324;1162;14;1176
61326;308;6;314
61327;341;11;352
61328;268;5;273
61329;639;11;650
61330;185;3;188
61331;137;2;139
61332;315;43;358
61333;174;4;178
61336;103;7;110
61339;2140;32;2172
61341;1647;55;1702
61342;1406;30;1436
61344;1036;13;1049
61345;1903;42;1945
61346;203;6;209
61347;176;0;176
61348;372;6;378
61349;161;3;164
61350;160;8;168
61351;133;4;137
61352;175;5;180
61357;200;3;203
61358;225;5;230
61360;91;2;93
61361;173;6;179
61362;543;19;562
61363;58;2;60
61365;406;9;415
61366;134;2;136
61367;131;2;133
61369;1026;37;1063
61370;150;2;152
61371;135;2;137
61372;115;4;119
61373;245;8;253
61374;96;4;100
61375;1190;36;1226
61376;864;18;882
61379;233;5;238
61381;59;5;64
61382;1128;19;1147
61384;256;2;258
61385;338;8;346
61386;442;31;473
61387;539;18;557
61388;157;2;159
61389;1041;23;1064
61390;158;1;159
61391;3152;113;3265
61392;142;4;146
61393;135;5;140
61394;797;20;817
61395;238;7;245
61396;80;5;85
61397;3780;132;3912
61398;59;1;60
61399;73;3;76
61400;361;7;368
61401;106;4;110
61402;307;8;315
61404;629;21;650
61405;531;12;543
61406;316;5;321
61407;698;13;711
61408;329;9;338
61411;280;11;291
61412;676;15;691
61413;138;4;142
61414;888;21;909
61415;319;6;325
61416;77;1;78
61418;417;11;428
61419;216;7;223
61420;88;1;89
61421;661;18;679
61422;617;15;632
61423;642;27;669
61424;199;4;203
61425;145;2;147
61426;562;17;579
61427;194;4;198
61429;784;16;800
61432;607;22;629
61433;284;8;292
61435;272;4;276
61436;235;2;237
61438;174;5;179
61439;121;4;125
61440;828;35;863
61442;218;6;224
61443;689;15;704
61444;119;3;122
61445;668;10;678
61446;155;5;160
61447;1404;20;1424
61448;431;6;437
61450;72;1;73
61451;311;6;317
61452;175;0;175
61453;245;7;252
61454;598;16;614
61456;1670;49;1719
61457;479;8;487
61459;308;6;314
61460;960;10;970
61461;127;3;130
61462;1039;34;1073
61463;1726;34;1760
61464;4198;444;4642
61466;1478;39;1517
61467;338;11;349
61472;305;12;317
61473;267;6;273
61474;3700;80;3780
61475;668;15;683
61476;276;5;281
61479;157;4;161
61480;232;5;237
61481;75;3;78
61482;381;9;390
61483;2732;51;2783
61484;3432;73;3505
61485;198;7;205
61486;4882;87;4969
61487;299;4;303
61488;90;2;92
61490;302;1;303
61491;3092;50;3142
61492;119;4;123
61493;60;5;65
61494;1235;66;1301
61497;1768;29;1797
61498;101;4;105
61499;146;3;149
61500;124;4;128
61501;423;5;428
61502;99;0;99
61503;196;4;200
61505;214;6;220
61507;282;5;287
61508;3116;87;3203
61510;231;4;235
61512;106;3;109
62001;1877;38;1915
62002;229;3;232
62003;604;22;626
62004;7957;108;8065
62005;971;5;976
62006;311;5;316
62007;798;5;803
62008;808;11;819
62009;274;7;281
62010;250;0;250
62011;654;16;670
62012;255;4;259
62013;1899;35;1934
62014;9691;265;9956
62015;238;2;240
62016;190;5;195
62017;203;1;204
62018;267;5;272
62019;3923;42;3965
62020;624;11;635
62021;383;1;384
62022;314;10;324
62023;2890;30;2920
62024;984;12;996
62025;1946;30;1976
62026;117;9;126
62027;221;0;221
62028;628;8;636
62029;467;1;468
62030;300;4;304
62031;1554;23;1577
62032;4698;57;4755
62033;4377;25;4402
62034;2143;14;2157
62035;5836;46;5882
62036;748;17;765
62037;2751;87;2838
62038;4403;47;4450
62039;862;17;879
62040;9584;127;9711
62041;41694;788;42482
62042;1045;13;1058
62043;2027;28;2055
62044;784;8;792
62045;1472;19;1491
62046;742;6;748
62047;151;1;152
62048;10272;44;10316
62049;530;2;532
62050;1562;16;1578
62051;4678;32;4710
62052;454;13;467
62053;662;6;668
62054;588;7;595
62055;534;8;542
62056;634;5;639
62057;5434;53;5487
62058;199;5;204
62059;289;14;303
62060;2572;24;2596
62061;292;7;299
62062;54;1;55
62063;1833;31;1864
62064;166;2;168
62065;17625;139;17764
62066;35;2;37
62067;619;4;623
62068;325;7;332
62069;310;8;318
62070;260;5;265
62071;405;7;412
62072;227;3;230
62073;1423;25;1448
62074;232;8;240
62075;1294;30;1324
62076;218;1;219
62077;366;6;372
62078;1227;10;1237
62079;88;0;88
62080;3748;319;4067
62081;477;10;487
62082;312;4;316
62083;7544;44;7588
62084;212;8;220
62085;135;5;140
62086;385;7;392
62087;1002;22;1024
62088;328;6;334
62089;394;13;407
62090;129;5;134
62091;87;1;88
62092;403;3;406
62093;229;0;229
62094;409;4;413
62095;241;1;242
62096;571;3;574
62097;1002;14;1016
62099;5552;62;5614
62100;2089;27;2116
62101;138;1;139
62102;275;3;278
62103;130;2;132
62104;432;7;439
62105;566;16;582
62106;203;6;209
62107;356;9;365
62108;13482;331;13813
62109;220;1;221
62111;283;79;362
62112;516;8;524
62113;487;12;499
62114;168;4;172
62115;467;18;485
62116;184;1;185
62117;916;14;930
62118;143;4;147
62119;25039;349;25388
62120;467;8;475
62121;173;4;177
62122;357;4;361
62123;539;4;543
62124;453;5;458
62125;460;14;474
62126;9219;160;9379
62127;388;11;399
62128;4305;47;4352
62129;97;2;99
62130;651;13;664
62131;343;3;346
62132;4885;40;4925
62133;8177;41;8218
62134;111;2;113
62135;307;3;310
62137;98;1;99
62138;716;13;729
62139;4944;133;5077
62140;501;5;506
62141;877;13;890
62142;160;7;167
62143;49;1;50
62144;465;7;472
62145;444;6;450
62146;274;0;274
62147;410;5;415
62148;819;9;828
62149;245;8;253
62150;499;7;506
62151;512;10;522
62152;244;3;247
62153;645;7;652
62154;676;14;690
62155;639;14;653
62156;559;13;572
62157;79;3;82
62158;582;13;595
62160;40251;436;40687
62161;786;5;791
62162;606;6;612
62163;248;3;251
62164;1141;18;1159
62165;233;5;238
62166;624;7;631
62167;253;4;257
62168;845;12;857
62169;238;6;244
62170;2372;93;2465
62171;131;2;133
62172;360;3;363
62173;5088;63;5151
62174;1290;13;1303
62175;159;5;164
62176;655;18;673
62177;855;22;877
62178;21903;367;22270
62179;412;7;419
62180;291;6;297
62181;1445;90;1535
62182;235;7;242
62183;765;4;769
62184;282;3;285
62185;235;1;236
62186;12156;77;12233
62187;183;2;185
62188;2833;31;2864
62189;133;2;135
62190;1257;19;1276
62191;732;3;735
62192;431;7;438
62193;72509;625;73134
62194;5507;33;5540
62195;1540;20;1560
62196;614;11;625
62197;1779;16;1795
62198;342;10;352
62199;663;126;789
62200;1229;13;1242
62201;2730;40;2770
62202;667;98;765
62203;449;11;460
62204;1942;37;1979
62205;1273;27;1300
62206;289;15;304
62207;551;22;573
62208;71;2;73
62209;154;10;164
62211;220;4;224
62212;505;11;516
62213;780;11;791
62214;588;11;599
62215;17557;103;17660
62216;207;2;209
62217;2744;15;2759
62218;337;8;345
62219;159;4;163
62220;449;6;455
62221;249;5;254
62222;159;2;161
62223;291;5;296
62224;2831;27;2858
62225;606;11;617
62227;188;2;190
62228;327;3;330
62229;793;16;809
62230;971;13;984
62231;131;0;131
62232;904;15;919
62233;1125;14;1139
62234;222;4;226
62235;2485;89;2574
62236;341;9;350
62237;505;10;515
62238;84;1;85
62239;2602;34;2636
62240;2302;17;2319
62241;310;5;315
62242;96;5;101
62243;125;3;128
62244;5430;206;5636
62245;760;7;767
62246;154;0;154
62247;604;11;615
62248;469;6;475
62249;8104;39;8143
62250;10554;96;10650
62251;512;191;703
62252;2677;71;2748
62253;71;0;71
62254;602;15;617
62255;793;15;808
62256;152;2;154
62257;470;10;480
62258;266;5;271
62259;1970;24;1994
62260;330;3;333
62261;5059;93;5152
62262;1746;23;1769
62263;5681;112;5793
62264;1346;4;1350
62265;1183;16;1199
62266;89;2;91
62267;395;6;401
62268;4875;39;4914
62269;733;11;744
62270;6963;40;7003
62271;834;17;851
62272;311;2;313
62273;618;9;627
62274;5928;44;5972
62275;303;7;310
62276;5680;46;5726
62277;2926;12;2938
62278;615;19;634
62279;1347;125;1472
62280;329;2;331
62281;387;6;393
62282;180;0;180
62283;134;0;134
62284;1685;19;1704
62285;492;9;501
62286;506;4;510
62288;2165;44;2209
62289;704;21;725
62290;381;7;388
62291;2840;31;2871
62292;876;15;891
62293;234;5;239
62295;1623;27;1650
62296;281;2;283
62297;3696;46;3742
62298;548;10;558
62299;248;5;253
62300;2662;35;2697
62301;80;1;81
62302;234;2;236
62303;245;6;251
62304;332;2;334
62306;392;3;395
62307;217;9;226
62308;476;10;486
62309;1632;21;1653
62310;1755;19;1774
62311;2039;10;2049
62312;292;6;298
62313;917;6;923
62314;364;2;366
62315;348;9;357
62316;196;6;202
62317;454;3;457
62318;10912;113;11025
62319;258;3;261
62320;311;8;319
62321;4625;26;4651
62322;114;1;115
62323;1203;21;1224
62324;590;14;604
62325;961;20;981
62326;244;5;249
62327;609;4;613
62328;909;10;919
62329;1768;20;1788
62330;1283;24;1307
62331;1024;20;1044
62332;508;10;518
62333;387;6;393
62334;868;16;884
62335;516;5;521
62336;480;7;487
62337;222;5;227
62338;2698;55;2753
62339;111;1;112
62340;883;7;890
62341;420;8;428
62342;105;1;106
62343;265;2;267
62344;108;3;111
62345;99;1;100
62346;214;4;218
62347;129;3;132
62348;165;2;167
62349;1609;23;1632
62350;1131;20;1151
62351;6434;38;6472
62352;106;2;108
62353;236;6;242
62354;870;17;887
62355;581;5;586
62356;797;8;805
62357;71;1;72
62358;228;6;234
62359;580;13;593
62360;1389;14;1403
62361;3423;56;3479
62362;240;3;243
62363;382;9;391
62364;2352;242;2594
62365;201;0;201
62366;312;7;319
62367;830;37;867
62368;203;0;203
62369;784;17;801
62370;125;1;126
62371;2030;45;2075
62372;150;3;153
62373;1040;11;1051
62374;153;8;161
62375;91;1;92
62376;2508;38;2546
62377;956;7;963
62378;200;4;204
62379;326;8;334
62380;347;1;348
62381;132;2;134
62382;652;13;665
62383;1386;19;1405
62384;646;8;654
62385;385;5;390
62386;6799;32;6831
62387;360;10;370
62388;297;1;298
62389;30;2;32
62390;1531;44;1575
62391;1399;14;1413
62392;361;9;370
62393;1097;21;1118
62395;133;4;137
62396;15;1;16
62397;5618;79;5697
62398;273;12;285
62399;659;14;673
62400;4837;37;4874
62401;4398;33;4431
62402;313;6;319
62403;1206;15;1221
62404;203;2;205
62405;481;10;491
62406;263;8;271
62407;959;13;972
62408;1457;18;1475
62409;195;3;198
62410;182;6;188
62411;53;0;53
62412;1209;6;1215
62413;12237;92;12329
62414;219;2;221
62415;435;9;444
62416;216;1;217
62418;312;8;320
62419;179;1;180
62421;405;11;416
62422;520;6;526
62423;1720;30;1750
62424;314;11;325
62425;137;4;141
62426;183;2;185
62427;25992;374;26366
62428;524;7;531
62429;287;4;291
62430;166;2;168
62432;398;8;406
62433;87;6;93
62434;141;5;146
62435;106;1;107
62436;164;3;167
62437;307;7;314
62438;533;8;541
62439;424;3;427
62440;1200;21;1221
62441;209;2;211
62442;565;5;570
62443;6245;41;6286
62444;228;6;234
62445;823;17;840
62446;718;22;740
62447;2216;14;2230
62448;1902;28;1930
62449;159;6;165
62450;231;6;237
62451;498;10;508
62452;1360;36;1396
62453;126;3;129
62454;2400;47;2447
62455;112;1;113
62456;710;12;722
62457;7110;57;7167
62458;1147;13;1160
62459;238;4;242
62460;272;7;279
62461;884;10;894
62462;144;5;149
62463;443;37;480
62464;3405;18;3423
62465;222;0;222
62466;232;1;233
62467;180;0;180
62468;218;2;220
62469;593;7;600
62470;86;0;86
62471;1066;22;1088
62472;161;6;167
62473;8717;78;8795
62474;1160;21;1181
62475;248;3;251
62476;1049;11;1060
62477;729;17;746
62478;279;5;284
62479;1660;14;1674
62480;2893;22;2915
62481;154;3;157
62483;247;2;249
62484;323;6;329
62485;369;1;370
62486;1062;14;1076
62487;1268;22;1290
62488;769;20;789
62489;3471;29;3500
62490;276;3;279
62491;4979;83;5062
62492;243;3;246
62493;233;4;237
62494;47;1;48
62495;331;6;337
62496;234;6;240
62497;7248;50;7298
62498;31461;187;31648
62499;287;8;295
62500;409;3;412
62501;219;2;221
62502;4728;73;4801
62503;293;6;299
62504;256;7;263
62505;498;9;507
62506;1625;20;1645
62507;295;6;301
62508;380;10;390
62509;330;5;335
62510;30112;363;30475
62511;141;1;142
62512;574;15;589
62513;190;6;196
62514;247;3;250
62515;521;17;538
62516;9810;88;9898
62517;196;6;202
62518;165;1;166
62519;605;8;613
62520;2396;58;2454
62521;206;4;210
62522;271;3;274
62523;5366;52;5418
62524;1487;18;1505
62525;10563;519;11082
62526;144;2;146
62527;253;6;259
62528;6879;62;6941
62529;1568;18;1586
62530;535;9;544
62531;950;19;969
62532;1291;13;1304
62533;146;3;149
62534;3601;74;3675
62535;154;8;162
62536;643;5;648
62537;108;4;112
62538;444;9;453
62539;242;3;245
62540;1707;15;1722
62541;121;4;125
62542;202;4;206
62543;2004;32;2036
62544;182;1;183
62545;147;0;147
62546;296;16;312
62547;62;1;63
62548;10529;125;10654
62549;1079;64;1143
62550;1099;20;1119
62551;237;2;239
62552;1030;8;1038
62553;284;6;290
62554;105;0;105
62555;5542;26;5568
62556;308;4;312
62557;2457;55;2512
62558;176;1;177
62559;964;14;978
62560;5083;61;5144
62561;194;1;195
62562;174;3;177
62563;8033;42;8075
62564;469;9;478
62565;77;0;77
62566;670;17;687
62567;637;9;646
62568;716;10;726
62569;662;6;668
62570;11267;69;11336
62571;3401;70;3471
62572;624;10;634
62573;3748;23;3771
62574;232;5;237
62576;144;0;144
62577;81;2;83
62578;95;2;97
62579;550;5;555
62580;515;11;526
62581;298;3;301
62582;647;37;684
62583;568;9;577
62584;1337;33;1370
62585;399;5;404
62586;451;5;456
62587;10180;54;10234
62588;1935;124;2059
62589;1014;20;1034
62590;61;0;61
62591;209;5;214
62592;557;12;569
62593;91;0;91
62594;307;3;310
62595;1131;29;1160
62596;243;5;248
62597;283;3;286
62598;727;7;734
62599;223;7;230
62600;150;3;153
62601;351;5;356
62602;203;2;205
62603;1029;8;1037
62604;3745;72;3817
62605;27;0;27
62606;1450;12;1462
62607;66;3;69
62608;168;1;169
62609;1571;37;1608
62610;649;9;658
62611;502;8;510
62612;581;12;593
62613;890;9;899
62614;580;14;594
62615;288;5;293
62616;182;2;184
62617;11575;70;11645
62618;1315;14;1329
62619;147;2;149
62620;1384;22;1406
62621;1700;30;1730
62622;258;3;261
62623;704;8;712
62624;5773;32;5805
62625;56;2;58
62626;2329;20;2349
62627;820;20;840
62628;6632;47;6679
62629;165;1;166
62630;299;5;304
62631;496;8;504
62632;380;6;386
62633;251;3;254
62634;1178;19;1197
62635;200;2;202
62636;267;14;281
62637;9993;48;10041
62638;1195;14;1209
62639;388;9;397
62640;381;1;382
62641;220;3;223
62642;763;9;772
62643;13378;170;13548
62644;503;7;510
62645;5583;84;5667
62646;570;7;577
62647;745;15;760
62648;508;11;519
62649;756;10;766
62650;754;8;762
62651;486;6;492
62652;1633;29;1662
62653;418;19;437
62654;782;11;793
62655;308;7;315
62656;947;27;974
62657;499;7;506
62658;119;9;128
62659;95;3;98
62660;460;7;467
62661;506;9;515
62662;864;21;885
62663;305;4;309
62664;236;5;241
62665;215;6;221
62666;3134;17;3151
62667;9071;114;9185
62668;190;2;192
62669;314;5;319
62670;618;7;625
62671;321;4;325
62672;652;5;657
62673;647;8;655
62674;555;18;573
62675;275;2;277
62676;451;7;458
62677;347;5;352
62678;691;3;694
62679;318;8;326
62680;731;13;744
62681;627;23;650
62682;64;0;64
62683;236;3;239
62684;2234;31;2265
62685;270;163;433
62686;359;6;365
62688;4307;117;4424
62689;393;2;395
62690;239;7;246
62691;813;13;826
62692;367;4;371
62693;1076;22;1098
62694;188;2;190
62695;263;2;265
62696;236;3;239
62697;229;0;229
62698;273;5;278
62699;644;13;657
62700;215;1;216
62701;451;2;453
62702;357;6;363
62703;384;3;387
62704;598;18;616
62705;2092;16;2108
62706;2646;57;2703
62708;32;1;33
62709;253;5;258
62710;169;4;173
62711;3038;30;3068
62712;1127;29;1156
62713;1342;23;1365
62714;784;18;802
62715;287;0;287
62716;540;6;546
62717;534;10;544
62718;1413;22;1435
62719;281;35;316
62720;44;2;46
62721;1936;49;1985
62722;89;3;92
62723;239;1;240
62724;8945;37;8982
62725;139;0;139
62726;203;5;208
62727;1542;23;1565
62728;683;11;694
62729;250;6;256
62730;1626;22;1648
62731;283;3;286
62732;330;2;332
62733;310;2;312
62734;689;8;697
62735;2404;17;2421
62736;3910;72;3982
62737;6060;34;6094
62738;157;4;161
62739;325;3;328
62740;304;9;313
62741;119;3;122
62742;269;6;275
62743;389;8;397
62744;3562;58;3620
62745;159;1;160
62746;5130;65;5195
62747;619;16;635
62748;2292;41;2333
62749;334;6;340
62750;810;9;819
62751;796;9;805
62752;1130;26;1156
62753;6542;64;6606
62754;474;4;478
62755;3410;52;3462
62756;1649;30;1679
62757;5923;134;6057
62758;11136;182;11318
62759;473;8;481
62760;279;7;286
62761;210;4;214
62762;121;5;126
62763;863;16;879
62764;4687;53;4740
62765;14903;656;15559
62766;1115;12;1127
62767;4909;161;5070
62768;105;2;107
62769;760;14;774
62770;3062;86;3148
62771;9594;41;9635
62772;479;25;504
62773;4666;147;4813
62774;4845;128;4973
62775;349;2;351
62776;195;4;199
62777;167;1;168
62778;78;1;79
62779;187;1;188
62780;364;3;367
62781;461;3;464
62782;435;8;443
62783;317;5;322
62784;775;12;787
62785;895;185;1080
62786;329;3;332
62787;317;3;320
62788;693;16;709
62789;281;1;282
62790;162;4;166
62791;51;0;51
62792;1151;32;1183
62793;1120;19;1139
62794;595;11;606
62795;112;2;114
62796;557;12;569
62797;272;3;275
62798;239;7;246
62799;882;27;909
62800;377;3;380
62801;2594;49;2643
62802;175;2;177
62803;637;5;642
62804;369;5;374
62805;269;1;270
62806;151;4;155
62808;257;0;257
62809;137;3;140
62810;1207;36;1243
62811;1099;25;1124
62812;831;7;838
62813;506;2;508
62814;101;1;102
62815;174;0;174
62816;220;5;225
62817;1435;119;1554
62818;154;1;155
62819;1084;30;1114
62820;816;19;835
62821;294;7;301
62822;92;3;95
62823;173;5;178
62824;212;5;217
62825;838;8;846
62826;4227;274;4501
62827;1400;17;1417
62828;59;0;59
62829;433;3;436
62830;176;2;178
62831;300;7;307
62832;563;18;581
62833;77;2;79
62834;249;4;253
62835;554;19;573
62836;1054;29;1083
62837;506;8;514
62838;90;3;93
62839;1023;9;1032
62840;133;0;133
62841;2436;24;2460
62842;8479;44;8523
62843;236;2;238
62844;634;14;648
62845;483;4;487
62846;4765;41;4806
62847;2019;24;2043
62848;3501;34;3535
62849;2491;54;2545
62850;344;6;350
62851;805;19;824
62852;1420;11;1431
62853;381;10;391
62854;599;10;609
62855;255;1;256
62856;366;4;370
62857;130;9;139
62858;257;5;262
62859;261;4;265
62860;121;3;124
62861;4358;79;4437
62862;156;3;159
62863;3773;33;3806
62864;649;15;664
62865;4675;52;4727
62866;438;15;453
62867;269;7;276
62868;259;6;265
62869;1083;32;1115
62870;1029;24;1053
62871;256;1;257
62872;233;5;238
62873;642;10;652
62874;716;15;731
62875;1363;23;1386
62876;134;2;136
62877;159;5;164
62878;379;7;386
62879;233;3;236
62880;202;3;205
62881;377;10;387
62882;1239;34;1273
62883;195;0;195
62885;256;1;257
62886;267;3;270
62887;243;1;244
62888;225;0;225
62889;872;19;891
62890;183;1;184
62891;136;4;140
62892;649;20;669
62893;6343;162;6505
62894;3987;80;4067
62895;8756;64;8820
62896;738;21;759
62897;511;9;520
62898;220;9;229
62899;854;17;871
62900;587;15;602
62901;993;13;1006
62902;3292;53;3345
62903;620;4;624
62904;593;10;603
62905;987;48;1035
62906;1784;22;1806
62907;8321;40;8361
62908;1616;38;1654
62909;434;5;439
63001;2767;34;2801
63002;94;0;94
63003;6655;245;6900
63004;1694;29;1723
63005;407;5;412
63006;173;2;175
63007;164;3;167
63008;585;10;595
63009;592;6;598
63010;1817;39;1856
63011;221;12;233
63012;912;17;929
63013;924;12;936
63014;10904;154;11058
63015;236;2;238
63016;887;25;912
63017;195;1;196
63019;4095;39;4134
63020;362;12;374
63021;690;8;698
63022;2004;28;2032
63023;377;10;387
63024;182;4;186
63025;139;5;144
63026;2466;46;2512
63027;111;1;112
63028;416;16;432
63029;258;3;261
63030;340;6;346
63031;467;5;472
63032;10664;225;10889
63033;306;2;308
63034;1537;27;1564
63035;1238;19;1257
63036;319;4;323
63037;455;14;469
63038;1497;68;1565
63039;289;10;299
63040;4777;81;4858
63041;320;9;329
63042;3840;57;3897
63043;440;3;443
63044;429;7;436
63045;689;17;706
63046;292;4;296
63047;1768;36;1804
63048;865;27;892
63049;729;7;736
63050;3362;122;3484
63051;628;13;641
63052;1039;86;1125
63053;261;11;272
63054;693;17;710
63055;982;16;998
63056;336;4;340
63057;242;6;248
63058;534;9;543
63059;218;5;223
63060;91;0;91
63061;469;7;476
63062;236;2;238
63063;8805;110;8915
63064;78;0;78
63065;174;3;177
63066;1677;31;1708
63067;164;2;166
63069;5510;59;5569
63070;6364;131;6495
63071;691;11;702
63072;1200;16;1216
63073;432;14;446
63074;183;0;183
63075;17276;573;17849
63076;149;2;151
63077;423;4;427
63079;151;2;153
63080;1405;22;1427
63081;271;6;277
63082;403;9;412
63083;927;27;954
63084;1703;36;1739
63085;1119;7;1126
63086;337;12;349
63087;66;1;67
63088;83;0;83
63089;1630;26;1656
63090;505;8;513
63091;901;15;916
63092;1789;26;1815
63093;1122;22;1144
63094;489;5;494
63095;206;3;209
63096;387;6;393
63097;79;2;81
63098;223;8;231
63099;3105;53;3158
63100;324;4;328
63101;68;1;69
63102;773;14;787
63103;6239;183;6422
63104;113;5;118
63105;229;6;235
63106;1699;18;1717
63107;494;8;502
63108;677;14;691
63109;527;13;540
63110;463;5;468
63111;120;5;125
63112;620;7;627
63113;147865;2731;150596
63114;158;1;159
63115;221;4;225
63116;2170;34;2204
63117;128;3;131
63118;414;7;421
63119;227;3;230
63120;762;9;771
63121;1269;15;1284
63122;62;1;63
63123;236;7;243
63124;20322;366;20688
63125;4017;147;4164
63126;1269;26;1295
63128;963;16;979
63129;167;1;168
63130;259;11;270
63131;1126;19;1145
63132;1297;26;1323
63134;68;2;70
63135;609;5;614
63136;388;8;396
63137;175;4;179
63138;709;9;718
63139;656;8;664
63140;211;5;216
63141;2057;48;2105
63142;252;12;264
63143;1131;18;1149
63144;341;9;350
63145;151;6;157
63146;808;64;872
63147;253;3;256
63148;2520;53;2573
63149;675;9;684
63150;1543;31;1574
63151;1344;38;1382
63152;291;4;295
63153;106;2;108
63154;436;6;442
63155;482;14;496
63156;59;0;59
63157;367;10;377
63158;106;6;112
63159;134;0;134
63160;926;32;958
63161;320;10;330
63162;320;8;328
63163;954;57;1011
63164;10289;86;10375
63165;797;36;833
63166;241;5;246
63167;401;6;407
63168;580;13;593
63169;16;0;16
63170;623;15;638
63171;329;13;342
63172;53;2;55
63173;200;7;207
63174;120;2;122
63175;236;8;244
63176;106;3;109
63177;408;10;418
63178;15296;405;15701
63179;1027;30;1057
63180;1132;17;1149
63181;551;14;565
63182;589;15;604
63183;65;0;65
63184;279;4;283
63185;639;8;647
63186;228;8;236
63187;523;12;535
63188;589;16;605
63189;370;4;374
63190;278;7;285
63191;104;3;107
63192;643;31;674
63193;8677;435;9112
63194;389;7;396
63195;6256;73;6329
63196;749;13;762
63197;127;2;129
63198;1384;19;1403
63199;516;5;521
63200;907;18;925
63201;1134;17;1151
63202;107;3;110
63203;1165;18;1183
63204;1132;20;1152
63205;467;4;471
63206;1387;19;1406
63207;813;11;824
63208;292;5;297
63209;209;5;214
63210;3125;50;3175
63211;1455;47;1502
63212;1425;37;1462
63213;2149;21;2170
63214;3984;55;4039
63215;676;7;683
63216;117;4;121
63218;198;6;204
63219;716;11;727
63220;96;3;99
63221;122;0;122
63222;489;8;497
63223;538;11;549
63224;1623;24;1647
63225;1048;40;1088
63226;3435;76;3511
63227;2380;59;2439
63228;294;10;304
63229;1226;23;1249
63230;228;5;233
63231;1685;34;1719
63232;541;13;554
63233;982;9;991
63234;875;17;892
63235;538;6;544
63236;1279;18;1297
63237;427;6;433
63238;228;1;229
63239;720;23;743
63240;465;9;474
63241;326;15;341
63242;380;10;390
63243;378;6;384
63244;1786;26;1812
63245;3876;66;3942
63246;483;17;500
63247;580;10;590
63248;847;21;868
63249;523;10;533
63250;858;18;876
63251;296;7;303
63252;379;7;386
63253;239;2;241
63254;2218;36;2254
63255;595;16;611
63256;150;2;152
63257;829;11;840
63258;763;20;783
63259;313;10;323
63260;158;5;163
63261;843;29;872
63262;2756;40;2796
63263;3493;105;3598
63264;247;1;248
63265;2192;43;2235
63267;532;17;549
63268;290;4;294
63269;882;15;897
63270;499;15;514
63271;1490;37;1527
63272;2705;52;2757
63273;1507;32;1539
63274;428;15;443
63275;891;19;910
63276;2121;45;2166
63277;65;0;65
63278;706;6;712
63279;318;6;324
63280;345;6;351
63281;1062;19;1081
63282;1713;21;1734
63283;634;114;748
63284;12182;305;12487
63285;762;17;779
63286;270;5;275
63287;344;7;351
63288;453;14;467
63289;261;9;270
63290;403;9;412
63291;2790;46;2836
63292;150;5;155
63293;215;8;223
63294;289;6;295
63295;1591;15;1606
63296;762;15;777
63297;382;3;385
63298;127;4;131
63299;103;0;103
63300;19004;758;19762
63301;747;9;756
63302;3483;67;3550
63303;41;1;42
63304;110;0;110
63305;860;143;1003
63306;622;10;632
63307;7791;178;7969
63308;4359;118;4477
63309;308;3;311
63310;173;2;175
63311;339;2;341
63312;151;4;155
63313;111;5;116
63314;494;27;521
63315;1747;38;1785
63317;529;3;532
63318;462;9;471
63319;706;25;731
63320;218;5;223
63321;935;15;950
63322;2218;30;2248
63323;167;3;170
63324;205;8;213
63325;418;6;424
63326;513;8;521
63327;2035;39;2074
63328;51;2;53
63329;127;5;132
63330;351;7;358
63331;232;6;238
63332;539;10;549
63333;230;8;238
63334;542;20;562
63335;525;12;537
63336;201;4;205
63337;61;1;62
63338;3572;141;3713
63339;134;2;136
63340;259;3;262
63341;547;16;563
63342;245;7;252
63343;279;7;286
63344;144;4;148
63345;3659;105;3764
63346;218;7;225
63347;464;18;482
63348;182;1;183
63349;1933;49;1982
63350;1287;19;1306
63351;72;2;74
63352;2008;42;2050
63353;483;27;510
63354;1273;144;1417
63355;224;4;228
63356;335;13;348
63357;116;2;118
63358;360;3;363
63359;85;1;86
63360;154;3;157
63362;915;17;932
63363;281;6;287
63364;664;8;672
63365;431;11;442
63366;353;3;356
63367;123;1;124
63368;1299;26;1325
63369;120;3;123
63370;365;5;370
63371;154;5;159
63372;670;5;675
63373;189;4;193
63374;287;7;294
63375;166;1;167
63376;148;7;155
63377;372;6;378
63378;941;8;949
63379;517;6;523
63380;762;3;765
63381;1650;22;1672
63382;393;13;406
63383;250;5;255
63384;132;5;137
63385;443;9;452
63386;483;5;488
63387;863;17;880
63388;702;17;719
63389;111;2;113
63390;384;13;397
63391;238;4;242
63392;579;9;588
63393;1754;33;1787
63394;207;6;213
63395;972;19;991
63396;1164;70;1234
63397;1128;20;1148
63398;88;3;91
63399;85;6;91
63400;1076;19;1095
63401;252;6;258
63402;250;7;257
63403;414;11;425
63404;608;11;619
63405;584;12;596
63406;303;6;309
63407;280;7;287
63408;166;5;171
63409;279;2;281
63410;138;3;141
63411;475;9;484
63412;529;7;536
63413;710;12;722
63414;551;12;563
63415;1296;13;1309
63416;93;3;96
63417;2429;46;2475
63418;575;9;584
63419;549;12;561
63420;799;9;808
63421;160;5;165
63422;510;9;519
63423;602;9;611
63424;580;12;592
63425;1499;42;1541
63426;766;17;783
63427;486;15;501
63428;283;2;285
63429;32;2;34
63430;11784;368;12152
63431;162;1;163
63432;915;38;953
63433;73;3;76
63434;514;24;538
63435;215;6;221
63436;75;0;75
63437;151;4;155
63438;483;5;488
63439;298;2;300
63440;125;0;125
63441;208;3;211
63442;52;3;55
63443;417;12;429
63444;300;4;304
63445;302;5;307
63446;523;4;527
63447;65;4;69
63448;813;64;877
63449;302;4;306
63450;236;10;246
63451;413;17;430
63452;72;1;73
63453;3258;32;3290
63454;537;10;547
63455;3635;57;3692
63456;343;14;357
63457;5189;99;5288
63458;151;1;152
63459;526;4;530
63460;366;10;376
63461;359;3;362
63462;268;5;273
63463;516;9;525
63464;346;12;358
63465;405;9;414
63466;196;3;199
63467;30;1;31
63468;300;9;309
63469;720;16;736
63470;4623;71;4694
63471;904;19;923
63472;652;17;669
63473;392;7;399
64001;186;7;193
64002;167;1;168
64003;214;8;222
64004;107;1;108
64005;544;13;557
64006;458;12;470
64007;1037;26;1063
64008;269;9;278
64009;2071;32;2103
64010;667;16;683
64011;115;6;121
64012;136;1;137
64013;172;5;177
64014;670;7;677
64015;215;3;218
64016;324;6;330
64017;330;4;334
64018;450;9;459
64019;233;1;234
64021;662;21;683
64022;136;3;139
64023;911;23;934
64024;39719;1121;40840
64025;97;5;102
64026;380;10;390
64027;188;3;191
64028;136;2;138
64029;665;15;680
64031;174;3;177
64032;183;8;191
64033;134;1;135
64034;297;6;303
64035;2342;62;2404
64036;317;7;324
64037;1214;22;1236
64038;3195;81;3276
64039;245;1;246
64040;1074;33;1107
64041;763;11;774
64042;702;23;725
64043;289;4;293
64044;78;1;79
64045;77;1;78
64046;396;5;401
64047;236;3;239
64048;130;1;131
64049;232;8;240
64050;95;3;98
64051;406;5;411
64052;108;0;108
64053;190;3;193
64054;767;21;788
64056;139;2;141
64057;1835;42;1877
64058;472;10;482
64059;1083;28;1111
64060;1851;52;1903
64061;3428;64;3492
64062;2239;46;2285
64063;1057;21;1078
64064;449;9;458
64065;4359;113;4472
64066;329;9;338
64067;1942;45;1987
64068;2004;51;2055
64069;231;6;237
64070;307;1;308
64071;210;5;215
64072;651;14;665
64073;260;5;265
64074;45;0;45
64075;166;1;167
64077;173;3;176
64078;230;6;236
64079;102;3;105
64080;790;24;814
64081;239;2;241
64082;140;1;141
64083;203;3;206
64084;140;2;142
64085;109;1;110
64086;1094;33;1127
64087;865;22;887
64088;299;9;308
64089;143;1;144
64090;121;2;123
64091;494;7;501
64092;346;7;353
64093;641;5;646
64094;1828;49;1877
64095;592;12;604
64096;175;1;176
64097;609;11;620
64098;65;2;67
64099;98;4;102
64100;3231;95;3326
64101;585;114;699
64102;51894;1169;53063
64103;207;3;210
64104;600;15;615
64105;271;12;283
64106;520;9;529
64107;73;3;76
64108;909;11;920
64109;1943;44;1987
64110;220;2;222
64111;109;1;110
64112;427;4;431
64113;116;5;121
64114;586;9;595
64115;159;68;227
64116;245;5;250
64117;145;4;149
64118;50;0;50
64119;673;21;694
64120;530;7;537
64121;193;2;195
64122;25787;721;26508
64123;1358;26;1384
64124;663;15;678
64125;6975;138;7113
64126;1109;30;1139
64127;390;14;404
64128;159;5;164
64129;12793;230;13023
64130;1228;20;1248
64131;637;21;658
64132;4563;126;4689
64133;1347;27;1374
64134;369;7;376
64135;794;14;808
64136;136;5;141
64137;676;20;696
64138;2887;52;2939
64139;988;23;1011
64140;8627;170;8797
64141;375;9;384
64142;844;27;871
64143;157;0;157
64144;165;2;167
64145;513;8;521
64146;334;4;338
64147;2878;45;2923
64148;870;25;895
64149;243;6;249
64150;131;2;133
64151;99;5;104
64152;1927;54;1981
64153;67;1;68
64154;206;1;207
64155;104;1;105
64156;476;14;490
64157;988;22;1010
64158;173;7;180
64159;117;4;121
64160;6622;109;6731
64161;996;19;1015
64162;101;3;104
64165;300;1;301
64166;193;9;202
64167;217;5;222
64168;667;15;682
64170;200;2;202
64171;260;2;262
64172;302;3;305
64173;162;1;163
64174;52;1;53
64175;153;4;157
64176;166;4;170
64177;624;25;649
64178;464;15;479
64179;133;6;139
64180;212;5;217
64181;330;4;334
64182;69;1;70
64183;598;18;616
64184;612;27;639
64185;61;1;62
64186;216;3;219
64187;254;9;263
64188;1083;154;1237
64189;6211;180;6391
64190;236;8;244
64191;2170;142;2312
64192;111;1;112
64193;98;2;100
64194;382;9;391
64195;95;2;97
64196;121;0;121
64197;189;5;194
64198;1766;50;1816
64199;142;4;146
64200;182;3;185
64201;227;7;234
64202;464;11;475
64203;317;7;324
64204;193;3;196
64205;237;2;239
64206;123;1;124
64207;423;12;435
64208;425;8;433
64209;438;8;446
64210;145;1;146
64211;361;4;365
64212;142;2;144
64213;1985;47;2032
64214;491;16;507
64215;105;3;108
64216;1190;46;1236
64217;538;12;550
64218;328;1;329
64219;260;6;266
64220;505;12;517
64221;154;29;183
64222;75;0;75
64223;59;2;61
64224;638;17;655
64225;615;16;631
64226;177;1;178
64227;667;13;680
64228;270;2;272
64229;127;5;132
64230;5585;107;5692
64231;498;8;506
64232;220;2;222
64233;1356;23;1379
64234;261;9;270
64235;281;8;289
64236;54;1;55
64237;3652;132;3784
64238;1969;53;2022
64239;139;1;140
64240;183;7;190
64241;477;6;483
64242;75;0;75
64243;201;2;203
64244;255;10;265
64245;576;14;590
64246;303;7;310
64247;474;13;487
64249;1326;36;1362
64250;1001;33;1034
64251;221;8;229
64252;880;27;907
64253;419;10;429
64254;576;18;594
64255;621;5;626
64256;7498;281;7779
64257;350;1;351
64258;86;1;87
64259;736;16;752
64260;16967;437;17404
64261;389;2;391
64262;275;6;281
64263;128;4;132
64264;61;2;63
64265;93;0;93
64266;243;9;252
64267;77;1;78
64268;275;4;279
64269;4903;161;5064
64270;974;48;1022
64271;537;8;545
64272;145;1;146
64273;912;13;925
64274;364;2;366
64275;672;13;685
64276;236;6;242
64277;517;13;530
64279;2168;66;2234
64280;432;3;435
64281;145;3;148
64282;1168;31;1199
64283;195;1;196
64284;7102;240;7342
64285;206;6;212
64286;432;13;445
64287;139;3;142
64288;556;13;569
64289;961;34;995
64290;604;17;621
64291;318;6;324
64292;255;2;257
64293;170;2;172
64294;159;3;162
64295;115;3;118
64296;152;4;156
64297;169;4;173
64298;131;0;131
64299;193;6;199
64300;725;12;737
64301;1158;30;1188
64302;468;12;480
64303;157;8;165
64304;2506;55;2561
64305;517;12;529
64306;699;21;720
64307;209;3;212
64308;264;5;269
64309;204;5;209
64310;493;8;501
64311;156;2;158
64312;305;9;314
64313;275;5;280
64314;436;3;439
64315;1105;27;1132
64316;195;2;197
64317;2140;31;2171
64318;182;5;187
64319;183;0;183
64320;1185;23;1208
64321;245;5;250
64322;337;6;343
64323;102;3;105
64324;1750;40;1790
64325;208;4;212
64326;118;4;122
64327;170;4;174
64328;1029;29;1058
64329;1257;59;1316
64330;250;9;259
64331;768;16;784
64332;166;4;170
64334;218;3;221
64335;9665;419;10084
64336;168;1;169
64337;150;3;153
64338;189;6;195
64339;825;81;906
64340;84;1;85
64341;135;1;136
64342;201;7;208
64343;734;8;742
64344;381;16;397
64345;203;1;204
64346;206;1;207
64347;209;3;212
64348;13707;250;13957
64349;503;18;521
64350;858;18;876
64351;136;9;145
64352;391;10;401
64353;1042;28;1070
64354;124;1;125
64355;139;2;141
64356;110;0;110
64357;63;0;63
64358;251;1;252
64359;919;20;939
64360;190;6;196
64361;179;8;187
64362;410;22;432
64363;327;4;331
64364;584;10;594
64365;408;7;415
64366;123;0;123
64367;882;25;907
64368;250;7;257
64369;250;11;261
64370;560;16;576
64371;2947;236;3183
64372;94;1;95
64373;1823;43;1866
64374;1139;19;1158
64375;279;4;283
64376;929;26;955
64377;838;23;861
64378;204;128;332
64379;161;5;166
64380;231;5;236
64381;282;9;291
64382;344;10;354
64383;133;1;134
64385;275;2;277
64386;1258;26;1284
64387;606;12;618
64388;116;1;117
64389;366;6;372
64390;159;12;171
64391;306;7;313
64392;83;2;85
64393;4435;105;4540
64394;84;1;85
64395;124;0;124
64396;1137;95;1232
64397;118;6;124
64398;430;8;438
64399;2323;306;2629
64400;1101;46;1147
64401;78;1;79
64403;178;3;181
64404;309;8;317
64405;4356;260;4616
64406;613;16;629
64407;5294;148;5442
64408;60;0;60
64409;831;22;853
64410;6122;180;6302
64411;236;3;239
64412;94;1;95
64413;762;12;774
64414;112;2;114
64415;1522;33;1555
64416;1052;23;1075
64417;3265;236;3501
64418;138;3;141
64419;1597;30;1627
64420;245;5;250
64421;1276;29;1305
64422;10594;639;11233
64423;182;3;185
64424;540;4;544
64425;487;9;496
64426;249;10;259
64427;148;2;150
64428;139;1;140
64429;114;4;118
64430;10369;678;11047
64431;536;9;545
64432;85;1;86
64433;330;19;349
64434;50;1;51
64435;214;9;223
64436;816;22;838
64437;195;2;197
64438;539;13;552
64439;1669;51;1720
64440;388;17;405
64441;261;5;266
64442;335;11;346
64443;860;23;883
64444;462;11;473
64445;75627;1443;77070
64446;157;1;158
64447;140;1;141
64448;1772;50;1822
64449;164;3;167
64450;295;6;301
64451;97;3;100
64452;260;7;267
64453;2925;57;2982
64454;186;2;188
64455;167;3;170
64456;51;3;54
64457;187;4;191
64458;295;8;303
64459;173;2;175
64460;405;7;412
64461;1125;17;1142
64462;494;6;500
64463;663;6;669
64464;83;1;84
64465;224;3;227
64466;266;7;273
64467;849;16;865
64468;122;2;124
64469;311;8;319
64470;656;21;677
64471;361;12;373
64472;866;11;877
64473;358;4;362
64474;158;2;160
64475;195;1;196
64476;411;6;417
64477;1478;39;1517
64478;746;26;772
64479;163;4;167
64480;198;5;203
64481;237;4;241
64482;620;8;628
64483;14196;422;14618
64484;840;17;857
64485;1532;295;1827
64486;67;0;67
64487;206;5;211
64488;447;12;459
64489;332;10;342
64490;538;15;553
64491;202;5;207
64492;292;6;298
64493;1841;67;1908
64494;259;6;265
64495;7037;152;7189
64496;5491;97;5588
64498;395;10;405
64499;4568;129;4697
64500;297;6;303
64501;571;8;579
64502;709;6;715
64503;90;1;91
64504;2688;37;2725
64505;310;14;324
64506;161;3;164
64507;139;3;142
64508;132;2;134
64509;175;4;179
64510;941;19;960
64511;3411;86;3497
64512;265;4;269
64513;1370;96;1466
64514;196;7;203
64515;252;4;256
64516;384;3;387
64517;160;8;168
64518;1048;21;1069
64519;4348;126;4474
64520;829;33;862
64521;571;17;588
64522;530;15;545
64523;764;14;778
64524;417;2;419
64525;773;15;788
64526;1583;20;1603
64527;1497;29;1526
64528;168;8;176
64529;377;11;388
64530;352;7;359
64531;46;2;48
64532;70;1;71
64533;558;9;567
64534;192;0;192
64535;530;6;536
64536;858;16;874
64537;129;4;133
64538;803;16;819
64539;210;5;215
64540;2725;73;2798
64541;310;3;313
64542;66;1;67
64543;277;7;284
64544;76;2;78
64545;10418;193;10611
64546;2323;34;2357
64547;6918;260;7178
64548;166;4;170
64549;1228;24;1252
64550;767;30;797
64551;287;4;291
64552;183;3;186
64554;210;3;213
64555;166;2;168
64556;385;8;393
64557;458;22;480
64558;2822;78;2900
64559;728;16;744
64560;178;0;178
65001;297;7;304
65002;826;10;836
65003;143;1;144
65004;409;10;419
65005;433;11;444
65006;269;8;277
65007;1379;26;1405
65009;171;4;175
65010;223;4;227
65011;130;3;133
65012;81;2;83
65013;57;2;59
65014;40;0;40
65015;105;7;112
65016;183;3;186
65017;249;2;251
65018;84;1;85
65019;559;11;570
65020;263;5;268
65021;390;15;405
65022;118;7;125
65023;13;0;13
65024;105;3;108
65025;2911;170;3081
65026;75;0;75
65028;206;5;211
65029;482;11;493
65031;792;27;819
65032;700;20;720
65033;113;3;116
65034;19;0;19
65035;518;12;530
65036;132;3;135
65037;88;1;89
65038;14;1;15
65039;40;0;40
65040;321;3;324
65041;119;7;126
65042;575;12;587
65043;263;7;270
65044;298;6;304
65045;230;9;239
65046;93;3;96
65047;7864;223;8087
65048;789;10;799
65049;241;3;244
65050;79;2;81
65051;208;7;215
65052;66;0;66
65053;42;1;43
65054;610;8;618
65055;334;12;346
65056;453;13;466
65057;984;17;1001
65058;143;2;145
65059;7085;283;7368
65060;60;3;63
65061;51;0;51
65062;3498;76;3574
65063;172;3;175
65064;49;1;50
65065;293;8;301
65066;32;0;32
65067;128;7;135
65068;23;1;24
65069;1224;30;1254
65070;553;18;571
65071;33;0;33
65072;1824;15;1839
65073;355;7;362
65074;110;2;112
65075;133;7;140
65076;59;2;61
65077;418;24;442
65078;399;10;409
65079;198;4;202
65080;557;9;566
65081;135;3;138
65082;51;0;51
65083;706;17;723
65084;290;3;293
65085;111;2;113
65086;151;6;157
65087;177;5;182
65088;47;1;48
65089;85;3;88
65090;79;3;82
65091;56;1;57
65092;226;2;228
65093;209;8;217
65094;122;1;123
65095;331;11;342
65096;64;3;67
65097;190;8;198
65098;325;7;332
65099;141;3;144
65100;5357;114;5471
65101;762;12;774
65102;20;2;22
65103;109;1;110
65104;295;9;304
65105;196;3;199
65106;165;4;169
65107;111;2;113
65108;865;19;884
65109;31;1;32
65110;96;0;96
65111;64;0;64
65112;156;5;161
65113;282;11;293
65114;75;4;79
65115;289;10;299
65116;299;5;304
65117;42;1;43
65118;38;1;39
65119;368;11;379
65120;337;14;351
65121;390;11;401
65123;1313;54;1367
65124;57;2;59
65125;313;7;320
65126;147;5;152
65127;1264;26;1290
65128;138;3;141
65129;799;22;821
65130;614;12;626
65131;245;2;247
65132;44;0;44
65133;235;4;239
65134;13;0;13
65135;82;0;82
65136;34;0;34
65137;96;3;99
65138;878;19;897
65139;54;1;55
65140;31;1;32
65141;56;3;59
65142;211;4;215
65143;113;2;115
65144;87;2;89
65145;49;0;49
65146;312;1;313
65147;608;12;620
65148;133;1;134
65149;169;4;173
65150;499;25;524
65151;146;4;150
65153;122;5;127
65154;59;0;59
65155;52;2;54
65156;217;5;222
65157;21;2;23
65158;82;0;82
65159;361;11;372
65160;120;3;123
65161;282;4;286
65162;33;1;34
65163;39;1;40
65164;107;2;109
65165;188;1;189
65166;53;0;53
65167;26;1;27
65168;406;12;418
65169;90;2;92
65170;78;2;80
65171;39;0;39
65172;39;0;39
65173;193;7;200
65174;105;4;109
65175;40;3;43
65176;83;0;83
65177;161;3;164
65178;53;0;53
65179;27;0;27
65180;13;0;13
65181;164;3;167
65182;124;1;125
65183;702;13;715
65184;173;2;175
65185;445;11;456
65186;35;0;35
65187;100;4;104
65189;281;2;283
65190;71;0;71
65191;123;2;125
65192;341;9;350
65193;87;4;91
65194;97;3;100
65195;139;0;139
65196;90;2;92
65197;155;9;164
65198;1117;34;1151
65199;36;0;36
65200;107;1;108
65201;183;4;187
65202;331;13;344
65203;27;1;28
65204;27;0;27
65205;54;1;55
65206;230;6;236
65207;64;0;64
65208;23;2;25
65209;78;0;78
65210;35;1;36
65211;148;5;153
65212;330;11;341
65213;121;3;124
65214;44;0;44
65215;44;2;46
65216;104;0;104
65217;55;2;57
65218;613;14;627
65219;122;1;123
65220;240;1;241
65221;255;5;260
65222;163;1;164
65223;1195;26;1221
65224;281;6;287
65225;105;1;106
65226;2906;138;3044
65228;121;0;121
65229;45;0;45
65230;255;6;261
65231;200;12;212
65232;68;2;70
65233;315;4;319
65234;93;3;96
65235;4045;95;4140
65236;441;12;453
65237;160;5;165
65238;236;10;246
65239;154;5;159
65240;385;6;391
65241;85;3;88
65242;238;3;241
65243;458;18;476
65244;529;7;536
65245;234;7;241
65247;104;1;105
65248;258;17;275
65249;101;5;106
65250;118;1;119
65251;1877;65;1942
65252;866;14;880
65253;53;0;53
65254;143;4;147
65255;30;0;30
65256;147;2;149
65257;601;9;610
65258;5816;159;5975
65259;180;5;185
65260;95;1;96
65261;48;1;49
65262;400;10;410
65263;95;3;98
65264;311;25;336
65265;329;10;339
65266;36;1;37
65267;522;17;539
65268;212;3;215
65269;168;3;171
65270;204;9;213
65271;355;4;359
65272;78;0;78
65273;198;0;198
65274;138;1;139
65275;74;2;76
65276;117;1;118
65277;92;3;95
65278;31;0;31
65279;218;8;226
65280;424;2;426
65281;242;4;246
65282;297;6;303
65283;50;3;53
65284;1040;28;1068
65285;188;3;191
65286;13132;317;13449
65287;630;13;643
65288;53;0;53
65289;111;1;112
65290;193;1;194
65291;135;3;138
65292;401;3;404
65293;104;2;106
65294;219;3;222
65295;939;15;954
65296;424;12;436
65297;41;5;46
65298;85;0;85
65299;222;4;226
65300;67;5;72
65301;260;4;264
65303;362;4;366
65304;2266;28;2294
65305;92;0;92
65306;233;4;237
65307;337;6;343
65308;106;4;110
65309;15;3;18
65310;243;5;248
65311;101;0;101
65313;744;23;767
65314;209;6;215
65315;419;221;640
65316;103;4;107
65317;36;2;38
65318;227;6;233
65319;137;2;139
65320;850;18;868
65321;144;2;146
65322;254;7;261
65323;82;0;82
65324;212;7;219
65325;44;0;44
65326;89;3;92
65327;153;2;155
65328;97;4;101
65329;210;8;218
65330;216;3;219
65331;3290;99;3389
65332;170;1;171
65333;114;1;115
65334;224;3;227
65335;523;16;539
65336;36;0;36
65337;106;3;109
65338;245;3;248
65339;327;7;334
65340;2011;43;2054
65341;111;2;113
65342;95;2;97
65343;246;4;250
65344;2374;49;2423
65345;55;0;55
65346;160;6;166
65347;44;0;44
65348;46;2;48
65349;11;0;11
65350;1197;41;1238
65351;32;0;32
65352;219;8;227
65353;259;10;269
65354;71;2;73
65355;71;0;71
65356;59;2;61
65357;168;3;171
65358;52;2;54
65359;30;0;30
65360;276;8;284
65361;93;0;93
65362;1126;25;1151
65363;450;9;459
65364;21;3;24
65366;843;17;860
65367;164;3;167
65368;43;2;45
65369;647;22;669
65370;1115;38;1153
65371;234;10;244
65372;644;14;658
65373;165;4;169
65374;232;1;233
65375;1447;25;1472
65376;223;9;232
65377;158;8;166
65378;67;2;69
65379;15;0;15
65380;149;1;150
65381;34;0;34
65382;74;3;77
65383;193;2;195
65384;173;1;174
65385;93;2;95
65386;97;0;97
65387;128;2;130
65388;844;18;862
65389;943;38;981
65390;426;14;440
65391;59;0;59
65392;445;8;453
65393;142;5;147
65394;318;3;321
65395;1159;19;1178
65396;360;7;367
65397;165;3;168
65398;254;2;256
65399;102;3;105
65400;229;7;236
65401;581;24;605
65402;25;0;25
65403;100;2;102
65404;154;3;157
65405;75;3;78
65406;257;5;262
65407;107;2;109
65408;563;20;583
65409;301;5;306
65410;518;17;535
65411;77;6;83
65412;167;4;171
65413;139;4;143
65414;79;4;83
65415;242;1;243
65416;86;3;89
65417;5085;103;5188
65418;291;7;298
65419;68;0;68
65420;77;2;79
65421;50;2;52
65422;332;3;335
65423;131;1;132
65424;117;2;119
65425;447;7;454
65426;132;6;138
65427;283;5;288
65428;63;1;64
65429;206;8;214
65430;43;1;44
65431;95;4;99
65432;180;5;185
65433;3066;58;3124
65435;274;4;278
65436;305;7;312
65437;129;3;132
65438;76;1;77
65439;271;3;274
65440;42758;1063;43821
65441;78;3;81
65442;211;1;212
65443;17;0;17
65444;319;4;323
65445;227;6;233
65446;547;8;555
65447;1172;21;1193
65448;92;4;96
65449;90;5;95
65450;37;1;38
65451;753;14;767
65452;1007;26;1033
65453;75;0;75
65454;104;1;105
65455;438;9;447
65456;288;11;299
65457;83;1;84
65458;31;1;32
65459;102;4;106
65460;4843;268;5111
65461;112;1;113
65462;243;9;252
65463;85;1;86
65464;505;10;515
65465;325;10;335
65466;86;1;87
65467;98;6;104
65468;40;1;41
65469;25;1;26
65470;144;4;148
65471;215;8;223
65472;76;5;81
65473;397;15;412
65474;112;2;114
65475;60;1;61
65476;64;4;68
65477;101;2;103
65478;32;2;34
65479;351;10;361
65481;159;5;164
65482;442;11;453
66001;73;1;74
66002;3645;61;3706
66003;3542;47;3589
66004;553;8;561
66005;561;34;595
66006;165;2;167
66007;124;3;127
66008;10260;248;10508
66009;2724;38;2762
66010;36;0;36
66011;4291;51;4342
66012;3431;64;3495
66013;117;3;120
66014;2612;50;2662
66015;1271;22;1293
66016;4738;77;4815
66017;5771;40;5811
66018;68;0;68
66019;216;4;220
66020;818;26;844
66021;7426;105;7531
66022;55;0;55
66023;949;8;957
66024;5278;55;5333
66025;1207;75;1282
66026;1532;32;1564
66027;694;14;708
66028;10301;206;10507
66029;134;1;135
66030;213;2;215
66032;59;0;59
66033;460;13;473
66034;111;5;116
66035;40;0;40
66036;24;0;24
66037;12284;251;12535
66038;6344;115;6459
66039;137;1;138
66040;41;1;42
66041;940;20;960
66042;265;6;271
66043;136;2;138
66044;293;6;299
66045;780;15;795
66046;603;11;614
66047;18;2;20
66048;1345;16;1361
66049;7857;233;8090
66050;4470;54;4524
66051;265;8;273
66052;368;11;379
66053;2407;28;2435
66054;60;3;63
66055;762;15;777
66056;1048;15;1063
66057;530;4;534
66058;1975;35;2010
66059;2327;28;2355
66060;222;20;242
66061;93;0;93
66062;169;7;176
66063;234;3;237
66064;421;11;432
66065;9248;116;9364
66066;637;23;660
66067;668;22;690
66068;108;1;109
66069;3475;135;3610
66070;165;4;169
66071;2049;18;2067
66072;477;9;486
66073;138;2;140
66074;381;9;390
66075;141;9;150
66076;65;0;65
66077;88;1;89
66078;189;7;196
66079;192;5;197
66080;117;2;119
66081;125;3;128
66082;505;4;509
66083;41;0;41
66084;1311;19;1330
66085;443;9;452
66086;25;0;25
66088;5513;63;5576
66089;321;6;327
66090;44;2;46
66091;57;1;58
66092;90;0;90
66093;2140;41;2181
66094;3158;46;3204
66095;439;4;443
66096;1038;12;1050
66097;139;4;143
66098;220;10;230
66099;317;2;319
66100;171;3;174
66101;2074;42;2116
66102;29;1;30
66103;574;7;581
66104;982;12;994
66105;277;5;282
66106;2568;49;2617
66107;794;6;800
66108;4264;69;4333
66109;242;4;246
66111;149;2;151
66112;251;5;256
66113;177;2;179
66114;1647;39;1686
66115;1235;23;1258
66116;186;4;190
66117;148;9;157
66118;338;8;346
66119;318;7;325
66120;76;1;77
66121;1287;36;1323
66122;60;2;62
66123;151;0;151
66124;1840;183;2023
66125;351;5;356
66126;332;4;336
66127;1192;15;1207
66128;25;0;25
66129;1591;20;1611
66130;1350;75;1425
66132;417;10;427
66133;3094;45;3139
66134;970;10;980
66136;119344;1427;120771
66137;549;3;552
66138;1527;25;1552
66139;40;0;40
66140;3812;55;3867
66141;9849;96;9945
66142;54;2;56
66143;93;2;95
66144;5229;85;5314
66145;2841;44;2885
66146;115;7;122
66147;105;1;106
66148;4016;77;4093
66149;6028;339;6367
66150;1175;19;1194
66151;78;3;81
66152;103;0;103
66153;48;0;48
66154;63;1;64
66155;80;0;80
66156;93;1;94
66157;26;1;27
66158;151;2;153
66159;63;0;63
66160;1255;20;1275
66161;1348;30;1378
66162;648;2;650
66164;8888;142;9030
66165;628;6;634
66166;391;7;398
66167;1146;27;1173
66168;3422;52;3474
66169;111;1;112
66170;161;2;163
66171;11040;150;11190
66172;11719;160;11879
66173;1194;20;1214
66174;2874;45;2919
66175;2841;26;2867
66176;3198;31;3229
66177;1541;17;1558
66178;2273;45;2318
66179;1044;13;1057
66180;10071;102;10173
66181;122;1;123
66182;4821;62;4883
66183;66;0;66
66184;52;3;55
66185;350;12;362
66186;2784;43;2827
66187;1790;18;1808
66188;263;10;273
66189;5564;105;5669
66190;3514;12;3526
66191;19;0;19
66192;90;1;91
66193;232;5;237
66194;219;2;221
66195;7752;115;7867
66196;3343;50;3393
66197;37;0;37
66198;498;5;503
66199;102;1;103
66201;43;1;44
66202;195;5;200
66203;56;0;56
66204;332;11;343
66205;859;21;880
66206;93;0;93
66207;720;10;730
66208;2127;99;2226
66209;40;2;42
66210;7924;135;8059
66211;172;7;179
66212;3839;68;3907
66213;7192;124;7316
66214;1085;13;1098
66215;160;0;160
66216;75;2;77
66217;2174;24;2198
66218;359;11;370
66219;50;1;51
66220;38;1;39
66221;34;0;34
66222;1450;46;1496
66223;210;5;215
66224;3248;36;3284
66225;1780;61;1841
66226;1390;24;1414
66227;3977;67;4044
66228;1372;25;1397
66230;2131;26;2157
66231;574;4;578
66232;26;0;26
66233;175;4;179
66234;69;0;69
67001;2338;32;2370
67002;390;3;393
67003;441;16;457
67004;1530;28;1558
67005;850;18;868
67006;213;1;214
67008;1363;22;1385
67009;380;13;393
67010;1738;70;1808
67011;992;12;1004
67012;647;18;665
67013;274;3;277
67016;763;11;774
67017;298;5;303
67018;670;9;679
67019;1182;18;1200
67020;838;7;845
67021;7197;193;7390
67022;233;5;238
67023;978;21;999
67025;1934;26;1960
67026;163;3;166
67027;177;0;177
67028;5801;95;5896
67029;360;4;364
67030;722;7;729
67031;1437;44;1481
67032;212;7;219
67033;602;7;609
67034;2460;41;2501
67035;444;15;459
67036;304;7;311
67037;365;5;370
67038;298;2;300
67039;515;11;526
67040;1040;10;1050
67043;17353;209;17562
67044;259;0;259
67045;3329;58;3387
67046;12746;137;12883
67047;157;3;160
67048;460;15;475
67049;1301;20;1321
67050;34;0;34
67051;313;11;324
67052;2442;64;2506
67053;321;10;331
67054;545;6;551
67055;1381;19;1400
67056;763;12;775
67057;171;6;177
67058;391;4;395
67059;411;6;417
67060;631;10;641
67061;3757;77;3834
67062;328;6;334
67063;651;16;667
67065;1313;15;1328
67066;2629;89;2718
67067;10081;104;10185
67068;280;2;282
67069;511;7;518
67070;278;3;281
67071;464;11;475
67072;663;22;685
67073;4199;88;4287
67074;667;19;686
67075;429;7;436
67076;476;9;485
67077;583;14;597
67078;270;3;273
67079;181;3;184
67080;1840;20;1860
67081;785;12;797
67082;1204;11;1215
67083;754;12;766
67084;2215;41;2256
67085;713;11;724
67086;447;10;457
67087;1439;15;1454
67088;351;7;358
67089;2610;26;2636
67090;675;43;718
67091;337;13;350
67092;631;27;658
67093;348;6;354
67094;253;2;255
67095;1595;36;1631
67096;318;11;329
67097;1233;17;1250
67098;1492;19;1511
67099;281;4;285
67100;352;1;353
67101;2613;32;2645
67102;300;5;305
67103;1038;25;1063
67104;608;15;623
67105;1438;27;1465
67106;5268;47;5315
67107;656;5;661
67108;1638;18;1656
67109;656;17;673
67110;1081;17;1098
67111;424;11;435
67112;2865;30;2895
67113;422;7;429
67115;2287;23;2310
67116;528;25;553
67117;434;11;445
67118;7049;64;7113
67119;1344;20;1364
67120;527;11;538
67121;810;10;820
67122;1332;15;1347
67123;494;1;495
67124;2453;25;2478
67125;2247;76;2323
67126;299;6;305
67127;1410;14;1424
67128;1887;18;1905
67129;595;6;601
67130;10661;123;10784
67131;5424;53;5477
67132;944;11;955
67133;471;6;477
67134;191;0;191
67135;762;5;767
67136;275;5;280
67137;5734;66;5800
67138;574;9;583
67139;474;9;483
67140;754;4;758
67141;598;4;602
67142;290;2;292
67143;643;19;662
67144;337;3;340
67145;258;6;264
67146;618;8;626
67147;498;4;502
67148;168;4;172
67149;421;7;428
67150;1366;23;1389
67151;5041;49;5090
67152;7561;79;7640
67153;397;3;400
67154;3449;55;3504
67155;1258;17;1275
67156;2586;31;2617
67159;209;6;215
67160;1057;26;1083
67161;380;11;391
67162;355;8;363
67163;544;13;557
67164;838;20;858
67165;385;7;392
67166;250;4;254
67167;1218;16;1234
67168;1666;24;1690
67169;2874;34;2908
67172;2228;40;2268
67173;1201;16;1217
67174;1167;8;1175
67176;3712;62;3774
67177;641;10;651
67178;277;5;282
67179;650;8;658
67180;35196;561;35757
67181;272;6;278
67182;1647;24;1671
67183;877;20;897
67184;1910;25;1935
67185;703;4;707
67186;433;7;440
67187;540;8;548
67188;697;11;708
67189;961;22;983
67190;195;2;197
67191;1840;26;1866
67192;937;10;947
67194;4731;73;4804
67195;619;10;629
67196;2649;31;2680
67197;1510;21;1531
67198;111;3;114
67199;82;1;83
67200;1001;8;1009
67201;307;7;314
67202;4048;38;4086
67203;384;5;389
67204;11304;81;11385
67205;4514;51;4565
67206;1118;18;1136
67208;547;7;554
67209;273;2;275
67210;505;13;518
67212;3703;30;3733
67213;632;16;648
67214;978;7;985
67215;497;3;500
67216;2672;38;2710
67217;351;4;355
67218;26698;691;27389
67220;327;2;329
67221;347;5;352
67222;4048;37;4085
67223;1183;7;1190
67225;113;2;115
67226;2112;24;2136
67227;237;4;241
67228;795;17;812
67229;199;2;201
67230;2450;19;2469
67231;212;2;214
67232;204;6;210
67233;1203;20;1223
67234;1510;30;1540
67235;427;2;429
67236;549;10;559
67237;2515;35;2550
67238;638;7;645
67239;1660;32;1692
67240;719;3;722
67241;147;4;151
67242;526;5;531
67244;154;3;157
67245;207;3;210
67246;1267;18;1285
67247;973;21;994
67248;1715;26;1741
67249;239;7;246
67250;793;18;811
67252;1079;12;1091
67253;637;10;647
67254;913;16;929
67255;478;8;486
67256;3405;53;3458
67257;706;15;721
67258;193;3;196
67259;920;11;931
67260;321;5;326
67261;2331;27;2358
67263;1548;42;1590
67264;829;12;841
67265;550;7;557
67266;664;8;672
67267;19439;150;19589
67268;2664;30;2694
67269;297;3;300
67270;390;1;391
67271;648;7;655
67272;395;6;401
67273;515;6;521
67274;246;2;248
67275;806;13;819
67276;1879;28;1907
67277;760;11;771
67278;547;13;560
67279;233;5;238
67280;798;18;816
67281;4159;65;4224
67282;4250;65;4315
67283;2712;43;2755
67285;1461;108;1569
67286;1500;19;1519
67287;584;6;590
67288;324;4;328
67289;635;10;645
67290;922;17;939
67291;3363;40;3403
67292;669;12;681
67293;652;11;663
67295;620;24;644
67296;2086;24;2110
67298;569;8;577
67299;905;25;930
67300;9343;132;9475
67301;2126;20;2146
67302;2032;37;2069
67303;684;12;696
67304;576;13;589
67305;1955;21;1976
67306;643;54;697
67307;463;5;468
67308;802;9;811
67309;4749;62;4811
67310;1169;34;1203
67311;2136;28;2164
67312;477;9;486
67313;6063;53;6116
67314;531;8;539
67315;668;14;682
67317;671;17;688
67319;365;3;368
67320;623;10;633
67321;331;8;339
67322;1102;13;1115
67324;4381;68;4449
67325;1398;17;1415
67326;1663;13;1676
67327;961;22;983
67328;877;7;884
67329;1268;22;1290
67330;927;9;936
67331;1380;13;1393
67333;292;5;297
67334;115;1;116
67335;925;16;941
67336;1740;30;1770
67337;456;16;472
67338;1349;23;1372
67339;4183;47;4230
67340;1554;27;1581
67341;390;2;392
67342;1760;29;1789
67343;5363;56;5419
67344;318;4;322
67345;3497;27;3524
67346;547;11;558
67347;1685;22;1707
67348;11765;456;12221
67349;531;9;540
67350;2279;24;2303
67351;1699;38;1737
67352;409;8;417
67353;231;2;233
67354;515;9;524
67355;1167;28;1195
67356;2518;23;2541
67358;802;13;815
67359;1305;23;1328
67360;1071;14;1085
67361;500;7;507
67362;589;5;594
67363;816;17;833
67364;930;17;947
67365;12723;129;12852
67366;782;18;800
67367;1312;32;1344
67368;1537;31;1568
67369;260;5;265
67370;660;12;672
67371;624;4;628
67372;5040;59;5099
67373;318;4;322
67375;1307;17;1324
67377;997;11;1008
67378;4465;42;4507
67379;896;15;911
67380;203;4;207
67381;359;5;364
67382;782;18;800
67383;183;5;188
67384;313;6;319
67385;245;2;247
67386;209;2;211
67387;298;9;307
67388;5402;84;5486
67389;4397;41;4438
67391;448;6;454
67392;850;12;862
67394;279;6;285
67395;393;10;403
67396;201;1;202
67397;2670;31;2701
67398;360;2;362
67400;1108;20;1128
67401;306;10;316
67403;439;11;450
67404;908;16;924
67405;2281;50;2331
67406;340;3;343
67407;1613;13;1626
67408;1214;17;1231
67409;1010;8;1018
67410;661;14;675
67411;5221;112;5333
67412;1024;9;1033
67413;522;11;533
67414;1550;20;1570
67415;470;1;471
67416;469;10;479
67417;297;9;306
67418;1929;35;1964
67420;1240;16;1256
67421;828;12;840
67422;592;10;602
67423;586;7;593
67424;237;0;237
67425;533;13;546
67426;362;1;363
67427;341;14;355
67428;492;12;504
67429;627;12;639
67430;763;25;788
67432;584;11;595
67433;1376;10;1386
67434;2796;43;2839
67435;837;21;858
67436;501;12;513
67437;11378;306;11684
67438;821;13;834
67440;553;12;565
67441;330;5;335
67442;1242;61;1303
67443;842;20;862
67444;121;3;124
67445;3217;53;3270
67446;430;11;441
67447;33780;198;33978
67448;2149;49;2198
67449;2258;21;2279
67450;695;16;711
67451;1394;32;1426
67452;1713;32;1745
67453;613;8;621
67454;400;8;408
67455;696;11;707
67456;450;10;460
67458;4942;61;5003
67459;746;17;763
67460;1715;22;1737
67461;327;14;341
67462;19242;265;19507
67463;3162;34;3196
67464;949;13;962
67465;2324;33;2357
67466;509;9;518
67467;383;7;390
67468;623;16;639
67470;99;1;100
67471;7994;62;8056
67472;4827;55;4882
67473;961;18;979
67474;3190;35;3225
67475;230;3;233
67476;740;6;746
67477;607;18;625
67478;1940;28;1968
67479;597;22;619
67480;1811;26;1837
67481;1089;14;1103
67482;287228;2878;290106
67483;233;4;237
67484;487;10;497
67485;1593;26;1619
67486;1851;24;1875
67487;1714;25;1739
67488;186;4;190
67489;811;19;830
67490;586;18;604
67491;249;0;249
67492;649;16;665
67493;440;10;450
67494;584;11;595
67495;4267;99;4366
67497;677;14;691
67498;705;6;711
67499;318;14;332
67500;1457;35;1492
67501;561;4;565
67502;209;2;211
67503;160;2;162
67504;1397;15;1412
67505;401;13;414
67506;5971;69;6040
67507;1802;33;1835
67508;417;19;436
67509;351;3;354
67510;599;1;600
67511;948;274;1222
67513;129;1;130
67514;632;9;641
67515;568;9;577
67516;665;8;673
67517;670;11;681
67519;5881;112;5993
67520;5711;65;5776
67521;450;3;453
67522;546;7;553
67523;2766;37;2803
67524;521;8;529
67525;1636;26;1662
67526;1571;18;1589
67527;335;8;343
67528;565;9;574
67529;3398;35;3433
67530;377;6;383
67531;285;6;291
67532;1088;18;1106
67534;732;3;735
67535;1057;21;1078
67536;158;1;159
67537;446;6;452
67538;1585;21;1606
67539;2330;42;2372
67540;873;12;885
67541;533;2;535
67542;482;3;485
67543;2089;29;2118
67544;7487;213;7700
67545;503;7;510
67546;671;5;676
67547;2057;25;2082
67548;881;13;894
67550;1726;23;1749
67551;4174;56;4230
67552;346;10;356
67553;317;4;321
67554;969;13;982
67555;249;3;252
67556;203;3;206
67557;812;12;824
67558;748;13;761
67559;249;2;251
68001;1124;13;1137
68002;389;4;393
68004;5659;130;5789
68005;1761;48;1809
68006;1197;28;1225
68007;2182;73;2255
68008;578;11;589
68009;863;11;874
68010;1120;20;1140
68011;1317;26;1343
68012;1771;44;1815
68013;986;22;1008
68014;370;9;379
68015;2667;48;2715
68016;985;19;1004
68017;816;17;833
68018;731;16;747
68019;566;8;574
68020;1594;33;1627
68021;3987;85;4072
68022;1594;14;1608
68023;939;24;963
68024;162;6;168
68025;236;3;239
68026;1393;28;1421
68027;341;9;350
68028;2070;48;2118
68029;1096;32;1128
68030;424;14;438
68032;1195;36;1231
68033;441;8;449
68034;312;16;328
68035;323;14;337
68036;2530;55;2585
68037;467;7;474
68038;1118;26;1144
68039;546;15;561
68040;1988;37;2025
68041;1999;26;2025
68042;4661;116;4777
68043;4122;57;4179
68044;741;30;771
68045;555;16;571
68046;417;10;427
68049;439;15;454
68050;404;13;417
68051;823;16;839
68052;184;3;187
68054;417;8;425
68055;1052;33;1085
68056;8163;214;8377
68057;279;5;284
68058;3354;37;3391
68059;1921;45;1966
68060;1749;46;1795
68061;1060;17;1077
68062;2045;105;2150
68063;11476;208;11684
68064;970;19;989
68065;708;10;718
68066;68682;1074;69756
68067;354;2;356
68068;2262;36;2298
68069;1491;32;1523
68071;297;6;303
68072;1430;53;1483
68073;479;11;490
68074;558;7;565
68075;824;17;841
68076;964;11;975
68077;371;10;381
68078;1721;41;1762
68079;255;0;255
68080;302;3;305
68081;570;9;579
68082;7512;70;7582
68083;364;13;377
68084;1479;48;1527
68085;378;5;383
68086;207;10;217
68087;461;11;472
68088;997;20;1017
68089;1601;25;1626
68090;812;13;825
68091;2267;47;2314
68092;393;6;399
68093;1438;48;1486
68094;941;14;955
68095;1168;40;1208
68096;367;4;371
68097;1316;32;1348
68098;650;7;657
68099;778;18;796
68100;339;14;353
68101;821;18;839
68102;439;10;449
68103;502;9;511
68104;296;5;301
68105;259;15;274
68106;279;6;285
68107;374;8;382
68109;696;14;710
68110;806;18;824
68111;854;25;879
68112;11020;305;11325
68113;1422;28;1450
68114;142;1;143
68115;1291;21;1312
68116;716;22;738
68117;889;18;907
68118;4999;87;5086
68119;743;16;759
68120;1245;28;1273
68121;706;19;725
68122;637;10;647
68123;784;28;812
68124;380;10;390
68125;518;9;527
68126;3369;73;3442
68127;645;14;659
68128;662;15;677
68129;1327;50;1377
68130;1036;20;1056
68131;165;1;166
68132;716;18;734
68134;1859;28;1887
68135;2770;54;2824
68136;327;11;338
68137;621;9;630
68138;2120;52;2172
68139;1462;22;1484
68140;1302;15;1317
68141;2170;58;2228
68142;375;12;387
68143;1823;59;1882
68144;1346;26;1372
68145;6234;118;6352
68146;2327;23;2350
68147;606;8;614
68148;359;8;367
68149;7261;97;7358
68150;514;13;527
68151;1048;11;1059
68152;2473;39;2512
68153;730;14;744
68154;14784;201;14985
68155;4680;75;4755
68156;3418;47;3465
68157;1367;39;1406
68158;500;15;515
68159;911;25;936
68160;585;24;609
68161;537;23;560
68162;4394;92;4486
68163;5496;102;5598
68165;242;10;252
68166;13263;150;13413
68167;734;22;756
68168;376;7;383
68169;506;10;516
68170;586;24;610
68171;945;12;957
68172;1795;30;1825
68173;2122;76;2198
68174;1650;25;1675
68175;1871;40;1911
68176;324;4;328
68177;1492;38;1530
68178;950;14;964
68179;917;15;932
68180;909;29;938
68181;248;4;252
68182;1212;27;1239
68183;183;4;187
68184;303;9;312
68185;1684;32;1716
68186;307;10;317
68187;333;10;343
68188;584;19;603
68189;855;26;881
68190;33;0;33
68191;760;23;783
68192;427;7;434
68193;751;9;760
68194;283;5;288
68195;6247;98;6345
68196;300;5;305
68197;485;10;495
68198;286;8;294
68199;502;2;504
68200;533;12;545
68201;3720;79;3799
68202;202;4;206
68203;1247;26;1273
68204;1042;15;1057
68205;1830;19;1849
68207;697;9;706
68208;597;11;608
68209;834;16;850
68210;327;1;328
68211;386;8;394
68212;519;12;531
68213;341;10;351
68214;378;8;386
68215;908;7;915
68216;409;6;415
68217;1640;20;1660
68218;3692;76;3768
68219;881;24;905
68221;926;13;939
68222;1057;19;1076
68223;782;14;796
68224;108312;1219;109531
68225;1561;28;1589
68226;4699;84;4783
68227;1286;34;1320
68228;464;12;476
68229;163;3;166
68230;584;7;591
68231;1963;16;1979
68232;484;7;491
68234;733;11;744
68235;1147;16;1163
68237;558;15;573
68238;945;25;970
68239;390;15;405
68240;1319;19;1338
68241;665;9;674
68242;1245;26;1271
68243;140;1;141
68244;358;6;364
68245;412;15;427
68246;1018;13;1031
68247;1260;14;1274
68248;673;20;693
68249;3467;66;3533
68250;1041;18;1059
68251;859;22;881
68252;1654;30;1684
68253;1973;30;2003
68254;827;18;845
68255;1386;42;1428
68256;9723;131;9854
68257;966;23;989
68258;3017;77;3094
68259;515;7;522
68260;1113;26;1139
68261;229;6;235
68262;801;17;818
68263;635;13;648
68264;628;11;639
68265;797;23;820
68266;1990;30;2020
68267;1979;25;2004
68268;704;10;714
68269;4665;176;4841
68270;3692;59;3751
68271;12520;326;12846
68273;632;40;672
68274;188;0;188
68275;446;11;457
68276;192;2;194
68277;1090;19;1109
68278;14204;201;14405
68279;902;30;932
68280;374;6;380
68281;466;13;479
68282;280;5;285
68283;771;23;794
68284;696;10;706
68285;371;8;379
68286;2371;49;2420
68287;4302;236;4538
68288;401;4;405
68289;2329;37;2366
68290;888;16;904
68291;1059;27;1086
68292;2233;43;2276
68293;83;1;84
68294;1908;30;1938
68295;3029;66;3095
68296;993;14;1007
68297;22413;287;22700
68298;5054;127;5181
68299;312;0;312
68300;5479;125;5604
68301;1269;25;1294
68302;752;30;782
68303;229;7;236
68304;1561;39;1600
68305;1390;28;1418
68306;507;8;515
68307;498;10;508
68308;325;12;337
68309;3842;76;3918
68311;598;12;610
68312;318;6;324
68313;775;11;786
68315;7048;134;7182
68316;730;21;751
68317;1106;19;1125
68318;2392;52;2444
68320;1369;47;1416
68321;4046;62;4108
68322;1349;29;1378
68323;809;24;833
68324;611;17;628
68325;764;9;773
68326;153;5;158
68327;350;7;357
68328;201;1;202
68329;1349;34;1383
68330;338;8;346
68331;1939;58;1997
68332;949;13;962
68333;296;6;302
68334;7767;148;7915
68335;464;6;470
68336;459;8;467
68337;605;11;616
68338;3831;80;3911
68340;373;15;388
68341;946;30;976
68342;1698;43;1741
68343;2381;34;2415
68344;438;10;448
68345;757;27;784
68347;693;22;715
68348;2815;51;2866
68349;4421;95;4516
68350;477;15;492
68351;639;13;652
68352;2680;24;2704
68353;491;17;508
68354;920;37;957
68355;1543;28;1571
68356;880;21;901
68357;514;17;531
68358;471;11;482
68359;1663;59;1722
68360;653;4;657
68361;320;5;325
68362;771;15;786
68363;587;12;599
68364;992;19;1011
68365;1745;64;1809
68366;711;30;741
68367;1178;21;1199
68368;1242;35;1277
68370;169;2;171
68371;310;9;319
68372;1780;39;1819
68373;300;12;312
68374;7853;408;8261
68375;10362;137;10499
68376;14776;111;14887
68377;794;19;813
68378;380;4;384
68379;1036;20;1056
68380;443;11;454
68381;799;16;815
68382;379;4;383
68383;320;8;328
68384;2538;61;2599
68385;837;25;862
68386;1041;22;1063
69001;391;3;394
69002;245;1;246
69003;2947;42;2989
69004;768;24;792
69005;584;9;593
69006;4919;119;5038
69007;2749;45;2794
69008;668;15;683
69009;7538;164;7702
69010;6410;196;6606
69012;611;15;626
69013;3897;82;3979
69014;1129;22;1151
69016;121;0;121
69017;745;21;766
69018;2148;32;2180
69019;13314;277;13591
69020;681;19;700
69021;2340;80;2420
69022;558;16;574
69023;1635;25;1660
69024;4122;103;4225
69026;548;10;558
69027;12097;175;12272
69028;6478;111;6589
69029;42244;401;42645
69030;818;15;833
69031;1379;104;1483
69032;1988;36;2024
69033;2883;74;2957
69034;43294;622;43916
69035;381;7;388
69036;1138;22;1160
69037;833;12;845
69038;928;25;953
69039;694;10;704
69040;5748;48;5796
69042;566;15;581
69043;8846;173;9019
69044;5170;146;5316
69045;1248;68;1316
69046;4563;138;4701
69047;1051;21;1072
69049;2791;65;2856
69050;2113;42;2155
69051;1170;33;1203
69052;4132;113;4245
69053;543;13;556
69054;343;2;345
69055;1448;27;1475
69056;2107;52;2159
69057;582;13;595
69058;384;9;393
69059;1537;28;1565
69060;576;83;659
69061;1188;34;1222
69062;778;23;801
69063;4315;86;4401
69064;3957;83;4040
69065;965;15;980
69066;4390;80;4470
69067;1168;21;1189
69068;2454;48;2502
69069;11248;184;11432
69070;1266;28;1294
69071;1179;27;1206
69072;8752;612;9364
69074;1550;40;1590
69075;193;2;195
69076;2595;101;2696
69077;965;12;977
69078;837;16;853
69080;1901;16;1917
69081;18948;385;19333
69082;270;8;278
69083;1164;39;1203
69084;1282;22;1304
69085;1492;42;1534
69086;2290;63;2353
69087;3033;73;3106
69088;7066;97;7163
69089;14906;258;15164
69090;809;24;833
69091;20285;104;20389
69092;7496;345;7841
69093;1187;19;1206
69094;6062;115;6177
69095;827;17;844
69096;9706;75;9781
69097;772;20;792
69098;508;7;515
69099;1442;28;1470
69100;8750;121;8871
69102;734;12;746
69103;899;22;921
69104;432;9;441
69105;1021;37;1058
69106;1181;24;1205
69107;1055;66;1121
69108;1043;22;1065
69109;861;27;888
69110;1862;30;1892
69111;673;17;690
69112;6480;155;6635
69113;901;27;928
69115;4871;98;4969
69116;3648;102;3750
69117;3134;75;3209
69118;2618;32;2650
69119;977;8;985
69120;595;16;611
69121;2729;45;2774
69122;1916;53;1969
69124;459;9;468
69125;876;15;891
69126;768;28;796
69127;3549;64;3613
69130;233;3;236
69131;3402;85;3487
69132;847;15;862
69133;4318;80;4398
69134;227;10;237
69135;1911;53;1964
69136;3118;55;3173
69137;516;7;523
69138;445;9;454
69139;1378;77;1455
69140;1995;46;2041
69141;6144;172;6316
69142;6524;73;6597
69143;7562;88;7650
69145;921;25;946
69148;2541;71;2612
69149;26553;278;26831
69151;1524;32;1556
69152;10397;60;10457
69153;1377;28;1405
69154;2845;53;2898
69155;1132;31;1163
69156;2713;82;2795
69157;5279;88;5367
69159;3907;93;4000
69160;1065;18;1083
69161;487;11;498
69162;1331;34;1365
69163;3495;50;3545
69164;322;10;332
69165;1126;25;1151
69166;328;2;330
69167;589;11;600
69168;1536;41;1577
69169;639;23;662
69170;1157;18;1175
69171;2363;26;2389
69172;761;27;788
69173;1016;25;1041
69174;614;11;625
69175;1996;56;2052
69176;4590;84;4674
69177;2064;46;2110
69178;825;20;845
69179;4055;74;4129
69180;288;9;297
69181;223;1;224
69182;356;2;358
69183;317;2;319
69184;991;21;1012
69186;213;4;217
69187;654;21;675
69188;908;9;917
69189;1884;29;1913
69190;2028;87;2115
69191;5747;142;5889
69192;153;7;160
69193;1269;32;1301
69194;7006;158;7164
69196;617;11;628
69197;2210;48;2258
69198;756;11;767
69199;19617;61;19678
69200;1472;31;1503
69201;1286;25;1311
69202;22175;392;22567
69203;1018;17;1035
69204;20914;477;21391
69205;5158;92;5250
69206;4409;92;4501
69207;3001;47;3048
69208;2262;60;2322
69209;566;16;582
69212;479;11;490
69214;1204;25;1229
69215;879;20;899
69216;566;11;577
69217;748;22;770
69218;1048;17;1065
69219;2133;63;2196
69220;1805;113;1918
69225;541;14;555
69227;3853;189;4042
69228;4224;93;4317
69229;800;14;814
69230;320;6;326
69231;2596;60;2656
69233;1228;50;1278
69234;1583;73;1656
69235;1967;106;2073
69236;590;7;597
69238;3710;96;3806
69239;1212;25;1237
69240;617;6;623
69241;2590;61;2651
69242;927;13;940
69243;10490;273;10763
69244;22286;351;22637
69245;710;25;735
69246;1295;35;1330
69248;6020;126;6146
69249;3053;63;3116
69250;4117;99;4216
69252;745;9;754
69253;637;10;647
69254;971;10;981
69255;6080;111;6191
69256;52795;221;53016
69257;1086;19;1105
69258;322;7;329
69259;67285;266;67551
69260;4999;56;5055
69261;104;1;105
69263;881;19;900
69264;36291;419;36710
69265;802;33;835
69266;152212;1082;153294
69267;2137;114;2251
69268;3367;91;3458
69269;992;24;1016
69270;4355;67;4422
69271;10638;152;10790
69272;4242;85;4327
69273;11196;73;11269
69275;28930;139;29069
69276;9902;52;9954
69277;13181;221;13402
69278;5509;105;5614
69279;6076;76;6152
69280;1528;13;1541
69281;1912;23;1935
69282;34640;301;34941
69283;13707;146;13853
69284;3230;116;3346
69285;4191;38;4229
69286;30697;366;31063
69287;6875;108;6983
69288;5458;67;5525
69289;4579;82;4661
69290;46927;284;47211
69291;5789;56;5845
69292;6497;63;6560
69293;2369;48;2417
69294;2772;37;2809
69295;1810;9;1819
69296;2986;33;3019
69297;5512;74;5586
69298;3188;28;3216
69299;2700;42;2742
69381;29641;782;30423
69382;31303;386;31689
69383;102725;1006;103731
69384;36064;406;36470
69385;49664;1085;50749
69386;52862;884;53746
69387;82573;493;83066
69388;86154;1022;87176
69389;51983;537;52520
70001;357;4;361
70002;209;7;216
70003;69;2;71
70004;307;2;309
70005;134;2;136
70006;1490;102;1592
70007;304;6;310
70008;148;2;150
70009;102;1;103
70010;104;1;105
70011;317;4;321
70012;656;11;667
70013;67;0;67
70014;399;6;405
70015;274;6;280
70016;162;2;164
70017;240;2;242
70018;512;4;516
70019;143;4;147
70020;244;2;246
70021;191;5;196
70022;147;3;150
70023;143;3;146
70024;446;14;460
70025;242;4;246
70026;2533;26;2559
70027;71;1;72
70028;143;3;146
70029;239;2;241
70030;45;1;46
70031;644;17;661
70032;45;0;45
70035;177;4;181
70036;159;2;161
70037;258;21;279
70038;315;9;324
70039;355;4;359
70040;239;3;242
70041;377;9;386
70042;103;1;104
70043;237;3;240
70044;408;12;420
70045;419;7;426
70046;367;7;374
70047;107;2;109
70048;139;3;142
70049;97;2;99
70050;98;0;98
70051;34;0;34
70052;121;3;124
70053;77;1;78
70054;241;4;245
70055;500;7;507
70056;310;1;311
70057;149;2;151
70058;931;14;945
70059;470;8;478
70060;294;3;297
70061;85;0;85
70062;142;5;147
70063;210;3;213
70064;149;3;152
70065;77;1;78
70066;180;1;181
70067;126;0;126
70069;46;0;46
70070;28;2;30
70071;56;0;56
70072;83;2;85
70074;244;3;247
70075;199;2;201
70076;376;8;384
70077;221;4;225
70078;93;2;95
70079;524;12;536
70080;238;4;242
70081;324;4;328
70082;130;2;132
70083;404;10;414
70084;663;10;673
70085;680;13;693
70086;75;0;75
70087;147;3;150
70088;117;2;119
70089;46;0;46
70090;60;2;62
70091;47;1;48
70092;177;3;180
70093;654;8;662
70094;301;5;306
70095;654;11;665
70096;635;17;652
70097;238;8;246
70098;211;4;215
70099;76;1;77
70100;133;0;133
70101;501;5;506
70102;277;10;287
70103;221;3;224
70104;590;13;603
70105;137;1;138
70106;113;2;115
70107;437;4;441
70109;306;2;308
70111;275;3;278
70112;174;5;179
70113;132;3;135
70114;205;2;207
70115;236;5;241
70116;617;12;629
70117;1238;33;1271
70118;194;2;196
70119;357;12;369
70120;3745;72;3817
70121;878;16;894
70122;1633;32;1665
70124;92;1;93
70125;176;2;178
70126;197;6;203
70127;110;6;116
70128;387;3;390
70129;162;3;165
70130;318;8;326
70132;704;67;771
70133;235;7;242
70134;204;2;206
70135;34;1;35
70136;489;9;498
70137;215;8;223
70138;124;3;127
70140;67;1;68
70141;118;2;120
70142;190;2;192
70143;124;6;130
70144;33;1;34
70145;480;10;490
70146;164;4;168
70147;228;4;232
70148;86;1;87
70149;693;17;710
70150;320;2;322
70151;36;0;36
70152;475;37;512
70153;96;1;97
70154;371;6;377
70155;799;15;814
70156;111;1;112
70157;361;10;371
70158;105;1;106
70159;89;0;89
70160;317;19;336
70162;459;13;472
70163;443;8;451
70164;89;2;91
70165;542;42;584
70166;154;5;159
70167;353;13;366
70168;620;17;637
70169;220;5;225
70170;122;2;124
70171;1263;29;1292
70172;109;0;109
70174;143;2;145
70175;136;3;139
70176;191;3;194
70177;603;15;618
70178;526;10;536
70179;168;3;171
70180;441;10;451
70181;132;0;132
70182;142;0;142
70183;60;0;60
70184;707;21;728
70185;187;9;196
70186;73;1;74
70187;263;3;266
70188;54;1;55
70189;250;4;254
70190;181;3;184
70192;206;2;208
70193;232;3;235
70194;134;8;142
70195;272;4;276
70196;250;9;259
70197;794;15;809
70198;1240;25;1265
70199;116;0;116
70200;39;1;40
70201;209;1;210
70202;273;7;280
70203;149;2;151
70204;156;4;160
70205;202;2;204
70206;555;7;562
70207;3249;69;3318
70208;292;5;297
70210;154;5;159
70211;65;2;67
70213;225;5;230
70214;122;5;127
70215;244;11;255
70216;439;24;463
70217;97;1;98
70218;134;1;135
70219;735;15;750
70220;407;6;413
70221;288;4;292
70222;78;1;79
70224;674;14;688
70225;104;2;106
70226;309;3;312
70227;477;15;492
70228;980;11;991
70229;260;6;266
70230;98;4;102
70231;35;0;35
70232;130;5;135
70233;135;2;137
70234;226;11;237
70235;145;4;149
70236;467;9;476
70237;97;0;97
70238;137;4;141
70239;201;5;206
70240;1327;24;1351
70242;133;0;133
70243;337;12;349
70244;111;0;111
70245;3797;123;3920
70247;212;3;215
70248;1379;35;1414
70249;119;3;122
70250;451;6;457
70251;100;4;104
70252;178;3;181
70253;297;28;325
70254;253;7;260
70255;497;4;501
70256;710;12;722
70257;742;14;756
70258;1990;46;2036
70259;370;6;376
70260;686;20;706
70261;1361;33;1394
70262;161;4;165
70263;238;2;240
70264;50;0;50
70265;151;5;156
70267;485;7;492
70268;213;4;217
70269;35;1;36
70271;374;11;385
70272;186;11;197
70273;67;1;68
70274;48;0;48
70275;393;5;398
70276;184;8;192
70277;381;9;390
70278;215;4;219
70279;5553;424;5977
70280;937;36;973
70282;1012;20;1032
70283;442;7;449
70284;268;8;276
70285;10646;272;10918
70286;128;3;131
70287;44;0;44
70288;120;1;121
70289;210;2;212
70290;203;6;209
70291;124;3;127
70292;1548;34;1582
70293;77;2;79
70294;357;4;361
70295;220;5;225
70296;271;2;273
70297;60;0;60
70298;117;0;117
70299;311;2;313
70301;56;0;56
70302;77;1;78
70303;153;1;154
70304;122;1;123
70305;103;2;105
70306;460;13;473
70307;124;7;131
70308;222;6;228
70309;453;10;463
70310;8046;185;8231
70311;6623;273;6896
70312;759;21;780
70313;395;5;400
70314;168;6;174
70315;408;11;419
70316;83;4;87
70317;141;4;145
70318;431;15;446
70319;124;3;127
70320;98;3;101
70321;1400;29;1429
70322;284;6;290
70323;197;1;198
70324;645;15;660
70325;372;3;375
70326;309;3;312
70327;134;3;137
70328;327;6;333
70329;61;4;65
70330;287;7;294
70331;440;20;460
70332;56;1;57
70334;1508;24;1532
70335;62;2;64
70336;137;3;140
70337;59;1;60
70338;228;7;235
70339;1674;31;1705
70340;214;27;241
70341;300;3;303
70342;136;1;137
70343;285;5;290
70344;339;9;348
70347;356;8;364
70348;620;12;632
70349;235;3;238
70350;65;0;65
70351;228;3;231
70352;37;0;37
70353;503;8;511
70355;302;4;306
70356;278;6;284
70357;543;87;630
70358;272;4;276
70359;55;0;55
70360;78;1;79
70361;158;5;163
70362;138;4;142
70363;645;15;660
70364;119;1;120
70366;123;0;123
70367;184;4;188
70368;132;3;135
70369;48;0;48
70371;203;1;204
70372;152;4;156
70373;285;4;289
70374;95;2;97
70376;463;10;473
70378;1623;50;1673
70380;176;4;180
70381;341;10;351
70383;417;4;421
70384;224;3;227
70385;333;10;343
70386;177;2;179
70387;662;10;672
70388;1978;75;2053
70389;58;2;60
70390;502;11;513
70392;34;2;36
70393;430;6;436
70394;60;4;64
70395;52;0;52
70396;39;2;41
70397;81;0;81
70398;66;0;66
70399;208;7;215
70400;108;2;110
70401;132;1;133
70402;371;11;382
70403;243;3;246
70404;576;16;592
70405;194;4;198
70406;76;1;77
70407;272;5;277
70408;1068;29;1097
70409;115;2;117
70410;699;3;702
70411;38;0;38
70412;71;0;71
70413;1903;36;1939
70414;960;15;975
70415;658;9;667
70416;204;5;209
70417;306;3;309
70418;518;4;522
70419;107;4;111
70420;63;0;63
70421;2954;55;3009
70422;145;1;146
70423;113;3;116
70425;148;6;154
70426;251;7;258
70427;335;9;344
70428;1455;49;1504
70429;547;14;561
70430;69;1;70
70431;249;3;252
70432;326;7;333
70433;1396;38;1434
70435;829;22;851
70436;116;0;116
70437;16;0;16
70438;212;3;215
70439;355;7;362
70440;33;2;35
70441;253;3;256
70442;109;3;112
70443;89;1;90
70444;163;1;164
70445;115;1;116
70446;604;9;613
70447;2297;75;2372
70448;152;2;154
70449;62;0;62
70450;40;0;40
70451;2735;28;2763
70452;254;3;257
70453;81;3;84
70454;48;2;50
70455;1493;24;1517
70456;148;5;153
70457;107;3;110
70459;1101;25;1126
70460;430;9;439
70461;116;2;118
70462;80;2;82
70463;144;1;145
70464;1353;23;1376
70466;124;3;127
70467;3150;66;3216
70468;90;1;91
70469;211;4;215
70470;160;2;162
70471;25;1;26
70472;485;4;489
70473;1929;32;1961
70474;127;2;129
70476;65;1;66
70477;773;13;786
70478;888;15;903
70479;98;4;102
70480;134;6;140
70481;205;4;209
70482;1543;25;1568
70483;137;5;142
70484;178;3;181
70485;202;5;207
70486;111;3;114
70487;291;3;294
70488;194;1;195
70489;788;6;794
70490;123;1;124
70491;480;14;494
70492;579;10;589
70493;462;8;470
70494;347;6;353
70496;25;1;26
70498;460;14;474
70499;103;2;105
70500;167;11;178
70501;98;3;101
70502;85;0;85
70503;162;2;164
70504;360;13;373
70505;162;7;169
70506;388;13;401
70507;246;6;252
70509;113;0;113
70510;130;3;133
70511;226;3;229
70512;219;5;224
70513;2418;55;2473
70514;670;11;681
70515;67;1;68
70516;245;3;248
70517;395;18;413
70518;98;2;100
70519;110;0;110
70520;115;3;118
70521;183;4;187
70522;158;3;161
70523;197;3;200
70524;113;3;116
70525;211;3;214
70526;625;14;639
70527;75;1;76
70528;486;9;495
70529;385;16;401
70530;120;0;120
70531;104;1;105
70532;519;6;525
70533;121;0;121
70534;125;1;126
70535;153;1;154
70536;132;2;134
70537;294;6;300
70538;82;0;82
70539;455;12;467
70540;80;4;84
70541;204;4;208
70542;209;5;214
70544;115;2;117
70545;127;3;130
70546;219;22;241
70547;168;3;171
70548;141;1;142
70549;78;1;79
70550;14914;749;15663
70552;215;3;218
70553;116;2;118
70554;191;1;192
70555;171;1;172
70557;133;4;137
70558;140;2;142
70559;195;4;199
70560;165;2;167
70561;1423;108;1531
70562;154;3;157
70563;533;13;546
70564;310;16;326
70565;52;2;54
70566;200;5;205
70567;134;9;143
70568;57;4;61
70569;61;1;62
70571;39;3;42
70572;290;5;295
70573;125;1;126
70574;57;0;57
70575;841;16;857
70576;151;1;152
70577;379;9;388
70578;174;2;176
70579;428;16;444
70580;152;5;157
70581;704;16;720
70582;81;0;81
70583;130;1;131
71001;799;15;814
71002;1243;20;1263
71003;795;6;801
71004;1164;25;1189
71005;251;10;261
71006;185;5;190
71007;167;4;171
71008;151;7;158
71009;719;14;733
71010;864;10;874
71011;444;86;530
71012;331;15;346
71013;272;5;277
71014;12987;1022;14009
71015;914;29;943
71016;1082;27;1109
71017;95;4;99
71018;547;11;558
71019;143;7;150
71020;98;2;100
71021;291;22;313
71022;625;9;634
71023;956;26;982
71024;509;17;526
71025;358;8;366
71026;337;13;350
71027;721;7;728
71028;106;3;109
71029;292;4;296
71030;203;4;207
71031;59;1;60
71032;690;14;704
71033;861;19;880
71034;335;7;342
71035;204;3;207
71036;69;0;69
71037;84;6;90
71038;468;13;481
71039;181;1;182
71040;6060;140;6200
71041;190;2;192
71042;318;7;325
71043;83;3;86
71044;296;6;302
71045;179;6;185
71046;94;0;94
71047;4713;72;4785
71048;175;2;177
71050;340;7;347
71051;130;7;137
71052;729;11;740
71054;685;13;698
71056;2354;37;2391
71057;124;3;127
71058;185;11;196
71059;3538;67;3605
71060;228;2;230
71061;460;16;476
71062;292;8;300
71063;753;14;767
71064;985;25;1010
71065;273;8;281
71066;119;3;122
71067;124;3;127
71068;57;2;59
71069;579;27;606
71070;2138;85;2223
71071;263;8;271
71072;141;2;143
71073;5528;80;5608
71074;564;19;583
71075;627;11;638
71076;45056;1521;46577
71077;513;4;517
71078;151;3;154
71079;463;11;474
71080;97;0;97
71081;2588;56;2644
71082;223;3;226
71084;529;11;540
71085;222;2;224
71086;466;9;475
71087;165;1;166
71088;226;12;238
71089;238;2;240
71090;4171;53;4224
71091;189;2;191
71092;504;13;517
71093;662;18;680
71094;139;2;141
71095;437;10;447
71096;192;2;194
71097;480;12;492
71098;250;4;254
71099;316;14;330
71100;203;0;203
71101;452;8;460
71102;688;24;712
71103;274;6;280
71104;190;7;197
71105;7742;297;8039
71106;2888;438;3326
71107;331;10;341
71108;168;5;173
71109;352;2;354
71110;565;10;575
71111;305;11;316
71112;228;8;236
71113;98;0;98
71115;92;4;96
71116;169;2;171
71117;1095;31;1126
71118;6148;143;6291
71119;1119;24;1143
71120;3703;69;3772
71121;316;3;319
71122;557;15;572
71123;373;4;377
71124;203;7;210
71125;20;0;20
71126;584;23;607
71127;60;5;65
71128;88;5;93
71129;271;7;278
71130;229;6;235
71131;851;13;864
71132;2260;30;2290
71133;1637;58;1695
71134;661;21;682
71135;891;20;911
71136;276;8;284
71137;4929;247;5176
71139;144;0;144
71140;50;0;50
71141;310;6;316
71142;240;4;244
71143;459;8;467
71144;191;5;196
71145;564;5;569
71146;232;7;239
71147;251;6;257
71148;843;17;860
71149;1323;29;1352
71150;3089;86;3175
71151;78;4;82
71152;180;9;189
71153;21269;298;21567
71154;2469;62;2531
71155;519;16;535
71156;262;65;327
71157;1829;31;1860
71158;1571;40;1611
71159;202;8;210
71160;310;9;319
71161;319;6;325
71162;1153;44;1197
71163;90;1;91
71164;129;3;132
71165;378;8;386
71166;112;4;116
71167;552;20;572
71168;174;1;175
71169;700;107;807
71170;1794;40;1834
71171;305;9;314
71172;85;1;86
71173;311;4;315
71174;173;4;177
71175;338;4;342
71176;7741;249;7990
71177;802;12;814
71178;889;31;920
71179;81;1;82
71181;168;4;172
71182;1458;52;1510
71183;153;3;156
71184;608;9;617
71185;332;14;346
71186;262;5;267
71187;1580;34;1614
71188;60;1;61
71189;1616;52;1668
71190;2164;30;2194
71191;472;10;482
71192;1811;148;1959
71193;473;11;484
71194;790;15;805
71195;220;1;221
71196;634;8;642
71198;412;7;419
71199;174;8;182
71200;704;17;721
71201;196;7;203
71202;1877;364;2241
71203;52;1;53
71204;1487;43;1530
71205;651;9;660
71206;239;4;243
71207;288;11;299
71208;210;4;214
71209;728;14;742
71210;373;19;392
71212;1387;33;1420
71213;569;17;586
71214;420;11;431
71215;2581;72;2653
71216;197;5;202
71217;125;5;130
71218;581;21;602
71219;547;15;562
71220;473;3;476
71221;3684;161;3845
71222;899;26;925
71223;563;8;571
71224;82;6;88
71225;525;13;538
71226;30;0;30
71227;513;8;521
71228;210;0;210
71229;231;1;232
71230;6760;194;6954
71231;630;11;641
71232;202;14;216
71233;304;7;311
71234;341;6;347
71235;1954;108;2062
71236;879;21;900
71237;524;7;531
71238;986;18;1004
71239;697;11;708
71240;384;15;399
71241;486;18;504
71242;521;11;532
71243;371;4;375
71244;438;2;440
71245;322;6;328
71246;250;3;253
71247;365;10;375
71248;710;20;730
71249;991;37;1028
71250;1087;49;1136
71251;590;13;603
71252;370;14;384
71253;928;26;954
71254;151;1;152
71255;179;2;181
71256;539;12;551
71257;653;12;665
71258;509;15;524
71259;363;7;370
71261;662;16;678
71262;161;4;165
71263;6433;225;6658
71264;328;9;337
71266;315;3;318
71267;859;84;943
71268;350;10;360
71269;2067;33;2100
71270;33908;755;34663
71271;149;5;154
71272;199;9;208
71273;283;6;289
71274;388;10;398
71275;1727;31;1758
71276;128;5;133
71277;665;19;684
71278;155;5;160
71279;628;19;647
71280;87;2;89
71281;307;14;321
71282;1243;34;1277
71283;537;7;544
71284;143;7;150
71285;410;6;416
71286;263;4;267
71287;328;6;334
71289;1145;22;1167
71290;377;68;445
71291;968;23;991
71292;1322;45;1367
71293;409;10;419
71294;1212;171;1383
71295;1505;25;1530
71296;749;19;768
71297;754;22;776
71299;316;7;323
71300;621;8;629
71301;170;2;172
71302;215;9;224
71303;485;6;491
71305;828;15;843
71306;17678;308;17986
71307;290;7;297
71308;31;1;32
71309;1924;60;1984
71310;4964;89;5053
71311;256;5;261
71312;255;1;256
71313;381;15;396
71314;206;0;206
71315;183;2;185
71316;371;7;378
71317;183;3;186
71318;1100;20;1120
71319;779;16;795
71320;315;3;318
71321;192;4;196
71322;52;1;53
71323;136;0;136
71324;579;23;602
71325;1206;34;1240
71326;418;7;425
71327;343;8;351
71328;631;12;643
71329;410;9;419
71330;754;15;769
71331;117;1;118
71332;469;5;474
71333;1222;39;1261
71334;383;9;392
71335;66;0;66
71336;3110;80;3190
71337;303;8;311
71338;216;2;218
71339;391;8;399
71340;1507;26;1533
71341;254;2;256
71342;9214;417;9631
71343;318;4;322
71344;66;2;68
71345;672;11;683
71346;1568;26;1594
71347;553;15;568
71348;131;3;134
71349;51;1;52
71350;874;30;904
71351;1938;31;1969
71352;88;3;91
71353;525;7;532
71354;570;22;592
71355;280;7;287
71356;974;17;991
71357;217;0;217
71358;102;3;105
71359;568;10;578
71360;1910;46;1956
71361;58;5;63
71362;344;5;349
71363;88;5;93
71364;176;1;177
71365;591;8;599
71366;380;8;388
71367;366;5;371
71368;303;16;319
71369;430;7;437
71370;626;11;637
71371;1577;41;1618
71372;2021;33;2054
71373;1704;21;1725
71374;162;2;164
71376;275;8;283
71377;128;2;130
71378;1557;35;1592
71379;1233;21;1254
71380;789;17;806
71381;74;0;74
71382;697;15;712
71383;534;5;539
71384;506;8;514
71385;566;20;586
71386;94;0;94
71387;249;9;258
71388;467;20;487
71389;281;5;286
71390;1084;22;1106
71391;555;17;572
71392;491;9;500
71393;491;17;508
71394;765;22;787
71395;209;2;211
71396;488;4;492
71397;283;8;291
71398;1044;31;1075
71399;532;15;547
71400;129;4;133
71401;629;13;642
71402;750;25;775
71403;260;10;270
71404;896;22;918
71405;198;1;199
71406;126;9;135
71407;221;4;225
71408;428;9;437
71409;310;9;319
71410;794;15;809
71411;154;8;162
71412;1200;24;1224
71413;833;10;843
71414;443;17;460
71415;138;2;140
71416;592;6;598
71417;1058;7;1065
71419;1895;42;1937
71420;2310;51;2361
71421;185;7;192
71422;276;9;285
71423;433;5;438
71424;211;3;214
71425;279;11;290
71426;540;11;551
71427;51;1;52
71428;763;26;789
71430;395;16;411
71431;377;13;390
71433;491;14;505
71434;345;7;352
71435;243;9;252
71436;1004;20;1024
71437;323;11;334
71438;529;19;548
71439;748;19;767
71440;374;9;383
71441;279;4;283
71442;1567;22;1589
71443;1640;57;1697
71444;1199;30;1229
71445;6190;180;6370
71446;189;6;195
71447;273;14;287
71448;1389;33;1422
71449;120;6;126
71450;101;6;107
71451;94;0;94
71452;96;1;97
71453;242;11;253
71454;187;8;195
71455;159;4;163
71456;1911;68;1979
71457;120;2;122
71458;61;0;61
71459;340;17;357
71460;468;23;491
71461;62;1;63
71462;528;11;539
71463;571;12;583
71464;184;4;188
71465;274;9;283
71466;122;4;126
71468;848;16;864
71469;364;10;374
71470;347;14;361
71471;92;1;93
71472;209;8;217
71473;150;1;151
71474;147;2;149
71475;6615;157;6772
71477;484;9;493
71478;85;2;87
71479;1758;36;1794
71480;596;13;609
71481;1150;20;1170
71482;836;11;847
71483;425;12;437
71484;1282;29;1311
71485;258;14;272
71486;8576;172;8748
71487;162;3;165
71488;104;3;107
71489;570;9;579
71490;1015;17;1032
71491;1156;24;1180
71492;126;2;128
71493;343;7;350
71494;526;14;540
71495;874;12;886
71496;143;10;153
71497;2150;54;2204
71498;132;6;138
71499;4316;81;4397
71500;93;3;96
71501;142;3;145
71502;1577;45;1622
71503;128;3;131
71504;80;2;82
71505;76;1;77
71506;1137;17;1154
71507;169;1;170
71508;406;9;415
71509;476;6;482
71510;610;19;629
71512;3012;68;3080
71513;1127;36;1163
71514;419;5;424
71515;100;3;103
71516;607;7;614
71517;232;3;235
71518;274;9;283
71519;189;4;193
71520;1290;25;1315
71521;106;2;108
71522;1737;19;1756
71523;1188;12;1200
71524;173;7;180
71525;576;11;587
71526;361;7;368
71527;210;4;214
71528;2001;45;2046
71529;257;7;264
71530;488;14;502
71531;215;1;216
71532;194;3;197
71533;532;18;550
71534;112;5;117
71535;507;11;518
71537;131;0;131
71538;439;11;450
71539;79;2;81
71540;2813;39;2852
71541;374;4;378
71542;1510;27;1537
71543;5489;338;5827
71544;194;5;199
71545;1056;19;1075
71546;404;8;412
71547;259;7;266
71548;249;2;251
71549;214;6;220
71550;825;14;839
71551;91;5;96
71552;520;13;533
71553;275;5;280
71554;113;3;116
71555;2317;48;2365
71556;566;8;574
71557;728;17;745
71558;1132;26;1158
71559;539;14;553
71561;225;9;234
71562;212;33;245
71563;74;1;75
71564;746;20;766
71565;569;12;581
71566;1060;8;1068
71567;257;7;264
71568;57;0;57
71570;516;14;530
71571;447;26;473
71572;233;0;233
71573;192;5;197
71574;813;27;840
71576;279;5;284
71577;219;4;223
71578;313;11;324
71579;167;2;169
71580;418;10;428
71581;254;5;259
71582;650;18;668
71583;718;23;741
71584;1189;28;1217
71585;1366;71;1437
71586;258;4;262
71588;1099;38;1137
71589;423;8;431
71590;632;23;655
71591;521;8;529
72001;1698;37;1735
72002;205;3;208
72003;11167;109;11276
72004;585;3;588
72005;936;22;958
72006;1899;232;2131
72007;497;11;508
72008;5503;123;5626
72009;362;8;370
72010;400;11;411
72011;906;17;923
72012;490;10;500
72013;2115;27;2142
72015;114;0;114
72016;1478;35;1513
72017;237;3;240
72018;87;1;88
72019;377;9;386
72020;705;17;722
72021;585;7;592
72022;1221;27;1248
72023;2253;30;2283
72024;3646;61;3707
72025;1993;54;2047
72026;1506;16;1522
72027;327;8;335
72028;484;7;491
72029;1967;28;1995
72031;529;3;532
72032;333;10;343
72034;442;12;454
72035;2117;45;2162
72036;309;4;313
72037;120;1;121
72038;575;1;576
72039;3791;57;3848
72040;142;2;144
72041;344;5;349
72042;2102;25;2127
72043;327;7;334
72044;436;5;441
72045;829;13;842
72046;1544;27;1571
72047;2128;135;2263
72048;527;4;531
72049;247;1;248
72050;1521;29;1550
72051;3369;36;3405
72052;678;9;687
72053;1227;14;1241
72054;3756;68;3824
72056;1336;24;1360
72057;72;3;75
72058;6552;197;6749
72059;841;19;860
72060;261;3;264
72061;1701;25;1726
72062;858;24;882
72064;528;10;538
72065;2302;66;2368
72066;426;7;433
72067;990;16;1006
72068;1384;16;1400
72070;247;7;254
72071;6038;245;6283
72072;252;2;254
72073;1072;22;1094
72074;210;4;214
72075;993;26;1019
72076;241;2;243
72077;426;7;433
72078;356;3;359
72079;312;3;315
72080;2731;80;2811
72083;382;11;393
72084;1259;35;1294
72085;182;2;184
72086;138;4;142
72087;477;14;491
72088;334;11;345
72089;1863;38;1901
72090;2952;59;3011
72091;133;2;135
72093;903;14;917
72094;615;9;624
72095;7779;116;7895
72096;1656;82;1738
72098;505;6;511
72099;638;7;645
72100;411;4;415
72101;676;13;689
72102;98;1;99
72103;611;8;619
72104;573;15;588
72105;490;5;495
72106;935;28;963
72107;347;6;353
72109;552;6;558
72110;1044;20;1064
72111;471;15;486
72112;476;5;481
72113;763;12;775
72114;268;6;274
72115;922;22;944
72118;1460;23;1483
72119;1047;19;1066
72120;251;3;254
72121;322;10;332
72122;1041;21;1062
72123;72;0;72
72124;4744;72;4816
72125;298;9;307
72126;292;9;301
72127;1956;37;1993
72128;524;5;529
72129;850;16;866
72130;705;12;717
72131;593;8;601
72132;8862;337;9199
72133;1489;23;1512
72134;532;14;546
72135;606;6;612
72136;318;8;326
72137;2191;38;2229
72138;2889;46;2935
72139;979;41;1020
72141;923;35;958
72142;149;5;154
72143;1926;26;1952
72144;327;4;331
72145;395;7;402
72146;3092;54;3146
72147;1125;24;1149
72148;82;1;83
72149;629;10;639
72150;1261;23;1284
72151;1136;31;1167
72152;444;11;455
72153;554;12;566
72154;14858;1071;15929
72155;2323;30;2353
72156;932;23;955
72157;714;13;727
72158;831;12;843
72160;586;7;593
72161;904;13;917
72163;491;9;500
72164;70;0;70
72165;1911;24;1935
72166;317;10;327
72167;717;12;729
72168;2068;41;2109
72169;1460;25;1485
72170;172;7;179
72171;102;1;103
72172;1441;13;1454
72173;1231;26;1257
72174;102;1;103
72175;1540;14;1554
72176;4126;71;4197
72177;354;4;358
72178;191;1;192
72179;1884;34;1918
72180;5157;171;5328
72181;143847;2856;146703
72182;1544;29;1573
72183;1068;16;1084
72184;384;6;390
72185;661;9;670
72186;887;11;898
72187;1611;17;1628
72188;151;2;153
72189;2109;26;2135
72190;277;4;281
72191;3120;39;3159
72192;95;2;97
72193;430;7;437
72194;267;2;269
72195;1874;28;1902
72196;732;6;738
72197;689;5;694
72198;2637;36;2673
72199;281;1;282
72200;3703;62;3765
72201;259;4;263
72202;198;11;209
72204;521;6;527
72205;1804;26;1830
72208;374;9;383
72209;304;1;305
72210;304;5;309
72211;638;11;649
72212;699;13;712
72213;5225;63;5288
72214;10;2;12
72215;1034;12;1046
72216;595;14;609
72217;2448;48;2496
72218;291;4;295
72219;874;58;932
72220;902;37;939
72221;372;4;376
72222;271;0;271
72223;2624;32;2656
72224;533;3;536
72225;667;8;675
72226;1333;17;1350
72227;41;0;41
72228;2084;50;2134
72229;472;7;479
72230;1073;27;1100
72231;5286;82;5368
72232;657;10;667
72233;60;0;60
72234;365;10;375
72235;376;7;383
72236;191;8;199
72237;501;6;507
72238;73;0;73
72239;612;21;633
72241;2931;48;2979
72243;1645;25;1670
72244;2957;64;3021
72245;685;15;700
72246;208;6;214
72247;1338;31;1369
72248;821;24;845
72249;763;13;776
72250;151;9;160
72251;386;5;391
72252;1142;10;1152
72253;2615;69;2684
72254;268;6;274
72255;800;16;816
72256;791;7;798
72257;2316;319;2635
72259;282;7;289
72260;3503;69;3572
72261;302;12;314
72262;2163;174;2337
72264;12125;456;12581
72265;236;2;238
72266;733;17;750
72267;912;21;933
72268;706;11;717
72269;3244;195;3439
72270;193;1;194
72271;927;15;942
72272;315;6;321
72273;232;3;235
72274;207;7;214
72275;1521;15;1536
72276;1917;46;1963
72277;114;1;115
72278;773;11;784
72279;153;3;156
72280;2155;36;2191
72281;443;5;448
72282;536;5;541
72283;334;5;339
72286;387;7;394
72287;2021;44;2065
72289;2035;33;2068
72290;1811;15;1826
72291;982;20;1002
72292;238;5;243
72293;617;7;624
72294;471;15;486
72295;499;7;506
72296;746;21;767
72297;547;12;559
72298;576;10;586
72299;2439;34;2473
72300;2698;29;2727
72302;173;4;177
72303;731;10;741
72305;968;25;993
72306;1322;24;1346
72307;239;6;245
72308;2106;248;2354
72309;285;7;292
72310;1916;58;1974
72311;351;6;357
72312;234;3;237
72313;224;5;229
72314;375;8;383
72315;829;14;843
72316;686;21;707
72317;501;18;519
72319;742;19;761
72320;2590;81;2671
72321;516;10;526
72322;224;2;226
72323;459;2;461
72324;506;14;520
72325;840;17;857
72326;208;5;213
72327;300;4;304
72328;3709;140;3849
72329;4064;83;4147
72330;432;13;445
72331;579;11;590
72332;605;8;613
72333;441;11;452
72334;2231;86;2317
72335;1075;15;1090
72336;1214;40;1254
72337;865;20;885
72338;743;10;753
72339;672;10;682
72340;1239;23;1262
72341;624;12;636
72342;165;7;172
72343;626;11;637
72344;2881;48;2929
72345;339;5;344
72346;4473;56;4529
72347;300;5;305
72348;129;1;130
72349;476;2;478
72350;3056;61;3117
72351;1051;20;1071
72352;139;0;139
72353;215;5;220
72354;161;4;165
72355;106;1;107
72356;414;5;419
72357;729;12;741
72358;1615;37;1652
72359;1429;9;1438
72360;1509;34;1543
72361;484;8;492
72362;165;1;166
72363;1663;16;1679
72364;1432;25;1457
72366;315;4;319
72367;793;12;805
72368;322;6;328
72369;594;64;658
72370;328;6;334
72372;77;1;78
72373;2510;55;2565
72374;148;5;153
72375;539;14;553
72376;707;21;728
72377;1033;11;1044
72378;1445;33;1478
72379;195;6;201
72380;947;22;969
72381;1370;11;1381
72382;943;18;961
72383;132;4;136
72385;1766;24;1790
72386;4261;133;4394
73001;232;9;241
73003;3838;113;3951
73004;433;16;449
73005;182;4;186
73006;4444;109;4553
73007;1679;22;1701
73008;30463;577;31040
73010;6315;141;6456
73011;19502;564;20066
73012;147;2;149
73013;365;10;375
73014;288;2;290
73015;1860;43;1903
73017;987;21;1008
73018;769;21;790
73019;955;20;975
73020;443;11;454
73021;850;17;867
73022;563;15;578
73023;698;23;721
73024;778;22;800
73025;526;11;537
73026;389;14;403
73027;387;6;393
73028;337;3;340
73029;5022;118;5140
73030;3429;41;3470
73031;4785;121;4906
73032;2152;37;2189
73033;494;5;499
73034;2034;89;2123
73036;683;18;701
73039;536;12;548
73040;359;8;367
73041;306;6;312
73042;263;7;270
73043;2781;35;2816
73047;259;9;268
73048;355;14;369
73049;148;0;148
73050;574;21;595
73051;4966;99;5065
73052;147;4;151
73053;690;11;701
73054;7195;401;7596
73055;1876;58;1934
73057;500;12;512
73058;1272;19;1291
73059;2262;69;2331
73061;423;15;438
73063;718;10;728
73064;5609;273;5882
73065;58917;1561;60478
73067;1151;22;1173
73068;587;20;607
73069;952;17;969
73070;702;8;710
73071;565;22;587
73072;33;1;34
73073;535;7;542
73074;330;11;341
73075;572;21;593
73076;261;4;265
73077;563;10;573
73078;144;6;150
73079;924;15;939
73081;668;44;712
73082;747;38;785
73083;222;3;225
73084;952;27;979
73085;1394;21;1415
73086;393;12;405
73087;6359;184;6543
73088;159;8;167
73089;1269;22;1291
73090;264;7;271
73091;207;3;210
73092;153;4;157
73094;336;14;350
73095;382;8;390
73096;1041;19;1060
73097;678;21;699
73098;811;22;833
73099;433;4;437
73100;1904;46;1950
73101;96;3;99
73103;2934;67;3001
73104;479;5;484
73105;1239;17;1256
73106;303;6;309
73107;644;8;652
73109;777;9;786
73110;782;7;789
73113;177;3;180
73114;802;29;831
73116;481;12;493
73117;691;9;700
73119;99;4;103
73120;609;14;623
73121;1928;49;1977
73122;424;19;443
73123;387;15;402
73124;3042;78;3120
73128;4595;101;4696
73129;1215;39;1254
73130;2107;38;2145
73131;303;8;311
73132;758;23;781
73133;351;7;358
73135;1079;26;1105
73137;4047;78;4125
73138;491;11;502
73139;271;12;283
73140;283;7;290
73141;687;14;701
73142;817;20;837
73145;464;14;478
73146;781;17;798
73147;202;0;202
73149;305;6;311
73150;3766;128;3894
73151;3796;88;3884
73152;213;5;218
73153;1352;31;1383
73154;3299;94;3393
73155;2013;42;2055
73156;313;6;319
73157;3075;136;3211
73159;845;8;853
73160;978;26;1004
73161;654;14;668
73162;678;24;702
73164;1011;61;1072
73166;54;2;56
73168;119;1;120
73170;526;11;537
73171;4102;71;4173
73173;475;11;486
73175;73;0;73
73176;709;10;719
73177;238;7;245
73178;505;11;516
73179;12120;611;12731
73180;435;7;442
73181;3496;458;3954
73182;2241;54;2295
73183;1289;34;1323
73184;509;11;520
73186;477;14;491
73187;2635;56;2691
73188;1029;25;1054
73189;227;2;229
73190;247;6;253
73191;2147;69;2216
73192;213;5;218
73193;106;3;109
73194;328;9;337
73196;789;19;808
73197;641;25;666
73200;553;7;560
73201;441;14;455
73202;454;10;464
73204;2075;32;2107
73205;117;4;121
73206;715;23;738
73207;432;12;444
73208;950;40;990
73210;379;5;384
73211;782;24;806
73212;2018;29;2047
73213;8530;546;9076
73214;235;10;245
73215;4160;100;4260
73216;487;6;493
73217;368;12;380
73218;816;16;832
73219;663;16;679
73220;366;11;377
73221;88;3;91
73222;6285;209;6494
73223;446;6;452
73224;889;21;910
73225;2759;91;2850
73226;1706;22;1728
73227;2360;73;2433
73228;905;24;929
73229;533;13;546
73230;132;0;132
73231;1205;23;1228
73232;729;24;753
73233;162;8;170
73234;149;4;153
73235;545;6;551
73236;2905;67;2972
73237;350;3;353
73240;793;20;813
73241;1196;21;1217
73242;272;10;282
73243;1726;57;1783
73245;823;16;839
73246;299;5;304
73247;956;71;1027
73248;7621;345;7966
73249;1866;46;1912
73250;1627;44;1671
73252;239;3;242
73253;601;8;609
73254;120;2;122
73255;818;21;839
73256;327;8;335
73257;3494;117;3611
73258;679;20;699
73259;544;14;558
73261;2467;280;2747
73262;472;35;507
73263;1145;22;1167
73265;723;19;742
73267;297;10;307
73268;529;59;588
73269;724;13;737
73270;4097;103;4200
73271;307;10;317
73272;178;4;182
73273;487;6;493
73274;451;15;466
73275;321;8;329
73276;415;18;433
73277;172;7;179
73278;1238;21;1259
73280;344;8;352
73281;747;20;767
73282;1062;19;1081
73283;709;14;723
73284;997;19;1016
73285;2322;70;2392
73286;1168;21;1189
73288;2002;46;2048
73289;427;9;436
73290;2062;38;2100
73292;318;7;325
73293;455;7;462
73294;338;7;345
73296;2020;42;2062
73297;592;22;614
73298;910;11;921
73299;325;6;331
73300;2988;106;3094
73301;814;16;830
73302;338;3;341
73303;7096;289;7385
73304;1583;46;1629
73306;1066;25;1091
73307;566;3;569
73308;593;18;611
73309;300;5;305
73310;479;12;491
73311;105;1;106
73312;918;31;949
73313;230;1;231
73314;261;5;266
73315;457;8;465
73316;290;4;294
73317;705;27;732
73318;252;9;261
73320;853;25;878
73322;536;14;550
73323;360;15;375
73324;193;8;201
73326;2114;40;2154
73327;395;6;401
73328;2269;57;2326
73329;1911;37;1948
73330;3002;34;3036
74001;1447;117;1564
74002;2576;55;2631
74003;1102;35;1137
74004;415;8;423
74005;4681;125;4806
74006;2191;30;2221
74007;2739;54;2793
74008;6138;67;6205
74009;953;18;971
74010;130721;3380;134101
74012;36582;396;36978
74013;2198;91;2289
74014;1847;54;1901
74015;1140;24;1164
74016;2609;35;2644
74018;1866;48;1914
74019;3370;270;3640
74020;1359;57;1416
74021;1623;30;1653
74024;2219;60;2279
74025;1492;21;1513
74026;5078;163;5241
74027;455;9;464
74029;419;14;433
74030;321;6;327
74031;3027;67;3094
74032;1273;40;1313
74033;1384;28;1412
74034;615;7;622
74035;592;24;616
74036;376;12;388
74037;1861;61;1922
74038;1133;29;1162
74040;3181;143;3324
74041;281;5;286
74042;12509;406;12915
74043;5739;109;5848
74044;1042;12;1054
74045;249;6;255
74046;506;12;518
74048;1096;22;1118
74049;482;2;484
74050;673;16;689
74051;696;11;707
74052;1055;17;1072
74053;1233;22;1255
74054;759;28;787
74055;544;13;557
74056;8640;386;9026
74057;1111;31;1142
74058;932;17;949
74059;261;6;267
74060;115;0;115
74061;931;35;966
74062;1428;26;1454
74063;1246;42;1288
74064;1194;44;1238
74065;499;15;514
74066;253;2;255
74067;2683;168;2851
74068;519;8;527
74069;810;14;824
74070;2792;35;2827
74071;221;6;227
74072;202;6;208
74073;662;12;674
74074;626;7;633
74075;1441;22;1463
74076;1660;43;1703
74077;1034;26;1060
74078;405;6;411
74079;675;6;681
74080;1709;53;1762
74081;16918;405;17323
74082;3948;117;4065
74083;2104;115;2219
74085;1118;47;1165
74086;722;12;734
74087;2204;152;2356
74088;1195;22;1217
74089;984;26;1010
74090;1385;20;1405
74091;362;2;364
74094;6975;167;7142
74095;319;10;329
74096;4502;315;4817
74097;1836;55;1891
74098;1541;54;1595
74099;844;37;881
74100;785;25;810
74101;709;17;726
74102;1441;47;1488
74103;2195;76;2271
74104;3542;85;3627
74105;6483;80;6563
74106;902;31;933
74107;154;5;159
74108;994;21;1015
74109;927;19;946
74111;212;3;215
74112;8196;198;8394
74114;512;6;518
74116;2021;70;2091
74117;838;21;859
74118;2556;29;2585
74119;9108;251;9359
74121;1168;17;1185
74122;640;21;661
74123;7609;227;7836
74124;1757;32;1789
74126;990;31;1021
74127;1433;43;1476
74128;3516;88;3604
74129;227;4;231
74130;540;31;571
74131;2052;39;2091
74133;10071;108;10179
74134;1215;27;1242
74135;525;8;533
74136;2096;48;2144
74137;3900;147;4047
74138;1522;62;1584
74139;1051;31;1082
74140;1475;27;1502
74141;1029;26;1055
74142;983;31;1014
74143;3007;80;3087
74144;827;20;847
74145;630;12;642
74146;1506;46;1552
74147;1008;26;1034
74148;273;7;280
74150;1633;29;1662
74151;572;9;581
74152;1257;41;1298
74153;1607;65;1672
74154;2504;52;2556
74155;802;28;830
74156;690;13;703
74157;1741;63;1804
74158;1098;17;1115
74159;3240;68;3308
74160;996;23;1019
74161;1953;57;2010
74162;1052;18;1070
74163;2197;78;2275
74164;6372;185;6557
74165;693;9;702
74166;1842;52;1894
74167;1383;24;1407
74168;1053;11;1064
74169;5642;116;5758
74170;874;19;893
74171;1534;34;1568
74172;1453;34;1487
74173;3025;128;3153
74174;590;25;615
74175;314;6;320
74176;1884;70;1954
74177;1082;20;1102
74178;729;13;742
74179;780;27;807
74180;2150;50;2200
74183;2421;64;2485
74184;1045;20;1065
74185;2318;45;2363
74186;760;22;782
74188;939;24;963
74189;1667;54;1721
74190;676;13;689
74191;2717;74;2791
74192;983;37;1020
74193;1061;11;1072
74194;881;24;905
74195;420;8;428
74196;465;15;480
74197;1604;34;1638
74198;1006;40;1046
74199;378;7;385
74200;3122;95;3217
74201;2152;23;2175
74202;719;8;727
74203;49;2;51
74205;1288;29;1317
74206;1030;18;1048
74208;11233;423;11656
74209;1381;40;1421
74210;1885;40;1925
74211;3108;90;3198
74212;1814;30;1844
74213;8233;359;8592
74215;1241;36;1277
74216;1054;17;1071
74218;7341;213;7554
74219;1252;50;1302
74220;8072;196;8268
74221;536;21;557
74222;504;9;513
74223;470;5;475
74224;11149;342;11491
74225;15768;377;16145
74226;575;12;587
74228;351;12;363
74229;3671;74;3745
74231;594;14;608
74232;498;21;519
74233;2418;30;2448
74234;876;22;898
74235;587;12;599
74236;5604;130;5734
74237;886;4;890
74238;1558;26;1584
74239;1461;38;1499
74240;1007;28;1035
74241;3370;101;3471
74242;6008;200;6208
74243;15873;252;16125
74244;839;34;873
74249;2487;83;2570
74250;7091;139;7230
74252;585;33;618
74253;1018;38;1056
74254;605;16;621
74255;2060;51;2111
74256;16831;491;17322
74257;765;21;786
74258;2473;63;2536
74259;434;8;442
74260;980;21;1001
74261;484;8;492
74262;1148;21;1169
74263;6348;144;6492
74264;8932;138;9070
74265;702;72;774
74266;1057;35;1092
74267;4139;182;4321
74269;2351;79;2430
74271;519;13;532
74272;5365;130;5495
74273;759;18;777
74275;1948;67;2015
74276;3394;71;3465
74278;6330;150;6480
74279;831;25;856
74280;6598;284;6882
74281;35826;1147;36973
74282;9449;236;9685
74283;1131;19;1150
74284;1301;25;1326
74285;415;9;424
74286;859;17;876
74287;914;20;934
74288;4935;60;4995
74289;2562;59;2621
74290;406;12;418
74291;336;4;340
74292;1022;30;1052
74293;3919;44;3963
74294;755;20;775
74295;343;5;348
74296;918;18;936
74297;610;25;635
74298;9003;264;9267
74299;2276;82;2358
74301;905;19;924
74302;1071;37;1108
74303;3347;126;3473
74304;933;10;943
74305;9050;119;9169
74306;594;17;611
74307;989;16;1005
74308;844;23;867
74309;5415;82;5497
74310;1307;33;1340
74311;4454;78;4532
74312;1581;28;1609
74313;555;11;566
74314;1630;55;1685
74315;1067;19;1086
75101;15917;138;16055
75102;21595;140;21735
75103;34025;281;34306
75104;29131;259;29390
75105;58227;670;58897
75106;40303;868;41171
75107;48888;793;49681
75108;35655;595;36250
75109;60026;537;60563
75110;86472;391;86863
75111;145208;820;146028
75112;139297;940;140237
75113;180005;1228;181233
75114;135592;976;136568
75115;230981;1687;232668
75116;165523;2254;167777
75117;166543;1432;167975
75118;192468;820;193288
75119;184573;998;185571
75120;194994;924;195918
76001;1158;19;1177
76002;622;9;631
76004;468;14;482
76005;3306;31;3337
76006;173;4;177
76007;675;10;685
76008;630;10;640
76009;344;4;348
76010;373;6;379
76011;152;4;156
76012;185;3;188
76013;1078;30;1108
76014;1405;15;1420
76015;512;11;523
76016;121;2;123
76017;648;6;654
76018;1491;33;1524
76019;424;10;434
76020;1189;23;1212
76021;467;7;474
76022;338;13;351
76023;300;5;305
76024;157;4;161
76025;344;8;352
76026;2573;52;2625
76028;187;1;188
76029;199;3;202
76030;503;3;506
76032;138;1;139
76033;458;6;464
76034;2535;22;2557
76035;1986;53;2039
76036;692;19;711
76038;399;3;402
76039;1261;26;1287
76040;308;0;308
76041;1349;36;1385
76042;102;0;102
76043;1130;361;1491
76045;358;9;367
76046;702;12;714
76047;150;1;151
76048;297;6;303
76049;280;6;286
76050;1011;27;1038
76051;1910;39;1949
76052;221;1;222
76053;108;1;109
76054;522;4;526
76055;337;17;354
76056;632;6;638
76057;12398;229;12627
76058;218;5;223
76059;417;11;428
76060;497;13;510
76062;261;3;264
76063;472;10;482
76064;492;13;505
76065;411;4;415
76066;149;4;153
76067;604;14;618
76068;643;17;660
76069;2235;52;2287
76070;624;10;634
76071;474;8;482
76072;738;12;750
76074;54;0;54
76075;452;2;454
76076;267;5;272
76077;178;5;183
76079;189;1;190
76082;637;6;643
76083;99;1;100
76084;122;1;123
76085;339;10;349
76086;216;5;221
76087;680;10;690
76088;545;9;554
76090;1244;17;1261
76091;228;2;230
76092;634;10;644
76093;357;13;370
76094;325;3;328
76095;8264;166;8430
76096;662;12;674
76097;106;0;106
76099;723;9;732
76100;1222;17;1239
76101;2907;34;2941
76103;6479;106;6585
76104;252;14;266
76105;659;7;666
76106;556;7;563
76107;299;4;303
76108;14592;404;14996
76109;182;4;186
76110;472;5;477
76111;601;10;611
76112;353;8;361
76113;406;6;412
76114;11610;136;11746
76115;581;3;584
76116;3923;46;3969
76117;651;20;671
76118;251;8;259
76119;200;2;202
76120;452;10;462
76121;364;3;367
76122;509;8;517
76123;1028;28;1056
76124;434;8;442
76125;1532;19;1551
76126;317;6;323
76128;585;15;600
76129;206;6;212
76130;289;3;292
76131;722;10;732
76132;465;2;467
76133;431;9;440
76134;300;4;304
76135;987;13;1000
76136;723;11;734
76138;329;5;334
76139;220;3;223
76140;199;2;201
76141;1359;13;1372
76142;454;126;580
76143;1360;22;1382
76144;154;2;156
76146;2840;102;2942
76147;913;23;936
76148;326;4;330
76149;284;5;289
76151;262;10;272
76152;763;4;767
76153;324;3;327
76154;475;12;487
76155;377;3;380
76156;342;9;351
76157;13846;373;14219
76158;326;2;328
76159;3046;56;3102
76160;417;10;427
76161;100;3;103
76162;270;5;275
76163;672;10;682
76164;4148;66;4214
76165;9949;67;10016
76166;482;4;486
76167;1594;27;1621
76168;65;1;66
76169;1276;114;1390
76170;118;1;119
76171;135;1;136
76172;158;3;161
76173;542;6;548
76174;404;5;409
76175;260;7;267
76176;343;7;350
76177;284;6;290
76178;4924;25;4949
76179;1377;16;1393
76180;190;8;198
76181;154;2;156
76182;262;2;264
76183;763;19;782
76184;109;3;112
76185;166;4;170
76186;496;3;499
76187;162;3;165
76188;476;4;480
76189;153;6;159
76190;208;3;211
76192;2630;54;2684
76193;341;5;346
76194;402;3;405
76195;177;1;178
76196;2562;90;2652
76197;221;2;223
76198;802;19;821
76199;691;10;701
76200;458;12;470
76201;534;4;538
76202;318;4;322
76203;757;7;764
76204;254;1;255
76205;248;2;250
76206;345;5;350
76207;196;6;202
76208;665;17;682
76209;442;8;450
76210;460;2;462
76211;231;2;233
76212;9788;84;9872
76213;401;9;410
76214;265;1;266
76216;10654;75;10729
76217;28241;468;28709
76218;98;2;100
76219;2477;45;2522
76220;523;12;535
76221;194;5;199
76222;4073;53;4126
76223;514;6;520
76224;977;19;996
76225;377;12;389
76226;163;2;165
76227;698;11;709
76228;392;7;399
76229;406;14;420
76230;475;6;481
76231;16224;126;16350
76232;643;9;652
76233;151;4;155
76234;712;11;723
76235;2022;155;2177
76236;349;1;350
76237;509;8;517
76238;2654;39;2693
76239;776;14;790
76240;1013;13;1026
76241;139;6;145
76242;195;4;199
76243;294;2;296
76244;385;6;391
76245;1619;16;1635
76247;495;4;499
76249;827;11;838
76250;1205;27;1232
76251;442;3;445
76252;1036;28;1064
76253;826;14;840
76254;1237;6;1243
76255;6716;200;6916
76257;183;2;185
76258;4193;112;4305
76259;18041;288;18329
76260;1675;19;1694
76261;458;11;469
76262;134;2;136
76263;1289;22;1311
76264;484;11;495
76265;163;8;171
76266;705;15;720
76268;185;5;190
76269;173;3;176
76270;2633;53;2686
76271;1809;18;1827
76272;899;17;916
76273;541;15;556
76274;28;0;28
76275;1521;24;1545
76276;3812;198;4010
76278;797;13;810
76279;359;10;369
76280;132;1;133
76281;2093;45;2138
76282;953;9;962
76283;238;4;242
76284;331;5;336
76285;574;8;582
76286;672;7;679
76287;1017;13;1030
76288;364;4;368
76289;1726;24;1750
76290;398;11;409
76291;1194;26;1220
76292;144;3;147
76293;236;0;236
76294;384;8;392
76295;1224;9;1233
76296;2526;31;2557
76297;230;7;237
76298;468;5;473
76299;391;4;395
76300;431;4;435
76302;2864;41;2905
76303;729;9;738
76304;369;1;370
76305;9124;59;9183
76306;178;2;180
76307;1371;20;1391
76308;503;8;511
76309;123;2;125
76311;425;5;430
76312;6041;97;6138
76313;888;14;902
76314;615;9;624
76315;1077;18;1095
76316;442;4;446
76317;433;12;445
76318;737;27;764
76319;9739;191;9930
76320;328;4;332
76321;1783;27;1810
76322;25963;250;26213
76323;155;2;157
76324;848;15;863
76325;438;5;443
76327;374;5;379
76328;375;5;380
76329;3175;37;3212
76330;686;20;706
76331;1008;5;1013
76332;423;2;425
76333;464;5;469
76334;528;19;547
76335;88;0;88
76336;377;11;388
76338;224;1;225
76339;257;3;260
76340;523;7;530
76341;8349;65;8414
76342;715;17;732
76343;193;4;197
76344;407;10;417
76345;281;2;283
76346;316;8;324
76347;356;6;362
76348;687;8;695
76349;1891;71;1962
76350;399;7;406
76351;168290;1830;170120
76352;372;3;375
76353;107;6;113
76354;1323;14;1337
76355;950;13;963
76356;115;2;117
76357;355;16;371
76358;247;1;248
76359;143;2;145
76360;634;8;642
76361;715;10;725
76362;299;7;306
76363;575;8;583
76364;272;5;277
76365;187;0;187
76366;4107;29;4136
76367;2907;47;2954
76368;338;6;344
76369;534;7;541
76370;427;3;430
76371;71;0;71
76372;410;3;413
76373;305;6;311
76374;1234;15;1249
76375;274;14;288
76377;3546;72;3618
76378;1704;34;1738
76379;192;2;194
76380;316;8;324
76381;131;1;132
76382;1161;13;1174
76383;96;0;96
76384;8797;145;8942
76385;1496;53;1549
76386;380;6;386
76387;389;7;396
76388;472;3;475
76389;187;7;194
76390;1106;21;1127
76391;2338;66;2404
76392;1264;14;1278
76393;49;0;49
76394;630;5;635
76395;561;11;572
76396;334;2;336
76397;992;25;1017
76398;747;6;753
76399;196;1;197
76400;2169;36;2205
76401;2522;44;2566
76402;6143;48;6191
76403;204;3;207
76404;1228;22;1250
76405;224;1;225
76406;421;6;427
76407;304;8;312
76408;1035;14;1049
76409;892;13;905
76410;10663;135;10798
76411;233;1;234
76412;714;11;725
76413;426;6;432
76414;1603;51;1654
76415;334;5;339
76416;327;5;332
76417;415;3;418
76418;1000;20;1020
76419;164;6;170
76420;358;6;364
76421;922;14;936
76422;266;8;274
76423;168;2;170
76424;228;1;229
76425;293;5;298
76426;161;1;162
76427;937;249;1186
76428;17;3;20
76429;7886;341;8227
76430;120;3;123
76431;97;3;100
76432;245;4;249
76433;729;7;736
76434;1090;7;1097
76435;793;16;809
76436;619;4;623
76437;553;5;558
76438;244;5;249
76439;342;9;351
76440;197;4;201
76441;633;11;644
76442;591;9;600
76443;840;16;856
76445;600;7;607
76446;1271;17;1288
76447;15470;235;15705
76448;1346;29;1375
76449;500;8;508
76450;271;26;297
76451;19357;375;19732
76452;4563;51;4614
76453;1076;20;1096
76454;83;0;83
76455;316;5;321
76456;765;11;776
76457;928;17;945
76458;127;3;130
76459;349;5;354
76460;513;8;521
76461;400;5;405
76462;4678;209;4887
76463;667;22;689
76464;2378;37;2415
76465;571;6;577
76467;1329;19;1348
76468;1360;33;1393
76469;432;5;437
76470;659;24;683
76471;1001;27;1028
76472;774;2;776
76473;790;10;800
76474;6978;83;7061
76475;6105;194;6299
76476;10248;185;10433
76477;453;7;460
76478;186;1;187
76479;132;1;133
76480;451;11;462
76481;6018;122;6140
76482;3143;228;3371
76483;227;2;229
76484;12241;58;12299
76485;270;46;316
76486;897;4;901
76487;314;6;320
76488;507;16;523
76489;417;10;427
76490;1130;13;1143
76491;662;6;668
76492;465;16;481
76493;407;12;419
76494;585;7;592
76495;6212;51;6263
76497;8693;175;8868
76498;22000;275;22275
76499;1126;29;1155
76500;478;4;482
76501;135;7;142
76502;551;9;560
76503;1276;20;1296
76504;128;2;130
76505;95;1;96
76506;488;4;492
76507;816;15;831
76508;453;15;468
76509;1836;31;1867
76510;237;3;240
76511;154;1;155
76512;24;0;24
76513;589;15;604
76514;1025;13;1038
76515;541;14;555
76516;423;19;442
76517;3097;88;3185
76518;504;9;513
76519;73;4;77
76520;606;13;619
76521;147;1;148
76522;1277;24;1301
76523;184;3;187
76524;134;2;136
76526;180;7;187
76527;441;3;444
76528;609;11;620
76529;294;12;306
76530;222;5;227
76531;319;8;327
76532;793;18;811
76533;1574;17;1591
76534;1186;18;1204
76535;461;8;469
76536;1209;22;1231
76537;184;6;190
76538;266;5;271
76540;112321;1613;113934
76541;1524;27;1551
76542;278;4;282
76543;605;11;616
76544;225;8;233
76545;1809;42;1851
76546;298;7;305
76547;780;9;789
76548;744;15;759
76549;146;6;152
76550;1205;24;1229
76551;850;11;861
76552;7317;259;7576
76553;302;5;307
76554;355;2;357
76555;833;20;853
76556;1091;21;1112
76557;1444;21;1465
76558;1176;6;1182
76559;512;8;520
76560;1024;16;1040
76561;8429;76;8505
76562;841;18;859
76563;1917;14;1931
76564;165;3;168
76565;1160;99;1259
76566;624;5;629
76567;178;5;183
76568;606;12;618
76569;222;4;226
76570;308;4;312
76571;692;4;696
76572;126;5;131
76573;502;14;516
76574;693;4;697
76575;28352;221;28573
76576;1208;17;1225
76577;620;13;633
76578;269;4;273
76580;904;19;923
76581;391;9;400
76582;247;5;252
76583;342;5;347
76584;218;5;223
76585;411;15;426
76586;652;5;657
76587;720;9;729
76588;489;12;501
76589;199;5;204
76590;344;2;346
76591;3045;44;3089
76592;816;27;843
76593;610;11;621
76594;1351;26;1377
76595;1844;38;1882
76596;1491;38;1529
76597;763;9;772
76598;489;9;498
76599;3599;49;3648
76600;1709;34;1743
76601;233;3;236
76602;620;12;632
76603;462;6;468
76604;179;6;185
76605;468;13;481
76606;188;25;213
76608;2027;33;2060
76609;364;11;375
76610;1580;13;1593
76611;317;9;326
76612;261;5;266
76613;651;12;663
76614;1535;31;1566
76615;629;24;653
76616;1469;34;1503
76617;1660;62;1722
76618;9628;203;9831
76619;289;5;294
76620;273;7;280
76621;1186;22;1208
76622;301;10;311
76623;118;4;122
76624;3719;60;3779
76626;417;6;423
76627;1645;19;1664
76628;783;13;796
76629;278;6;284
76630;225;7;232
76631;1311;15;1326
76632;391;3;394
76634;897;15;912
76635;72;0;72
76636;2306;33;2339
76637;823;12;835
76638;1091;16;1107
76640;8283;71;8354
76641;195;5;200
76642;265;3;268
76644;799;16;815
76645;145;5;150
76646;604;14;618
76647;4259;40;4299
76648;2351;23;2374
76649;585;11;596
76650;1229;26;1255
76651;153;3;156
76652;763;5;768
76653;372;3;375
76654;468;10;478
76655;3928;163;4091
76656;767;7;774
76657;1137;23;1160
76658;691;21;712
76660;797;11;808
76662;111;1;112
76663;1035;18;1053
76664;281;5;286
76665;431;5;436
76666;411;16;427
76667;349;6;355
76668;365;7;372
76669;430;7;437
76670;884;11;895
76671;178;1;179
76672;979;20;999
76673;1132;16;1148
76675;1094;11;1105
76676;496;11;507
76677;383;8;391
76678;828;13;841
76679;111;1;112
76680;185;4;189
76681;29068;445;29513
76682;758;4;762
76683;397;10;407
76684;1250;22;1272
76685;669;3;672
76686;541;8;549
76688;400;14;414
76689;367;38;405
76690;639;19;658
76691;230;1;231
76692;293;5;298
76693;687;7;694
76694;138;3;141
76695;279;5;284
76697;796;25;821
76698;491;7;498
76699;451;4;455
76700;1576;31;1607
76702;838;15;853
76703;212;8;220
76705;2493;21;2514
76706;691;7;698
76707;1211;39;1250
76708;702;12;714
76709;4876;46;4922
76710;103;2;105
76711;4582;98;4680
76712;832;26;858
76714;769;14;783
76715;624;8;632
76716;1462;25;1487
76717;718;3;721
76718;1421;37;1458
76719;858;15;873
76720;945;33;978
76721;328;9;337
76723;438;7;445
76724;132;2;134
76725;576;5;581
76726;322;6;328
76727;1141;26;1167
76728;1124;20;1144
76730;133;2;135
76731;209;2;211
76732;242;4;246
76733;228;4;232
76734;447;12;459
76735;550;14;564
76736;271;6;277
76737;600;19;619
76738;757;11;768
76739;553;6;559
76740;574;10;584
76741;286;12;298
76743;1765;19;1784
76744;188;2;190
76745;201;2;203
76746;222;2;224
76747;351;3;354
76748;653;7;660
76749;342;8;350
76750;1041;13;1054
76751;1269;18;1287
76752;2514;21;2535
76753;1151;22;1173
76754;726;15;741
76755;576;9;585
76756;240;8;248
76757;640;7;647
76758;11448;222;11670
76759;444;6;450
77001;1142;29;1171
77002;826;5;831
77003;337;17;354
77004;286;5;291
77005;3281;45;3326
77006;979;20;999
77007;355;7;362
77008;1225;24;1249
77009;124;0;124
77010;935;10;945
77011;499;6;505
77012;294;7;301
77013;359;9;368
77014;13419;224;13643
77015;94;2;96
77016;1623;15;1638
77018;7416;61;7477
77019;333;3;336
77020;645;12;657
77021;152;2;154
77022;1207;39;1246
77023;310;7;317
77024;382;2;384
77025;862;8;870
77026;358;15;373
77027;1194;15;1209
77029;192;3;195
77030;773;5;778
77031;905;11;916
77032;921;17;938
77033;233;8;241
77034;749;7;756
77035;548;7;555
77036;133;3;136
77037;5913;148;6061
77038;409;7;416
77039;1146;11;1157
77040;3739;41;3780
77041;280;5;285
77042;3216;43;3259
77043;348;7;355
77044;960;8;968
77045;722;11;733
77046;335;10;345
77047;1680;14;1694
77048;2763;85;2848
77049;844;14;858
77050;541;10;551
77051;2307;18;2325
77052;345;5;350
77053;18812;317;19129
77054;730;14;744
77055;4809;10;4819
77056;148;6;154
77057;519;3;522
77058;26597;347;26944
77059;647;14;661
77060;732;16;748
77061;2482;35;2517
77062;455;10;465
77063;1267;15;1282
77065;1238;24;1262
77066;327;8;335
77067;10833;145;10978
77068;214;4;218
77069;2074;32;2106
77070;1479;118;1597
77071;864;12;876
77072;685;10;695
77073;560;17;577
77075;1288;15;1303
77076;755;54;809
77077;993;12;1005
77078;1335;51;1386
77079;6353;149;6502
77080;196;1;197
77081;727;8;735
77082;815;13;828
77083;25654;154;25808
77084;1349;11;1360
77085;3991;51;4042
77086;1441;5;1446
77087;170;0;170
77088;2384;30;2414
77089;916;6;922
77090;241;4;245
77091;486;3;489
77093;449;3;452
77094;299;1;300
77095;1354;16;1370
77096;2543;56;2599
77097;299;2;301
77098;358;2;360
77099;2947;56;3003
77100;4339;67;4406
77101;1063;11;1074
77102;163;1;164
77103;217;2;219
77104;693;7;700
77106;1023;17;1040
77107;3339;26;3365
77108;55154;294;55448
77109;1640;26;1666
77110;312;8;320
77111;6304;54;6358
77112;251;4;255
77113;1088;14;1102
77114;3927;40;3967
77115;515;17;532
77116;1308;18;1326
77117;953;9;962
77118;12172;133;12305
77119;248;3;251
77120;626;4;630
77121;3359;43;3402
77122;21627;150;21777
77123;815;2;817
77124;1754;28;1782
77125;1426;17;1443
77126;1762;193;1955
77127;1885;13;1898
77128;2097;29;2126
77129;559;9;568
77130;488;4;492
77131;14779;239;15018
77132;2871;28;2899
77133;199;3;202
77134;148;3;151
77135;1294;14;1308
77136;189;7;196
77137;239;10;249
77138;548;5;553
77139;6698;52;6750
77140;281;3;284
77141;1167;11;1178
77142;4713;67;4780
77143;5223;51;5274
77144;429;1;430
77145;620;12;632
77146;2026;21;2047
77147;666;8;674
77148;1825;24;1849
77150;455;2;457
77151;278;4;282
77152;22128;146;22274
77153;10355;88;10443
77154;1135;16;1151
77155;3417;36;3453
77156;896;14;910
77157;311;6;317
77158;199;2;201
77159;2775;48;2823
77161;802;18;820
77162;1070;8;1078
77163;367;5;372
77164;557;6;563
77165;599;5;604
77167;323;6;329
77168;2152;38;2190
77169;7659;32;7691
77171;6404;47;6451
77172;887;9;896
77173;844;7;851
77174;582;11;593
77175;3025;30;3055
77176;2944;28;2972
77177;1132;13;1145
77178;495;11;506
77179;594;15;609
77180;1257;27;1284
77181;3768;35;3803
77182;4933;48;4981
77183;9637;85;9722
77184;622;10;632
77185;647;17;664
77186;15696;463;16159
77187;588;3;591
77188;998;18;1016
77190;258;5;263
77191;1052;13;1065
77192;5710;57;5767
77193;233;1;234
77194;415;17;432
77195;575;10;585
77196;971;3;974
77197;166;3;169
77198;247;4;251
77199;1389;11;1400
77200;117;2;119
77201;678;4;682
77202;802;6;808
77203;1326;21;1347
77204;211;3;214
77205;148;1;149
77206;181;4;185
77207;153;5;158
77208;1400;29;1429
77209;1186;22;1208
77210;2833;35;2868
77211;1025;9;1034
77212;164;3;167
77214;814;13;827
77215;8476;69;8545
77216;1413;35;1448
77217;2532;30;2562
77218;108;1;109
77219;2621;33;2654
77220;266;5;271
77221;1144;24;1168
77222;4296;29;4325
77223;565;6;571
77224;253;2;255
77225;318;7;325
77226;2545;101;2646
77227;624;17;641
77228;256;4;260
77229;1650;18;1668
77230;161;2;163
77231;815;2;817
77232;1149;17;1166
77233;589;3;592
77234;691;7;698
77235;316;5;321
77236;345;4;349
77237;656;9;665
77238;4349;41;4390
77239;1509;20;1529
77240;2171;28;2199
77241;2003;15;2018
77242;537;7;544
77243;21539;225;21764
77244;681;42;723
77245;410;4;414
77246;587;15;602
77247;447;11;458
77248;763;8;771
77249;7151;118;7269
77250;162;7;169
77251;13853;94;13947
77252;561;6;567
77253;288;1;289
77254;1285;22;1307
77255;2181;34;2215
77256;186;1;187
77257;3533;21;3554
77258;14353;65;14418
77259;2331;11;2342
77260;1781;25;1806
77261;1189;20;1209
77262;490;18;508
77263;236;7;243
77264;1526;17;1543
77265;1112;48;1160
77266;779;12;791
77267;360;3;363
77268;9107;150;9257
77269;1808;54;1862
77270;926;11;937
77271;134;1;135
77272;862;8;870
77273;583;4;587
77274;442;2;444
77275;148;4;152
77276;3231;41;3272
77277;1763;22;1785
77278;410;6;416
77279;1814;33;1847
77280;1114;11;1125
77281;476;4;480
77282;361;4;365
77283;943;4;947
77284;55750;479;56229
77285;20917;142;21059
77286;228;6;234
77287;496;11;507
77288;40844;295;41139
77289;351;3;354
77290;673;58;731
77291;1068;5;1073
77292;1199;11;1210
77293;926;17;943
77294;20648;83;20731
77295;1387;13;1400
77296;17849;135;17984
77297;329;4;333
77298;445;10;455
77300;604;12;616
77301;323;1;324
77302;1958;34;1992
77303;239;3;242
77304;25;0;25
77305;21229;193;21422
77306;503;6;509
77307;13517;111;13628
77308;743;7;750
77309;1753;10;1763
77310;305;6;311
77311;1427;15;1442
77312;2660;75;2735
77313;257;2;259
77314;236;2;238
77315;3705;31;3736
77316;12223;333;12556
77317;5014;36;5050
77318;1431;22;1453
77319;145;3;148
77320;5654;58;5712
77321;672;4;676
77322;3160;27;3187
77323;1477;5;1482
77325;359;4;363
77326;6235;71;6306
77327;8867;86;8953
77328;429;8;437
77329;686;3;689
77330;6225;74;6299
77331;429;6;435
77332;286;1;287
77333;13088;123;13211
77335;3554;28;3582
77336;1185;11;1196
77337;15960;107;16067
77338;597;8;605
77339;1827;58;1885
77340;602;11;613
77341;381;10;391
77342;111;1;112
77343;392;19;411
77344;2431;23;2454
77345;666;9;675
77347;856;10;866
77348;234;6;240
77349;6725;76;6801
77350;20532;194;20726
77352;1921;22;1943
77353;425;7;432
77354;940;8;948
77355;159;1;160
77356;45;1;46
77357;851;10;861
77358;1315;12;1327
77359;1980;25;2005
77360;386;4;390
77361;463;7;470
77363;1568;11;1579
77364;260;2;262
77365;614;5;619
77366;292;1;293
77367;279;4;283
77368;515;13;528
77369;724;12;736
77370;787;12;799
77371;2966;21;2987
77372;4183;38;4221
77373;37617;208;37825
77374;2186;18;2204
77376;809;3;812
77377;2312;29;2341
77378;2954;20;2974
77379;12132;285;12417
77380;320;6;326
77381;666;5;671
77382;5439;54;5493
77383;826;7;833
77384;1919;3;1922
77385;2292;24;2316
77386;614;22;636
77387;466;8;474
77388;826;7;833
77389;3778;105;3883
77390;22851;82;22933
77391;489;6;495
77392;910;12;922
77393;2808;36;2844
77394;2831;23;2854
77395;121;4;125
77396;98;0;98
77397;1844;25;1869
77398;717;8;725
77400;1729;28;1757
77401;673;7;680
77402;338;5;343
77403;807;17;824
77404;1826;32;1858
77405;1969;44;2013
77406;997;19;1016
77407;14121;125;14246
77408;417;2;419
77409;2707;101;2808
77410;738;33;771
77411;553;11;564
77412;380;5;385
77413;3770;48;3818
77414;483;7;490
77415;1277;18;1295
77416;238;5;243
77417;260;1;261
77418;874;11;885
77419;3391;117;3508
77420;3875;26;3901
77421;265;6;271
77423;655;9;664
77424;278;4;282
77425;737;21;758
77426;337;9;346
77427;612;5;617
77428;834;12;846
77429;537;5;542
77430;6110;53;6163
77431;5394;89;5483
77432;992;9;1001
77433;1992;34;2026
77434;364;5;369
77435;1107;31;1138
77436;896;5;901
77437;3224;29;3253
77438;6354;73;6427
77439;1169;23;1192
77440;1132;13;1145
77441;2040;47;2087
77442;2396;60;2456
77443;389;8;397
77444;318;2;320
77445;29987;225;30212
77446;603;9;612
77447;1853;48;1901
77448;522;7;529
77449;9494;90;9584
77450;3288;52;3340
77451;582;6;588
77452;65;0;65
77453;1155;14;1169
77454;376;6;382
77455;2009;32;2041
77456;814;19;833
77457;1179;22;1201
77458;5383;102;5485
77459;1504;393;1897
77460;349;4;353
77461;295;6;301
77462;872;2;874
77463;3420;114;3534
77464;10454;116;10570
77465;655;9;664
77466;381;3;384
77467;207;0;207
77468;22030;104;22134
77469;1221;11;1232
77470;8521;110;8631
77471;363;8;371
77472;504;10;514
77473;411;7;418
77474;657;5;662
77475;5045;32;5077
77476;233;2;235
77477;850;30;880
77478;1097;10;1107
77479;13368;132;13500
77480;1048;9;1057
77481;188;1;189
77482;3601;70;3671
77483;2032;22;2054
77484;276;6;282
77485;729;14;743
77486;898;8;906
77487;11101;159;11260
77489;232;3;235
77490;696;9;705
77492;657;4;661
77493;3204;21;3225
77494;2643;37;2680
77495;8238;82;8320
77496;189;4;193
77498;307;0;307
77500;468;9;477
77501;719;17;736
77504;1111;17;1128
77505;385;5;390
77506;782;10;792
77507;410;6;416
77508;1816;36;1852
77509;610;7;617
77510;982;4;986
77511;645;0;645
77512;1129;12;1141
77513;4975;34;5009
77514;26580;98;26678
77515;705;5;710
77516;862;26;888
77517;2137;13;2150
77518;208;3;211
77519;1189;25;1214
77520;646;20;666
77521;1935;46;1981
77522;298;6;304
77523;261;3;264
77524;522;6;528
77525;383;2;385
77526;277;5;282
77527;576;17;593
77528;1154;16;1170
77529;1494;30;1524
77530;316;12;328
77531;1664;23;1687
77532;66;0;66
77533;2748;62;2810
77534;953;1;954
78003;3490;48;3538
78005;21529;159;21688
78006;662;16;678
78007;1086;49;1135
78009;293;6;299
78010;1213;37;1250
78013;483;4;487
78015;13302;147;13449
78020;939;12;951
78029;12152;64;12216
78030;1958;47;2005
78031;649;10;659
78033;1142;24;1166
78034;967;19;986
78036;584;7;591
78043;3733;140;3873
78048;1457;41;1498
78049;1649;46;1695
78050;641;9;650
78053;479;12;491
78057;1883;21;1904
78062;7618;111;7729
78068;894;20;914
78070;288;2;290
78071;609;9;618
78072;264;2;266
78073;15325;143;15468
78076;275;4;279
78077;752;57;809
78082;623;11;634
78084;653;12;665
78087;2079;50;2129
78089;4791;38;4829
78090;2194;28;2222
78092;8790;142;8932
78096;499;9;508
78104;743;12;755
78107;1803;26;1829
78108;1305;29;1334
78113;696;12;708
78117;6027;165;6192
78118;3306;23;3329
78120;1908;62;1970
78123;16641;116;16757
78124;15178;198;15376
78125;836;31;867
78126;20692;404;21096
78128;1559;38;1597
78133;5587;141;5728
78138;10426;73;10499
78140;1335;25;1360
78143;1423;39;1462
78146;30153;501;30654
78147;476;7;483
78152;1767;76;1843
78158;31233;638;31871
78160;5610;136;5746
78162;545;26;571
78163;332;4;336
78164;818;64;882
78165;17487;235;17722
78168;4355;31;4386
78171;1238;27;1265
78172;35536;410;35946
78185;366;11;377
78188;407;6;413
78189;1671;63;1734
78190;10031;336;10367
78192;1375;16;1391
78193;1022;15;1037
78194;209;3;212
78196;293;14;307
78202;561;8;569
78206;4150;44;4194
78208;25624;244;25868
78209;881;13;894
78217;6561;94;6655
78220;6668;136;6804
78224;4453;185;4638
78227;793;14;807
78230;592;8;600
78231;155;6;161
78233;2983;141;3124
78234;183;0;183
78236;583;14;597
78237;154;2;156
78238;2428;30;2458
78239;2146;30;2176
78242;13466;141;13607
78245;377;14;391
78246;954;19;973
78255;4266;58;4324
78261;665;13;678
78262;1243;18;1261
78263;2476;64;2540
78264;57;1;58
78265;2375;53;2428
78267;7893;68;7961
78269;1290;30;1320
78276;674;5;679
78278;511;10;521
78281;625;10;635
78283;304;10;314
78285;544;14;558
78289;900;39;939
78290;1074;15;1089
78291;2166;38;2204
78296;622;11;633
78297;29471;461;29932
78299;2495;21;2516
78300;454;5;459
78302;166;5;171
78305;247;6;253
78307;949;25;974
78310;3671;41;3712
78311;32801;346;33147
78314;3893;46;3939
78317;796;13;809
78320;687;15;702
78321;5772;117;5889
78322;8049;167;8216
78324;558;3;561
78325;605;7;612
78327;3843;46;3889
78329;776;12;788
78334;1600;34;1634
78335;17136;105;17241
78337;1937;32;1969
78343;1629;65;1694
78344;658;9;667
78346;1502;24;1526
78349;504;12;516
78350;7236;165;7401
78354;6177;131;6308
78356;9418;170;9588
78358;23361;501;23862
78361;43921;195;44116
78362;20818;157;20975
78364;765;9;774
78366;391;11;402
78367;3677;168;3845
78368;1696;36;1732
78372;16385;499;16884
78380;5881;221;6102
78381;1013;15;1028
78382;4414;53;4467
78383;17683;248;17931
78384;1346;45;1391
78385;212;1;213
78389;1665;50;1715
78391;394;7;401
78396;6285;151;6436
78397;6777;117;6894
78398;865;22;887
78401;9005;76;9081
78402;3683;40;3723
78403;2296;35;2331
78404;269;4;273
78406;283;12;295
78407;626;15;641
78410;979;7;986
78413;407;3;410
78415;510;21;531
78416;316;5;321
78417;297;7;304
78418;14991;278;15269
78420;2935;78;3013
78423;32282;459;32741
78431;3023;82;3105
78437;679;9;688
78439;109;1;110
78440;33203;159;33362
78442;3385;54;3439
78443;916;19;935
78444;823;15;838
78451;1040;15;1055
78455;7635;285;7920
78460;1070;20;1090
78464;1020;23;1043
78465;2433;68;2501
78466;6664;199;6863
78470;883;26;909
78472;330;6;336
78474;927;9;936
78475;379;9;388
78478;243;7;250
78481;15716;330;16046
78484;637;16;653
78486;6597;113;6710
78490;30950;353;31303
78497;916;41;957
78498;39187;288;39475
78499;664;19;683
78501;3174;70;3244
78502;5481;56;5537
78505;416;17;433
78506;882;9;891
78513;2199;31;2230
78516;979;16;995
78517;27141;495;27636
78518;110;4;114
78520;1593;25;1618
78522;907;38;945
78528;375;3;378
78530;374;6;380
78531;6883;46;6929
78536;357;11;368
78537;5818;135;5953
78545;19792;640;20432
78548;473;13;486
78550;1850;37;1887
78551;44806;1843;46649
78557;948;18;966
78558;390;8;398
78559;426;5;431
78561;447;35;482
78562;1394;32;1426
78564;667;9;676
78565;303;9;312
78567;928;11;939
78569;921;19;940
78571;4920;210;5130
78575;7806;159;7965
78576;1621;29;1650
78586;52774;449;53223
78588;957;27;984
78590;499;11;510
78591;2349;24;2373
78597;685;8;693
78601;1600;62;1662
78605;1042;17;1059
78606;36;1;37
78608;123;1;124
78609;1051;6;1057
78615;1189;22;1211
78616;1424;28;1452
78618;516;14;530
78620;1166;38;1204
78621;32645;114;32759
78623;951;150;1101
78624;12250;213;12463
78638;5010;67;5077
78640;23092;184;23276
78642;15980;372;16352
78643;10104;187;10291
78644;6386;79;6465
78646;84808;2038;86846
78647;835;12;847
78650;15943;553;16496
78653;377;9;386
78655;635;26;661
78668;656;10;666
78672;5292;167;5459
78674;11003;205;11208
78677;509;17;526
78681;828;17;845
78683;2906;161;3067
78686;16752;348;17100
78688;10835;374;11209
79001;1052;15;1067
79002;309;5;314
79003;5396;170;5566
79005;3270;47;3317
79007;666;19;685
79008;822;7;829
79009;432;9;441
79010;612;6;618
79012;1244;32;1276
79013;3183;89;3272
79014;2620;36;2656
79015;196;5;201
79016;769;12;781
79018;184;5;189
79019;164;1;165
79020;890;21;911
79022;193;1;194
79023;63;1;64
79024;1982;95;2077
79025;1125;29;1154
79029;664;14;678
79030;973;55;1028
79031;1768;37;1805
79032;774;14;788
79034;1721;65;1786
79038;1192;28;1220
79040;236;2;238
79042;176;6;182
79046;567;6;573
79047;453;10;463
79048;5820;133;5953
79049;19850;997;20847
79050;589;16;605
79055;123;3;126
79056;740;11;751
79057;1445;51;1496
79058;767;17;784
79059;733;8;741
79060;178;3;181
79061;3907;57;3964
79062;4764;73;4837
79063;2044;110;2154
79064;848;24;872
79066;1734;39;1773
79069;1012;23;1035
79070;402;10;412
79071;469;14;483
79074;179;5;184
79076;2034;26;2060
79077;731;10;741
79078;965;15;980
79079;8578;226;8804
79080;2678;54;2732
79081;7083;206;7289
79083;2457;113;2570
79084;451;3;454
79085;135;5;140
79086;1960;42;2002
79087;559;9;568
79088;1695;44;1739
79089;160;1;161
79090;846;22;868
79091;947;24;971
79092;361;4;365
79094;952;9;961
79095;586;12;598
79096;1144;34;1178
79100;2260;55;2315
79101;2355;49;2404
79102;433;3;436
79103;2421;49;2470
79104;560;13;573
79105;473;9;482
79106;401;2;403
79108;230;1;231
79109;3441;99;3540
79111;289;4;293
79112;860;24;884
79114;1578;31;1609
79115;567;10;577
79116;1114;17;1131
79117;648;8;656
79118;281;6;287
79119;628;11;639
79120;762;13;775
79121;405;10;415
79122;533;5;538
79123;2311;49;2360
79124;112;5;117
79125;1811;55;1866
79126;439;10;449
79127;850;7;857
79128;953;26;979
79129;1719;31;1750
79130;2899;99;2998
79131;314;7;321
79132;317;6;323
79133;1182;23;1205
79134;571;14;585
79135;960;23;983
79136;894;17;911
79137;903;18;921
79139;55;2;57
79140;828;10;838
79141;208;4;212
79142;100;2;102
79144;372;7;379
79145;368;5;373
79147;732;9;741
79148;1982;27;2009
79149;139;2;141
79150;819;16;835
79152;302;6;308
79153;158;3;161
79154;400;6;406
79156;687;25;712
79157;1320;41;1361
79158;132;3;135
79159;526;4;530
79160;164;3;167
79161;644;12;656
79162;2693;65;2758
79163;519;10;529
79164;262;4;266
79165;141;5;146
79166;877;14;891
79167;236;11;247
79170;2891;55;2946
79172;1026;23;1049
79174;6173;329;6502
79175;488;12;500
79176;861;23;884
79177;193;4;197
79179;5057;184;5241
79180;309;3;312
79183;373;10;383
79184;1674;24;1698
79185;4677;144;4821
79189;1704;31;1735
79190;492;3;495
79191;59193;1834;61027
79195;5536;119;5655
79196;2384;53;2437
79197;91;2;93
79198;260;3;263
79200;265;3;268
79201;1704;20;1724
79202;10089;400;10489
79203;367;8;375
79204;1004;38;1042
79205;74;3;77
79207;630;17;647
79208;1137;38;1175
79209;330;8;338
79210;1047;23;1070
79212;206;3;209
79213;1992;54;2046
79215;368;7;375
79216;2217;40;2257
79217;950;22;972
79218;193;6;199
79220;600;15;615
79223;62;1;63
79225;376;6;382
79226;276;5;281
79229;553;14;567
79230;867;11;878
79231;708;15;723
79235;1408;42;1450
79236;652;12;664
79238;540;21;561
79239;1714;127;1841
79241;569;11;580
79242;1119;20;1139
79243;279;0;279
79244;366;4;370
79246;605;13;618
79249;2136;63;2199
79250;400;4;404
79251;745;29;774
79252;348;13;361
79253;694;14;708
79254;451;13;464
79255;401;3;404
79256;233;6;239
79257;1524;23;1547
79258;432;13;445
79259;1372;36;1408
79263;596;11;607
79265;1261;24;1285
79267;326;4;330
79268;995;40;1035
79269;414;5;419
79270;7242;140;7382
79271;370;2;372
79273;795;20;815
79274;292;6;298
79276;1083;31;1114
79277;1090;18;1108
79278;238;6;244
79280;883;14;897
79281;1306;36;1342
79283;1327;31;1358
79284;782;12;794
79285;1862;42;1904
79286;441;7;448
79289;1444;26;1470
79290;944;15;959
79293;1128;25;1153
79294;167;5;172
79295;711;18;729
79297;353;7;360
79298;1950;56;2006
79299;2401;49;2450
79300;1377;30;1407
79301;627;20;647
79302;1391;34;1425
79303;328;12;340
79304;760;51;811
79306;188;2;190
79307;1514;28;1542
79308;637;10;647
79309;350;7;357
79310;501;15;516
79311;1802;85;1887
79312;116;3;119
79313;625;15;640
79316;431;14;445
79319;873;28;901
79320;655;12;667
79322;2000;56;2056
79326;1409;27;1436
79329;13886;344;14230
79331;124;6;130
79332;121;4;125
79334;1076;22;1098
79335;793;21;814
79336;226;2;228
79337;868;26;894
79338;252;0;252
79339;1671;29;1700
79340;324;6;330
79341;113;1;114
79342;573;13;586
79343;211;2;213
79345;896;32;928
79346;129;3;132
79347;1105;21;1126
79348;222;5;227
79349;148;2;150
79350;121;3;124
79351;1793;31;1824
79352;157;6;163
79354;362;10;372
79355;3345;101;3446
79357;232;3;235
80001;22980;410;23390
80002;266;5;271
80003;581;11;592
80004;511;4;515
80005;84;2;86
80006;253;4;257
80008;896;18;914
80009;997;24;1021
80010;2833;31;2864
80011;2952;26;2978
80013;2383;32;2415
80014;56;0;56
80015;64;3;67
80016;9779;166;9945
80017;442;6;448
80018;248;5;253
80019;787;14;801
80020;762;18;780
80021;134706;2674;137380
80022;264;3;267
80023;279;4;283
80024;544;6;550
80025;327;3;330
80026;28;0;28
80027;31;0;31
80028;157;1;158
80029;842;25;867
80030;216;8;224
80031;775;9;784
80032;104;0;104
80033;303;3;306
80034;588;6;594
80035;78;1;79
80036;538;4;542
80037;153;1;154
80038;144;3;147
80039;1397;17;1414
80040;175;4;179
80041;147;4;151
80042;122;2;124
80043;264;11;275
80044;408;6;414
80045;161;2;163
80046;55;0;55
80047;521;5;526
80048;63;3;66
80049;167;10;177
80050;485;10;495
80051;257;3;260
80052;212;5;217
80053;70;1;71
80054;236;5;241
80055;168;1;169
80056;96;1;97
80057;77;3;80
80058;334;4;338
80059;77;1;78
80060;105;0;105
80061;187;3;190
80062;1422;17;1439
80063;988;22;1010
80064;170;3;173
80065;89;3;92
80066;281;6;287
80067;194;2;196
80068;220;1;221
80069;208;0;208
80070;1325;52;1377
80071;2036;23;2059
80073;156;2;158
80074;130;1;131
80076;516;4;520
80077;324;3;327
80078;511;9;520
80079;326;4;330
80080;148;5;153
80081;90;2;92
80082;740;8;748
80083;140;4;144
80084;213;1;214
80085;37;2;39
80086;1058;17;1075
80087;238;6;244
80088;353;2;355
80089;264;1;265
80090;152;3;155
80092;686;6;692
80093;1103;12;1115
80094;439;11;450
80095;212;3;215
80096;942;9;951
80097;129;3;132
80098;106;3;109
80099;226;4;230
80100;619;4;623
80101;861;5;866
80102;383;7;390
80103;66;0;66
80104;135;2;137
80105;168;2;170
80106;175;3;178
80107;622;11;633
80108;73;1;74
80109;343;3;346
80110;474;16;490
80112;240;1;241
80113;337;7;344
80114;336;6;342
80115;282;4;286
80116;273;3;276
80117;158;5;163
80118;116;1;117
80119;422;8;430
80120;536;11;547
80121;156;0;156
80122;488;15;503
80123;372;8;380
80124;704;14;718
80125;87;0;87
80126;922;17;939
80127;832;11;843
80128;147;3;150
80129;541;13;554
80130;427;6;433
80131;3281;56;3337
80132;232;3;235
80133;238;1;239
80134;79;2;81
80135;244;4;248
80136;1275;7;1282
80137;746;4;750
80138;125;1;126
80139;43;0;43
80140;107;3;110
80141;329;1;330
80142;318;4;322
80143;101;1;102
80144;497;9;506
80145;138;0;138
80146;205;5;210
80147;326;7;333
80148;400;5;405
80149;524;11;535
80150;222;7;229
80151;308;4;312
80152;148;1;149
80153;131;0;131
80154;213;7;220
80155;293;8;301
80156;398;3;401
80157;96;5;101
80158;51;0;51
80159;280;6;286
80160;1203;21;1224
80161;205;7;212
80162;699;11;710
80163;761;11;772
80164;4436;54;4490
80165;190;1;191
80166;702;7;709
80167;330;11;341
80168;1105;9;1114
80169;66;0;66
80170;111;1;112
80171;599;19;618
80172;546;7;553
80173;538;7;545
80174;79;3;82
80176;268;4;272
80177;715;23;738
80179;219;4;223
80180;104;1;105
80181;123;0;123
80182;2445;31;2476
80183;264;5;269
80184;534;5;539
80185;284;10;294
80186;2026;22;2048
80187;650;11;661
80188;590;7;597
80189;72;1;73
80190;1231;17;1248
80191;174;5;179
80192;167;2;169
80193;136;3;139
80194;139;1;140
80195;150;1;151
80196;243;8;251
80197;31;0;31
80198;378;4;382
80199;522;11;533
80200;223;2;225
80201;49;2;51
80202;361;3;364
80203;87;2;89
80204;738;12;750
80205;912;10;922
80206;117;0;117
80207;364;2;366
80208;219;4;223
80210;146;7;153
80211;1796;49;1845
80212;6292;79;6371
80213;571;170;741
80214;320;1;321
80215;220;8;228
80216;155;1;156
80217;75;0;75
80218;144;3;147
80219;68;1;69
80220;100;2;102
80221;305;5;310
80222;1370;28;1398
80223;133;0;133
80224;123;1;124
80225;193;4;197
80226;272;5;277
80227;447;9;456
80228;1989;33;2022
80229;340;2;342
80230;303;8;311
80231;171;2;173
80232;229;5;234
80233;156;1;157
80234;776;16;792
80235;1197;18;1215
80236;575;4;579
80237;524;11;535
80238;564;9;573
80239;53;2;55
80240;1402;44;1446
80241;1065;11;1076
80242;409;9;418
80243;43;0;43
80244;174;3;177
80245;302;3;305
80246;347;5;352
80247;715;8;723
80248;418;6;424
80249;312;7;319
80250;351;4;355
80251;351;8;359
80252;251;1;252
80253;5890;172;6062
80256;1639;10;1649
80258;87;3;90
80259;87;1;88
80260;924;23;947
80261;1464;61;1525
80262;392;14;406
80263;50;1;51
80264;84;39;123
80265;569;7;576
80266;305;0;305
80267;281;2;283
80268;530;14;544
80269;119;2;121
80270;5;0;5
80271;1129;14;1143
80272;124;2;126
80273;351;5;356
80274;1789;18;1807
80275;298;2;300
80276;286;7;293
80278;188;3;191
80279;769;11;780
80280;123;2;125
80281;176;1;177
80282;511;5;516
80283;166;0;166
80284;748;36;784
80285;260;3;263
80287;239;4;243
80288;328;10;338
80290;391;5;396
80291;272;3;275
80292;135;1;136
80293;362;3;365
80294;159;3;162
80295;592;7;599
80296;1182;8;1190
80297;40;1;41
80298;529;3;532
80299;236;1;237
80300;156;1;157
80301;274;2;276
80302;170;3;173
80303;462;7;469
80304;100;2;102
80305;474;12;486
80306;133;5;138
80307;153;2;155
80308;2499;42;2541
80310;684;12;696
80311;153;2;155
80312;279;1;280
80313;292;5;297
80314;199;3;202
80315;508;10;518
80316;2016;24;2040
80317;212;3;215
80318;3237;73;3310
80319;340;0;340
80320;156;1;157
80321;142;2;144
80322;170;0;170
80324;145;5;150
80325;51;1;52
80326;108;2;110
80327;158;5;163
80328;525;5;530
80329;178;1;179
80330;237;6;243
80331;308;12;320
80332;397;9;406
80333;1298;13;1311
80334;96;3;99
80335;244;3;247
80336;81;1;82
80337;204;3;207
80338;1829;17;1846
80339;154;4;158
80340;199;2;201
80341;401;9;410
80342;459;3;462
80343;171;2;173
80344;182;8;190
80345;530;5;535
80346;167;1;168
80347;156;2;158
80348;181;4;185
80349;134;1;135
80350;506;7;513
80351;258;2;260
80352;157;1;158
80353;151;1;152
80354;204;3;207
80355;102;2;104
80356;90;9;99
80357;234;6;240
80358;137;2;139
80359;287;9;296
80360;2181;43;2224
80361;75;0;75
80362;308;7;315
80364;703;11;714
80365;185;0;185
80366;490;4;494
80367;180;5;185
80368;4491;98;4589
80369;235;5;240
80371;97;4;101
80372;124;4;128
80373;2480;84;2564
80374;280;3;283
80375;341;7;348
80376;652;4;656
80377;409;5;414
80378;66;1;67
80379;826;1;827
80380;243;5;248
80381;38;1;39
80383;92;0;92
80384;177;1;178
80385;459;28;487
80386;179;3;182
80387;324;1;325
80388;213;2;215
80390;411;6;417
80391;88;0;88
80392;576;13;589
80393;312;6;318
80395;278;5;283
80396;361;4;365
80397;93;4;97
80399;395;4;399
80400;413;5;418
80401;130;1;131
80402;136;1;137
80403;184;3;187
80404;142;3;145
80405;429;2;431
80406;1302;17;1319
80407;141;6;147
80408;334;1;335
80409;153;5;158
80410;4559;98;4657
80411;493;6;499
80412;638;6;644
80413;90;1;91
80414;123;2;125
80415;1012;8;1020
80416;770;9;779
80417;1640;11;1651
80418;84;0;84
80420;175;1;176
80421;294;4;298
80422;578;10;588
80423;381;5;386
80424;540;18;558
80425;116;1;117
80426;435;8;443
80427;376;8;384
80428;134;2;136
80429;193;1;194
80430;201;7;208
80431;683;11;694
80432;190;1;191
80433;44;0;44
80434;190;4;194
80435;57;0;57
80436;522;13;535
80437;110;4;114
80438;511;6;517
80439;167;1;168
80440;153;3;156
80442;1178;10;1188
80443;1681;28;1709
80444;661;13;674
80445;272;2;274
80446;755;20;775
80449;69;2;71
80450;112;1;113
80451;123;0;123
80452;521;3;524
80453;142;0;142
80455;91;2;93
80456;554;6;560
80458;451;11;462
80459;108;0;108
80460;65;1;66
80461;216;4;220
80462;357;11;368
80463;702;10;712
80464;918;14;932
80465;196;5;201
80466;133;1;134
80467;194;1;195
80468;170;3;173
80469;162;1;163
80470;164;2;166
80472;173;7;180
80473;295;2;297
80474;396;3;399
80475;215;7;222
80476;372;4;376
80477;222;4;226
80478;145;2;147
80479;354;6;360
80480;113;2;115
80481;458;5;463
80482;140;2;142
80484;388;6;394
80485;1179;9;1188
80486;618;8;626
80487;79;2;81
80488;1587;29;1616
80489;5765;45;5810
80490;273;9;282
80491;75;1;76
80493;294;5;299
80494;201;3;204
80495;521;4;525
80496;154;1;155
80497;118;5;123
80498;632;5;637
80499;300;6;306
80500;531;7;538
80501;283;3;286
80502;101;3;104
80503;186;2;188
80504;76;0;76
80505;292;4;296
80507;1263;19;1282
80508;51;0;51
80509;598;6;604
80511;111;1;112
80512;836;11;847
80513;180;3;183
80514;129;1;130
80515;144;2;146
80516;194;1;195
80517;197;3;200
80518;425;3;428
80519;502;7;509
80520;182;3;185
80521;211;0;211
80522;107;0;107
80523;1259;22;1281
80524;588;6;594
80525;179;3;182
80526;155;3;158
80527;303;7;310
80528;9;0;9
80529;193;4;197
80530;607;4;611
80531;102;0;102
80533;2655;56;2711
80535;161;5;166
80536;287;3;290
80537;89;0;89
80538;122;0;122
80540;235;4;239
80541;198;3;201
80542;561;6;567
80543;117;3;120
80544;184;3;187
80545;559;7;566
80546;584;12;596
80547;205;4;209
80548;354;2;356
80549;655;12;667
80550;130;4;134
80552;1153;22;1175
80553;327;10;337
80554;980;9;989
80555;601;19;620
80556;552;6;558
80557;594;11;605
80558;223;3;226
80559;143;3;146
80560;214;1;215
80561;6113;105;6218
80562;206;2;208
80563;96;1;97
80565;82;2;84
80566;341;8;349
80568;347;4;351
80569;327;3;330
80570;3986;28;4014
80571;497;9;506
80572;367;2;369
80573;398;5;403
80574;95;1;96
80575;80;8;88
80576;321;0;321
80577;183;1;184
80578;719;11;730
80579;851;12;863
80580;250;3;253
80582;1002;15;1017
80583;290;8;298
80584;1078;10;1088
80585;2314;30;2344
80586;156;1;157
80587;82;2;84
80588;359;7;366
80589;100;0;100
80590;321;12;333
80591;151;1;152
80592;507;7;514
80593;254;2;256
80595;301;1;302
80596;221;6;227
80597;852;15;867
80598;1259;37;1296
80599;241;3;244
80600;685;10;695
80601;373;4;377
80602;129;3;132
80603;334;1;335
80604;80;3;83
80605;207;2;209
80606;1148;45;1193
80607;212;3;215
80609;408;6;414
80611;924;11;935
80613;621;12;633
80614;317;6;323
80615;437;3;440
80616;199;1;200
80617;231;3;234
80618;1051;14;1065
80619;728;8;736
80620;7577;207;7784
80621;723;11;734
80622;1311;16;1327
80623;371;6;377
80624;282;5;287
80625;1516;12;1528
80626;292;2;294
80627;829;20;849
80628;776;4;780
80629;108;2;110
80630;2358;39;2397
80631;98;3;101
80632;2411;37;2448
80633;608;10;618
80634;821;17;838
80635;1459;22;1481
80637;288;1;289
80638;108;6;114
80639;1236;23;1259
80640;266;3;269
80642;321;2;323
80643;558;8;566
80644;728;11;739
80645;556;3;559
80646;92;4;96
80647;293;3;296
80648;121;1;122
80649;1313;29;1342
80650;632;17;649
80651;265;2;267
80652;780;9;789
80654;543;18;561
80655;428;5;433
80656;1085;10;1095
80657;322;2;324
80658;144;3;147
80659;271;6;277
80661;1010;7;1017
80662;284;2;286
80663;340;7;347
80664;192;3;195
80665;123;3;126
80666;32;0;32
80667;132;0;132
80668;168;3;171
80669;351;6;357
80670;497;8;505
80671;234;7;241
80672;648;12;660
80673;175;7;182
80674;3599;34;3633
80675;127;2;129
80676;154;7;161
80677;1593;19;1612
80678;770;19;789
80679;591;5;596
80680;3017;25;3042
80681;309;8;317
80682;213;6;219
80683;103;3;106
80684;109;4;113
80685;5693;61;5754
80686;728;9;737
80687;133;2;135
80688;3111;91;3202
80690;628;9;637
80691;353;13;366
80692;1023;18;1041
80693;327;1;328
80694;350;6;356
80695;483;6;489
80696;1220;32;1252
80697;32;0;32
80698;221;4;225
80699;111;0;111
80700;878;16;894
80701;432;10;442
80702;1309;27;1336
80703;203;3;206
80704;382;5;387
80705;82;1;83
80706;1854;16;1870
80707;75;4;79
80708;155;3;158
80709;268;8;276
80710;395;5;400
80711;1828;15;1843
80713;281;5;286
80714;1280;21;1301
80716;1265;29;1294
80717;992;7;999
80718;1341;16;1357
80719;52;5;57
80721;2469;41;2510
80722;488;7;495
80723;240;1;241
80724;2805;30;2835
80725;3918;54;3972
80726;265;6;271
80728;75;0;75
80729;177;0;177
80730;952;8;960
80732;628;14;642
80733;307;3;310
80734;212;3;215
80735;167;2;169
80736;208;5;213
80737;161;1;162
80738;126;3;129
80740;344;2;346
80741;190;4;194
80742;65;2;67
80743;192;4;196
80744;57;2;59
80746;1069;12;1081
80747;136;3;139
80748;185;3;188
80749;317;4;321
80750;146;1;147
80751;580;6;586
80752;678;8;686
80753;124;2;126
80754;399;4;403
80755;147;4;151
80756;63;0;63
80757;146;2;148
80758;207;0;207
80759;349;9;358
80760;378;10;388
80762;346;10;356
80763;344;8;352
80764;296;7;303
80765;809;10;819
80766;439;5;444
80767;258;6;264
80769;232;0;232
80770;538;9;547
80771;33;0;33
80773;104;0;104
80774;291;3;294
80775;632;6;638
80776;218;1;219
80777;139;1;140
80778;127;0;127
80779;848;19;867
80780;406;5;411
80781;225;5;230
80782;418;7;425
80783;84;1;85
80784;306;6;312
80785;544;9;553
80786;149;0;149
80787;95;1;96
80788;173;2;175
80789;152;0;152
80790;169;3;172
80791;732;6;738
80792;246;1;247
80793;2338;34;2372
80794;57;1;58
80795;469;42;511
80796;182;6;188
80797;138;3;141
80798;1435;53;1488
80799;4592;56;4648
80800;143;7;150
80801;330;4;334
80802;557;9;566
80803;275;0;275
80804;179;5;184
80805;159;6;165
80806;471;8;479
80807;266;3;269
80808;498;9;507
80809;477;12;489
80810;135;1;136
80811;591;7;598
80812;139;3;142
80813;97;3;100
80814;449;9;458
80815;836;26;862
80819;84;3;87
80820;753;10;763
80821;220;5;225
80822;143;2;145
80823;134;10;144
80824;270;2;272
80825;115;1;116
80826;791;17;808
80827;1239;14;1253
80828;67;0;67
80829;91;2;93
80830;245;5;250
80832;305;4;309
80833;123;2;125
80834;514;42;556
80835;269;0;269
80836;220;7;227
81001;226;9;235
81002;2512;57;2569
81003;928;36;964
81004;48902;1723;50625
81005;518;5;523
81006;198;3;201
81007;95;2;97
81008;294;4;298
81009;68;0;68
81010;467;6;473
81011;1010;40;1050
81012;121;1;122
81013;406;8;414
81014;502;8;510
81015;73;1;74
81016;165;7;172
81017;160;1;161
81018;2512;50;2562
81019;143;1;144
81020;271;12;283
81021;5827;135;5962
81022;203;7;210
81023;208;2;210
81024;363;9;372
81025;244;9;253
81026;703;7;710
81027;158;2;160
81028;103;1;104
81029;186;5;191
81030;111;1;112
81031;821;18;839
81032;1135;19;1154
81033;2946;186;3132
81034;387;7;394
81035;218;7;225
81036;1267;22;1289
81037;1305;33;1338
81038;2341;64;2405
81039;2040;30;2070
81040;427;11;438
81041;121;1;122
81042;2053;41;2094
81043;736;13;749
81044;303;4;307
81045;369;9;378
81046;1529;45;1574
81047;225;7;232
81048;2578;32;2610
81049;350;3;353
81050;342;10;352
81051;1158;20;1178
81052;2128;56;2184
81053;334;10;344
81054;939;28;967
81055;349;1;350
81056;157;2;159
81058;230;7;237
81059;669;15;684
81060;9782;156;9938
81061;191;2;193
81062;935;18;953
81063;1621;38;1659
81064;1041;25;1066
81065;42079;1470;43549
81066;280;6;286
81067;469;16;485
81068;153;6;159
81069;822;39;861
81070;2939;54;2993
81071;79;3;82
81072;134;3;137
81073;177;1;178
81074;1607;62;1669
81075;502;11;513
81076;698;20;718
81077;399;10;409
81078;1028;18;1046
81079;803;33;836
81080;71;2;73
81081;1311;36;1347
81082;111;1;112
81083;246;1;247
81084;614;21;635
81085;45;1;46
81086;173;3;176
81087;357;10;367
81088;554;14;568
81089;136;5;141
81090;253;6;259
81092;926;15;941
81093;682;46;728
81094;93;3;96
81095;83;1;84
81096;410;5;415
81097;1328;35;1363
81098;701;20;721
81099;15265;323;15588
81100;402;10;412
81101;1270;18;1288
81102;271;14;285
81103;134;7;141
81104;1506;36;1542
81105;12844;245;13089
81106;618;11;629
81108;168;1;169
81109;438;7;445
81110;96;3;99
81111;77;0;77
81112;937;24;961
81114;513;12;525
81115;1414;25;1439
81116;1937;46;1983
81117;753;22;775
81118;152;4;156
81119;489;6;495
81120;6506;114;6620
81121;298;1;299
81122;81;2;83
81123;95;3;98
81124;2464;77;2541
81125;310;8;318
81126;179;8;187
81127;109;7;116
81128;1590;35;1625
81129;232;5;237
81130;1818;35;1853
81131;2213;41;2254
81132;825;12;837
81133;504;13;517
81134;58;0;58
81135;96;0;96
81136;153;3;156
81137;87;1;88
81138;550;9;559
81139;1731;51;1782
81140;10879;426;11305
81141;149;5;154
81142;889;14;903
81143;731;13;744
81144;4574;91;4665
81145;4676;84;4760
81146;230;5;235
81147;1139;14;1153
81148;75;6;81
81149;421;15;436
81150;424;13;437
81151;128;6;134
81152;319;3;322
81154;76;1;77
81156;3395;79;3474
81157;312;11;323
81158;265;6;271
81159;405;18;423
81160;372;8;380
81161;108;1;109
81162;162;2;164
81163;9996;422;10418
81164;509;12;521
81165;247;3;250
81166;91;3;94
81167;105;1;106
81168;1046;22;1068
81169;98;1;99
81170;1358;13;1371
81171;1513;32;1545
81172;59;0;59
81173;319;7;326
81174;623;6;629
81175;441;5;446
81176;104;5;109
81177;493;6;499
81178;367;13;380
81179;280;8;288
81180;249;9;258
81181;190;4;194
81182;1987;42;2029
81183;188;6;194
81184;35;0;35
81185;237;3;240
81186;262;5;267
81187;211;3;214
81188;316;3;319
81189;126;2;128
81190;534;9;543
81191;236;1;237
81192;862;12;874
81193;338;4;342
81195;691;23;714
81196;850;21;871
81197;213;4;217
81198;329;4;333
81199;189;3;192
81200;433;52;485
81201;840;20;860
81202;960;18;978
81203;559;8;567
81204;2170;37;2207
81205;193;9;202
81206;586;19;605
81207;78;29;107
81208;594;11;605
81209;2775;79;2854
81210;261;7;268
81211;495;10;505
81212;125;4;129
81213;89;2;91
81214;101;1;102
81215;638;9;647
81216;213;3;216
81217;452;11;463
81218;3510;80;3590
81219;3160;72;3232
81220;5713;146;5859
81221;236;1;237
81222;3480;58;3538
81223;54;0;54
81224;101;0;101
81225;1064;30;1094
81227;2187;46;2233
81228;458;10;468
81229;131;4;135
81230;731;14;745
81231;378;7;385
81232;626;13;639
81233;1717;27;1744
81234;86;3;89
81235;723;28;751
81236;254;8;262
81237;186;3;189
81238;1527;123;1650
81239;877;12;889
81240;101;4;105
81242;260;3;263
81243;133;2;135
81244;2094;34;2128
81245;124;6;130
81246;111;2;113
81247;208;3;211
81248;889;20;909
81249;925;13;938
81250;281;9;290
81251;932;18;950
81252;145;1;146
81253;456;7;463
81254;376;5;381
81255;532;12;544
81256;76;1;77
81257;6694;103;6797
81258;439;16;455
81259;223;1;224
81261;1121;18;1139
81262;213;2;215
81263;390;11;401
81264;90;2;92
81265;77;1;78
81266;1084;28;1112
81267;618;12;630
81268;75;4;79
81269;510;8;518
81270;167;3;170
81271;9336;268;9604
81272;217;1;218
81273;3602;72;3674
81274;836;18;854
81275;195;2;197
81276;1223;19;1242
81277;596;9;605
81278;161;2;163
81279;261;8;269
81280;262;7;269
81281;2008;55;2063
81282;34;0;34
81283;1115;33;1148
81284;1917;29;1946
81285;487;2;489
81286;612;20;632
81287;264;2;266
81288;2903;64;2967
81289;2622;41;2663
81290;165;2;167
81291;504;6;510
81292;531;18;549
81293;356;3;359
81294;1002;18;1020
81295;441;6;447
81297;1229;29;1258
81298;483;13;496
81299;382;16;398
81300;98;2;100
81302;52;1;53
81303;410;4;414
81304;184;4;188
81305;738;19;757
81306;840;23;863
81307;857;18;875
81308;1299;27;1326
81309;303;15;318
81310;163;4;167
81311;759;20;779
81312;1009;173;1182
81313;229;6;235
81314;531;39;570
81315;1421;48;1469
81316;226;3;229
81317;1248;30;1278
81318;141;2;143
81319;493;14;507
81320;149;5;154
81321;89;1;90
81322;245;6;251
81323;360;6;366
81324;226;5;231
81325;1968;39;2007
81326;386;13;399
82001;627;18;645
82002;3294;58;3352
82003;249;5;254
82004;135;0;135
82005;1504;20;1524
82006;84;2;86
82007;144;1;145
82008;914;42;956
82009;40;2;42
82010;260;5;265
82011;941;14;955
82012;564;8;572
82013;3773;174;3947
82014;257;6;263
82015;149;4;153
82016;215;2;217
82017;1487;25;1512
82018;1148;30;1178
82019;751;17;768
82020;594;14;608
82021;193;3;196
82022;382;10;392
82023;959;11;970
82024;248;3;251
82025;3697;104;3801
82026;600;9;609
82027;1405;23;1428
82028;793;11;804
82029;281;3;284
82030;491;4;495
82031;1222;17;1239
82032;542;13;555
82033;14114;323;14437
82034;108;3;111
82035;335;9;344
82036;135;2;137
82037;6808;202;7010
82038;1473;28;1501
82039;555;22;577
82040;280;9;289
82041;233;3;236
82042;1192;21;1213
82043;269;10;279
82044;1647;50;1697
82045;354;6;360
82046;114;0;114
82047;51;0;51
82048;1650;14;1664
82049;1034;13;1047
82050;1208;24;1232
82051;841;90;931
82052;1114;106;1220
82053;288;3;291
82054;382;7;389
82055;255;8;263
82056;173;4;177
82057;658;15;673
82058;100;2;102
82059;290;10;300
82060;194;4;198
82061;142;2;144
82062;1546;19;1565
82063;679;13;692
82064;121;0;121
82065;409;10;419
82066;609;13;622
82067;107;1;108
82068;240;6;246
82069;202;6;208
82070;73;2;75
82071;37;2;39
82072;1014;27;1041
82073;937;31;968
82074;133;5;138
82075;4177;56;4233
82076;1587;35;1622
82077;400;5;405
82078;128;0;128
82079;3783;80;3863
82080;1143;27;1170
82081;194;2;196
82082;196;5;201
82083;118;1;119
82084;168;5;173
82085;1239;11;1250
82086;221;3;224
82087;2835;65;2900
82088;604;13;617
82089;1167;18;1185
82090;1052;28;1080
82091;126;3;129
82092;284;4;288
82093;693;8;701
82094;1454;17;1471
82095;217;13;230
82096;3148;44;3192
82097;1619;18;1637
82098;1269;28;1297
82099;529;7;536
82100;132;7;139
82101;1199;17;1216
82102;294;4;298
82103;107;6;113
82104;186;5;191
82105;1342;18;1360
82106;137;1;138
82107;46;1;47
82108;1360;29;1389
82109;201;13;214
82110;1037;18;1055
82111;316;9;325
82112;13378;319;13697
82113;1182;25;1207
82114;645;7;652
82115;2004;18;2022
82116;194;4;198
82117;1302;25;1327
82118;100;1;101
82119;654;18;672
82120;295;5;300
82121;61372;1460;62832
82122;183;3;186
82123;1474;22;1496
82124;4241;87;4328
82125;6589;127;6716
82126;1359;102;1461
82127;758;19;777
82128;106;3;109
82129;145;4;149
82130;166;1;167
82131;1590;41;1631
82132;1186;27;1213
82133;93;1;94
82134;5685;81;5766
82135;1340;18;1358
82136;1754;34;1788
82137;570;11;581
82138;162;2;164
82139;121;3;124
82140;444;3;447
82141;546;4;550
82142;1544;20;1564
82143;85;0;85
82144;746;11;757
82145;379;8;387
82146;60;2;62
82147;331;8;339
82148;694;25;719
82149;1879;32;1911
82150;862;24;886
82151;401;9;410
82152;398;11;409
82153;226;1;227
82154;212;5;217
82155;1851;46;1897
82156;148;3;151
82157;96;2;98
82158;147;6;153
82159;557;17;574
82160;264;8;272
82161;3901;78;3979
82162;261;7;268
82163;49;0;49
82164;126;3;129
82165;531;4;535
82166;276;3;279
82167;1875;41;1916
82168;323;3;326
82169;2296;30;2326
82170;566;18;584
82171;1414;24;1438
82172;278;8;286
82173;1155;14;1169
82174;285;2;287
82175;277;4;281
82176;856;13;869
82177;160;3;163
82178;811;17;828
82179;2238;50;2288
82180;526;8;534
82181;207;4;211
82182;339;3;342
82183;238;10;248
82184;896;10;906
82185;248;6;254
82186;5205;153;5358
82187;654;13;667
82188;632;14;646
82189;743;14;757
82190;4808;67;4875
82191;416;3;419
82192;522;14;536
82193;137;3;140
82194;1368;35;1403
82195;779;13;792
83001;2784;74;2858
83002;270;5;275
83003;913;24;937
83004;7066;174;7240
83005;288;6;294
83006;283;8;291
83007;2284;37;2321
83008;2862;59;2921
83009;8403;145;8548
83010;225;1;226
83011;1334;21;1355
83012;2990;39;3029
83013;208;1;209
83014;235;9;244
83015;321;4;325
83016;9845;175;10020
83017;2423;30;2453
83018;3038;44;3082
83019;8162;117;8279
83020;41;1;42
83021;2629;52;2681
83022;25;0;25
83023;17361;345;17706
83025;1419;22;1441
83026;1951;36;1987
83027;5574;98;5672
83028;1948;39;1987
83029;3341;61;3402
83030;1897;47;1944
83031;4279;59;4338
83032;3380;81;3461
83033;3525;36;3561
83034;9518;163;9681
83035;3873;42;3915
83036;7586;86;7672
83037;1483;55;1538
83038;477;15;492
83039;147;14;161
83040;79;1;80
83041;720;12;732
83042;11311;238;11549
83043;1874;89;1963
83044;328;5;333
83045;906;8;914
83046;2111;39;2150
83047;18774;428;19202
83048;3779;96;3875
83049;11962;139;12101
83050;39433;911;40344
83051;1118;23;1141
83052;371;5;376
83053;2416;51;2467
83054;9614;118;9732
83055;5735;85;5820
83056;2623;53;2676
83057;3564;67;3631
83058;4247;104;4351
83059;3101;47;3148
83060;458;4;462
83061;54458;843;55301
83062;25505;313;25818
83063;1847;42;1889
83064;5303;99;5402
83065;2614;55;2669
83066;1874;35;1909
83067;4329;60;4389
83068;4562;60;4622
83069;54821;977;55798
83070;5985;60;6045
83071;10641;135;10776
83072;9054;292;9346
83073;11094;112;11206
83074;204;5;209
83075;631;8;639
83076;868;13;881
83077;2226;20;2246
83078;290;7;297
83079;1461;25;1486
83080;806;15;821
83081;6548;132;6680
83082;1527;22;1549
83083;1420;26;1446
83084;533;3;536
83085;2804;52;2856
83086;9288;249;9537
83087;4835;85;4920
83088;2828;68;2896
83089;650;23;673
83090;13866;253;14119
83091;6068;105;6173
83092;4588;47;4635
83093;2187;27;2214
83094;3048;52;3100
83095;737;18;755
83096;1574;22;1596
83097;5181;91;5272
83098;10277;149;10426
83099;8062;108;8170
83100;4357;51;4408
83101;2115;48;2163
83102;2642;16;2658
83103;3962;59;4021
83104;4278;85;4363
83105;49;0;49
83106;5250;68;5318
83107;14937;191;15128
83108;2203;41;2244
83109;256;0;256
83110;1662;30;1692
83111;2048;25;2073
83112;11484;241;11725
83113;2402;41;2443
83114;247;4;251
83115;14448;224;14672
83116;17095;497;17592
83117;1757;42;1799
83118;36027;601;36628
83119;3851;71;3922
83120;6051;83;6134
83121;3761;77;3838
83122;226;4;230
83123;16889;271;17160
83124;2669;33;2702
83125;2492;38;2530
83126;62987;762;63749
83127;2927;44;2971
83128;745;55;800
83129;34592;562;35154
83130;11762;184;11946
83131;5753;108;5861
83132;2526;46;2572
83133;1671;33;1704
83134;1784;33;1817
83135;1405;16;1421
83136;2552;47;2599
83137;178745;1896;180641
83138;2877;51;2928
83139;585;15;600
83140;5042;71;5113
83141;5947;134;6081
83142;203;5;208
83143;4292;95;4387
83144;24087;259;24346
83145;1176;15;1191
83146;1603;13;1616
83147;9;0;9
83148;12616;144;12760
83149;1466;28;1494
83150;4248;88;4336
83151;963;15;978
83152;667;13;680
83153;6095;68;6163
83154;722;14;736
84001;2851;46;2897
84002;1046;25;1071
84003;11037;221;11258
84004;5778;94;5872
84005;193;2;195
84006;70;4;74
84007;91143;1678;92821
84008;639;50;689
84009;1614;95;1709
84010;873;22;895
84011;355;9;364
84012;2389;48;2437
84013;280;4;284
84014;1134;16;1150
84015;296;5;301
84016;5316;76;5392
84017;3093;68;3161
84018;518;8;526
84019;13439;232;13671
84020;1206;23;1229
84021;90;3;93
84022;277;12;289
84023;87;3;90
84024;957;14;971
84025;1835;37;1872
84026;4201;77;4278
84027;2651;47;2698
84028;1084;20;1104
84029;4542;111;4653
84030;3399;58;3457
84031;29236;713;29949
84032;493;8;501
84033;120;0;120
84034;4914;99;5013
84035;26236;412;26648
84036;3321;75;3396
84037;2055;30;2085
84038;4290;75;4365
84039;6026;76;6102
84040;416;16;432
84041;475;20;495
84042;1771;32;1803
84043;8595;123;8718
84044;1134;33;1167
84045;450;8;458
84046;478;14;492
84047;3078;49;3127
84048;71;1;72
84049;434;10;444
84050;1670;34;1704
84051;1100;27;1127
84052;1226;29;1255
84053;1749;31;1780
84054;20042;493;20535
84055;1550;37;1587
84056;5469;63;5532
84057;347;5;352
84058;423;7;430
84059;121;1;122
84060;32;1;33
84061;327;13;340
84062;1641;33;1674
84063;395;1;396
84064;3830;79;3909
84065;3879;69;3948
84066;291;4;295
84067;2520;55;2575
84068;1040;22;1062
84069;2785;60;2845
84070;1887;24;1911
84071;1920;48;1968
84072;6201;158;6359
84073;1002;17;1019
84074;2189;37;2226
84075;442;8;450
84076;1344;39;1383
84077;465;7;472
84078;3736;63;3799
84079;282;5;287
84080;12935;226;13161
84081;8786;130;8916
84082;1864;49;1913
84083;2438;47;2485
84084;1371;41;1412
84085;418;6;424
84086;1295;27;1322
84087;28772;665;29437
84088;10170;287;10457
84089;20557;309;20866
84090;673;15;688
84091;5394;95;5489
84092;17041;136;17177
84093;819;21;840
84094;580;12;592
84095;830;14;844
84096;803;20;823
84097;537;81;618
84098;634;9;643
84099;4631;75;4706
84100;52;0;52
84101;416;13;429
84102;1289;31;1320
84103;661;20;681
84104;1349;32;1381
84105;929;22;951
84106;2591;53;2644
84107;1401;20;1421
84108;1996;41;2037
84109;167;9;176
84110;33;0;33
84111;327;11;338
84112;728;6;734
84113;815;17;832
84114;189;3;192
84115;509;12;521
84116;783;21;804
84117;330;7;337
84118;2877;71;2948
84119;4935;113;5048
84120;118;1;119
84121;265;0;265
84122;6128;78;6206
84123;1361;23;1384
84124;946;16;962
84125;61;0;61
84126;856;23;879
84127;2853;81;2934
84128;46;1;47
84129;18893;234;19127
84130;113;3;116
84131;1921;40;1961
84132;8940;177;9117
84133;4334;138;4472
84134;711;13;724
84135;1666;51;1717
84136;1240;31;1271
84137;5908;129;6037
84138;9403;230;9633
84139;579;16;595
84140;558;19;577
84141;11383;368;11751
84142;2976;54;3030
84143;1013;18;1031
84144;641;18;659
84145;781;14;795
84146;489;14;503
84147;3356;86;3442
84148;1284;34;1318
84149;1710;33;1743
84150;1956;57;2013
84151;164;5;169
85001;2061;35;2096
85002;2024;24;2048
85003;9881;198;10079
85004;2878;34;2912
85005;1054;21;1075
85006;1854;13;1867
85008;6880;104;6984
85009;1165;24;1189
85010;1423;20;1443
85011;1723;52;1775
85012;2179;48;2227
85013;1460;28;1488
85014;1149;27;1176
85015;1514;21;1535
85016;2252;30;2282
85017;2442;49;2491
85018;3880;60;3940
85019;6095;123;6218
85020;4014;75;4089
85021;1868;35;1903
85022;1239;18;1257
85023;439;9;448
85024;2048;34;2082
85025;2272;52;2324
85026;1417;18;1435
85028;595;8;603
85029;2156;36;2192
85031;3227;43;3270
85033;731;19;750
85034;3403;101;3504
85035;5066;89;5155
85036;573;11;584
85037;590;16;606
85038;2816;44;2860
85039;4028;61;4089
85040;1128;24;1152
85041;296;12;308
85042;1883;24;1907
85045;1083;14;1097
85046;3799;58;3857
85047;21322;773;22095
85049;1783;16;1799
85050;1857;22;1879
85051;8394;471;8865
85053;260;3;263
85054;900;7;907
85055;935;18;953
85056;391;9;400
85058;735;20;755
85059;2586;36;2622
85061;1506;33;1539
85062;1114;20;1134
85064;2469;33;2502
85065;3552;101;3653
85066;834;17;851
85067;994;21;1015
85070;3285;37;3322
85071;3605;57;3662
85072;1018;11;1029
85073;1014;16;1030
85074;224;3;227
85076;3563;90;3653
85077;538;8;546
85078;741;17;758
85080;1731;33;1764
85081;4344;114;4458
85082;2914;57;2971
85083;1633;40;1673
85084;9174;166;9340
85086;1637;15;1652
85087;198;4;202
85088;4854;136;4990
85089;5315;157;5472
85090;6423;255;6678
85092;13235;724;13959
85093;1224;22;1246
85094;1157;30;1187
85095;1942;21;1963
85096;5114;100;5214
85097;3111;67;3178
85098;1982;37;2019
85099;1097;23;1120
85100;2230;52;2282
85101;489;5;494
85102;692;9;701
85103;2229;31;2260
85104;895;11;906
85105;529;13;542
85106;1320;35;1355
85108;3297;110;3407
85109;16250;485;16735
85110;924;14;938
85111;1501;23;1524
85112;2783;59;2842
85113;4850;138;4988
85114;2665;31;2696
85115;600;11;611
85116;461;6;467
85117;621;19;640
85118;2363;50;2413
85119;2403;42;2445
85120;1449;36;1485
85121;993;31;1024
85123;280;4;284
85125;400;4;404
85126;1341;50;1391
85127;2405;26;2431
85128;9554;386;9940
85129;3522;72;3594
85130;1589;20;1609
85131;1486;40;1526
85132;749;13;762
85133;921;23;944
85134;243;10;253
85135;2792;122;2914
85136;123;1;124
85137;480;14;494
85138;1171;12;1183
85139;445;14;459
85140;1502;43;1545
85141;675;13;688
85142;1014;23;1037
85143;1047;20;1067
85144;1504;27;1531
85145;957;17;974
85146;20424;634;21058
85147;1641;50;1691
85148;814;23;837
85149;413;5;418
85151;6059;168;6227
85152;5271;108;5379
85153;2922;46;2968
85154;1806;92;1898
85155;4971;123;5094
85156;2212;34;2246
85157;761;12;773
85158;1194;27;1221
85159;2310;47;2357
85160;2912;45;2957
85161;2549;26;2575
85162;2094;51;2145
85163;4550;106;4656
85164;2149;47;2196
85167;787;17;804
85169;1106;17;1123
85171;608;23;631
85172;2056;34;2090
85174;687;18;705
85175;660;3;663
85176;1160;36;1196
85177;1383;22;1405
85178;8596;220;8816
85179;1158;11;1169
85181;644;17;661
85182;5557;204;5761
85184;321;7;328
85185;657;6;663
85186;999;15;1014
85187;862;15;877
85188;1097;22;1119
85189;2156;44;2200
85190;3400;47;3447
85191;55147;2956;58103
85192;988;9;997
85193;645;17;662
85194;45030;1433;46463
85196;1892;16;1908
85197;3761;58;3819
85198;1344;18;1362
85199;542;6;548
85200;1082;21;1103
85201;493;6;499
85202;1597;114;1711
85204;2586;43;2629
85205;528;8;536
85206;394;13;407
85207;389;8;397
85208;2376;37;2413
85209;642;9;651
85210;2135;25;2160
85211;2439;25;2464
85213;4217;171;4388
85214;2378;47;2425
85215;3814;139;3953
85216;2058;213;2271
85218;1696;15;1711
85220;1598;27;1625
85221;2697;36;2733
85222;7862;250;8112
85223;2940;62;3002
85226;11297;204;11501
85227;1921;52;1973
85229;585;12;597
85231;790;15;805
85232;1079;23;1102
85233;604;9;613
85234;8696;226;8922
85235;421;13;434
85236;1872;21;1893
85237;378;12;390
85238;3689;441;4130
85239;1124;5;1129
85240;1615;50;1665
85242;999;20;1019
85243;2817;49;2866
85244;821;58;879
85245;171;2;173
85246;2483;39;2522
85247;1082;18;1100
85248;416;12;428
85250;2323;35;2358
85251;632;18;650
85252;593;24;617
85254;1755;44;1799
85255;2341;80;2421
85256;1287;32;1319
85259;1328;35;1363
85260;826;11;837
85261;278;12;290
85262;3535;39;3574
85264;1331;20;1351
85265;940;21;961
85266;1662;29;1691
85267;934;18;952
85268;1459;31;1490
85269;419;7;426
85271;436;13;449
85273;1879;35;1914
85274;532;12;544
85276;759;13;772
85277;1535;25;1560
85278;1312;22;1334
85280;3171;71;3242
85281;987;30;1017
85282;912;16;928
85284;4259;95;4354
85285;740;13;753
85286;561;5;566
85287;458;8;466
85288;7831;185;8016
85289;1327;26;1353
85290;553;13;566
85291;1231;20;1251
85292;778;10;788
85293;1576;38;1614
85294;2904;65;2969
85295;3280;82;3362
85296;1246;24;1270
85297;986;15;1001
85298;1744;31;1775
85300;4628;178;4806
85301;1772;22;1794
85302;5453;130;5583
85303;1809;30;1839
85304;753;10;763
85305;880;49;929
85306;732;9;741
85307;665;8;673
86001;714;8;722
86002;580;20;600
86003;338;7;345
86004;347;14;361
86005;617;23;640
86006;546;19;565
86007;1163;32;1195
86008;343;6;349
86009;1070;17;1087
86010;1119;19;1138
86011;180;4;184
86012;164;8;172
86013;97;3;100
86014;1740;42;1782
86015;1244;26;1270
86016;2200;40;2240
86017;1104;17;1121
86018;321;2;323
86019;2958;43;3001
86020;253;4;257
86022;259;4;263
86023;280;6;286
86024;1553;24;1577
86025;474;5;479
86026;546;5;551
86027;1832;62;1894
86028;1067;18;1085
86029;780;24;804
86031;1729;20;1749
86032;2079;99;2178
86034;601;13;614
86035;185;6;191
86036;885;20;905
86037;507;6;513
86038;219;8;227
86039;733;9;742
86040;314;11;325
86041;10060;139;10199
86042;919;12;931
86044;548;11;559
86045;1351;17;1368
86046;1737;29;1766
86047;485;13;498
86048;1153;12;1165
86049;501;16;517
86050;843;13;856
86051;197;4;201
86052;995;20;1015
86053;1961;36;1997
86054;352;5;357
86055;356;12;368
86058;726;20;746
86059;581;4;585
86061;1128;25;1153
86062;4692;51;4743
86063;249;1;250
86064;613;10;623
86065;1045;16;1061
86066;31487;799;32286
86068;1211;17;1228
86069;180;4;184
86070;7062;114;7176
86072;454;9;463
86073;528;11;539
86074;915;15;930
86075;750;19;769
86076;2835;48;2883
86077;1209;17;1226
86078;2596;137;2733
86079;560;36;596
86080;493;5;498
86081;1438;30;1468
86082;4455;116;4571
86083;1132;13;1145
86084;235;5;240
86085;249;6;255
86086;954;17;971
86087;185;4;189
86088;865;24;889
86089;391;6;397
86090;216;1;217
86091;387;7;394
86092;2969;58;3027
86093;156;3;159
86094;573;12;585
86095;3255;50;3305
86096;659;9;668
86097;328;5;333
86098;141;2;143
86099;1054;9;1063
86100;3934;74;4008
86102;583;8;591
86103;1746;65;1811
86104;497;5;502
86105;369;1;370
86106;98;2;100
86107;467;8;475
86108;402;12;414
86109;220;8;228
86110;227;4;231
86111;1744;35;1779
86112;1165;12;1177
86113;2966;49;3015
86114;1279;23;1302
86115;7600;255;7855
86116;783;17;800
86117;525;7;532
86118;373;9;382
86119;302;1;303
86120;1217;16;1233
86121;1458;27;1485
86122;67;3;70
86123;3073;52;3125
86124;1185;19;1204
86125;596;13;609
86126;644;13;657
86127;465;3;468
86128;2457;31;2488
86129;527;8;535
86130;382;4;386
86131;883;24;907
86132;310;3;313
86133;3374;59;3433
86134;221;1;222
86135;573;11;584
86136;391;8;399
86137;6712;351;7063
86138;250;3;253
86139;2659;38;2697
86140;2294;50;2344
86141;674;14;688
86142;642;12;654
86143;169;5;174
86144;328;8;336
86145;1228;15;1243
86147;605;12;617
86148;712;12;724
86149;376;9;385
86150;274;7;281
86151;174;8;182
86152;583;15;598
86153;862;13;875
86154;263;4;267
86156;239;4;243
86157;5026;176;5202
86158;6154;117;6271
86159;552;14;566
86160;2171;34;2205
86161;998;19;1017
86162;110;1;111
86163;3677;61;3738
86164;665;5;670
86165;5940;459;6399
86167;909;7;916
86169;348;5;353
86170;367;12;379
86171;441;14;455
86172;162;4;166
86173;661;12;673
86174;5941;119;6060
86175;312;12;324
86176;123;5;128
86177;5359;84;5443
86178;2757;38;2795
86180;2847;52;2899
86181;208;5;213
86182;378;9;387
86183;1606;21;1627
86184;939;11;950
86186;952;23;975
86187;458;14;472
86189;475;6;481
86190;737;14;751
86191;248;7;255
86192;174;4;178
86193;1217;13;1230
86194;89212;2275;91487
86195;571;11;582
86196;234;5;239
86197;416;11;427
86198;692;9;701
86200;572;12;584
86201;212;2;214
86202;599;10;609
86203;547;11;558
86204;2160;56;2216
86205;200;3;203
86206;138;5;143
86207;1560;31;1591
86209;2034;32;2066
86210;753;20;773
86211;905;92;997
86213;2496;185;2681
86214;7267;247;7514
86217;290;12;302
86218;198;8;206
86220;313;8;321
86221;1205;22;1227
86222;4233;56;4289
86223;915;25;940
86224;1327;32;1359
86225;1408;29;1437
86226;2779;49;2828
86227;133;4;137
86228;198;3;201
86229;338;5;343
86230;174;4;178
86231;485;17;502
86233;2749;43;2792
86234;385;5;390
86235;1299;36;1335
86236;885;16;901
86237;769;20;789
86239;172;0;172
86241;391;6;397
86242;394;7;401
86244;1255;24;1279
86245;1795;43;1838
86246;826;16;842
86247;534;13;547
86248;536;16;552
86249;125;6;131
86250;290;5;295
86252;651;14;665
86253;550;11;561
86254;1005;11;1016
86255;1337;27;1364
86256;1187;25;1212
86257;373;5;378
86258;2242;31;2273
86260;311;1;312
86261;2236;77;2313
86262;593;15;608
86263;2892;44;2936
86264;753;17;770
86265;428;7;435
86266;142;2;144
86268;1118;17;1135
86269;191;3;194
86270;151;3;154
86271;814;14;828
86272;2858;151;3009
86273;859;23;882
86274;1097;24;1121
86275;601;9;610
86276;1251;22;1273
86279;532;6;538
86280;358;5;363
86281;5578;88;5666
86284;714;21;735
86285;969;25;994
86286;389;4;393
86287;357;6;363
86288;607;7;614
86289;676;30;706
86290;1555;35;1590
86291;102;7;109
86292;920;18;938
86293;4409;75;4484
86294;3683;73;3756
86295;391;5;396
86296;471;7;478
86297;6060;142;6202
86298;2264;31;2295
86299;575;9;584
86300;602;5;607
87001;5804;78;5882
87002;5593;74;5667
87003;936;26;962
87004;109;2;111
87005;1008;20;1028
87006;246;1;247
87007;196;3;199
87008;147;0;147
87009;142;5;147
87011;3639;127;3766
87012;437;5;442
87013;651;16;667
87014;2803;57;2860
87015;702;73;775
87016;282;6;288
87017;499;11;510
87018;696;24;720
87019;2926;63;2989
87020;1651;27;1678
87021;2616;34;2650
87022;120;1;121
87023;188;4;192
87024;814;9;823
87025;848;12;860
87027;1282;16;1298
87028;1646;22;1668
87029;629;11;640
87030;1257;23;1280
87031;310;4;314
87032;1640;29;1669
87033;791;9;800
87034;566;8;574
87035;530;9;539
87036;669;11;680
87037;262;2;264
87038;2102;18;2120
87039;800;13;813
87040;1523;20;1543
87041;2042;21;2063
87042;388;6;394
87043;204;2;206
87044;323;6;329
87045;1002;13;1015
87046;1188;9;1197
87047;1854;16;1870
87048;5128;73;5201
87049;1317;34;1351
87050;9518;161;9679
87051;624;12;636
87052;180;1;181
87053;244;2;246
87054;1192;18;1210
87056;275;3;278
87057;369;5;374
87058;107;3;110
87059;1586;64;1650
87060;671;9;680
87061;346;5;351
87062;457;8;465
87063;1316;22;1338
87064;2077;24;2101
87065;6118;78;6196
87066;1075;11;1086
87067;466;9;475
87068;517;16;533
87069;140;1;141
87070;975;17;992
87071;780;18;798
87072;507;10;517
87073;388;9;397
87074;246;2;248
87075;7847;151;7998
87076;235;3;238
87077;527;9;536
87078;695;5;700
87079;839;12;851
87080;179;3;182
87081;1106;14;1120
87082;1165;12;1177
87083;543;7;550
87084;165;4;169
87085;130876;2260;133136
87086;1030;16;1046
87087;488;3;491
87088;1106;20;1126
87089;1711;168;1879
87090;265;5;270
87091;384;7;391
87092;500;6;506
87093;281;3;284
87094;527;5;532
87095;733;13;746
87096;847;20;867
87097;1025;12;1037
87099;337;16;353
87100;268;2;270
87101;119;1;120
87103;1614;25;1639
87104;456;4;460
87105;923;17;940
87106;2509;45;2554
87107;1635;18;1653
87108;461;5;466
87109;329;34;363
87110;2477;22;2499
87111;1490;20;1510
87112;576;13;589
87113;6023;64;6087
87114;10900;212;11112
87115;173;2;175
87116;1044;24;1068
87117;1027;16;1043
87118;1278;13;1291
87119;1161;11;1172
87120;504;11;515
87121;488;11;499
87122;1173;13;1186
87123;149;4;153
87124;373;2;375
87125;4608;65;4673
87126;3767;51;3818
87127;604;13;617
87128;1327;13;1340
87129;955;7;962
87130;172;0;172
87131;812;12;824
87132;110;4;114
87133;496;4;500
87134;155;3;158
87135;960;18;978
87137;129;2;131
87138;571;14;585
87139;460;8;468
87140;1682;17;1699
87141;683;10;693
87142;541;7;548
87143;2170;27;2197
87144;518;5;523
87145;237;1;238
87146;1159;13;1172
87147;47;2;49
87148;990;12;1002
87149;374;8;382
87150;849;14;863
87151;500;9;509
87152;1658;23;1681
87153;291;0;291
87154;11254;277;11531
87155;179;7;186
87156;2670;46;2716
87157;843;34;877
87158;1439;14;1453
87159;350;3;353
87160;495;4;499
87161;4385;115;4500
87162;204;2;206
87163;140;4;144
87164;568;10;578
87165;137;1;138
87166;930;16;946
87167;553;5;558
87168;1079;14;1093
87169;1052;25;1077
87170;351;7;358
87172;216;5;221
87174;1227;23;1250
87176;667;12;679
87177;1790;19;1809
87178;2888;32;2920
87179;241;0;241
87180;577;4;581
87181;825;17;842
87182;1203;17;1220
87183;919;10;929
87185;1774;29;1803
87186;320;4;324
87187;6718;432;7150
87188;432;3;435
87189;139;1;140
87190;870;7;877
87191;1989;23;2012
87192;1583;24;1607
87193;44;3;47
87194;347;3;350
87195;135;1;136
87197;565;9;574
87198;413;5;418
87199;734;13;747
87200;129;0;129
87201;4881;217;5098
87202;2112;35;2147
87203;1327;27;1354
87204;204;4;208
87205;2236;40;2276
87206;159;1;160
88001;58;0;58
88002;75;0;75
88003;62;1;63
88004;133;6;139
88005;203;4;207
88006;290;8;298
88007;48;1;49
88008;168;3;171
88009;3368;68;3436
88010;198;1;199
88011;1634;53;1687
88012;1105;13;1118
88013;86;0;86
88014;183;5;188
88015;206;3;209
88016;212;9;221
88017;166;6;172
88019;149;3;152
88020;188;5;193
88021;283;12;295
88022;234;6;240
88023;81;2;83
88024;114;0;114
88025;69;3;72
88026;1009;48;1057
88027;144;6;150
88028;618;95;713
88029;1609;126;1735
88030;147;0;147
88031;99;4;103
88032;1199;33;1232
88033;350;7;357
88035;145;6;151
88036;96;2;98
88037;871;27;898
88038;36;0;36
88039;331;7;338
88040;250;5;255
88041;109;8;117
88042;80;1;81
88043;110;3;113
88044;603;16;619
88045;87;0;87
88046;130;4;134
88047;148;7;155
88048;981;26;1007
88049;113;2;115
88050;303;5;308
88051;133;1;134
88052;97;2;99
88053;161;2;163
88054;306;10;316
88055;164;0;164
88056;96;2;98
88057;92;6;98
88058;97;5;102
88059;398;12;410
88060;32;1;33
88061;298;13;311
88062;98;2;100
88063;136;4;140
88064;108;1;109
88065;288;5;293
88066;68;4;72
88068;899;20;919
88069;136;6;142
88070;174;1;175
88071;52;1;53
88073;213;4;217
88074;60;0;60
88075;4143;150;4293
88076;433;10;443
88077;566;14;580
88078;3073;54;3127
88079;1539;103;1642
88080;306;2;308
88081;1349;23;1372
88082;784;17;801
88083;211;10;221
88084;466;9;475
88085;187;2;189
88086;518;24;542
88087;3197;95;3292
88088;672;8;680
88089;562;14;576
88090;4690;55;4745
88091;387;9;396
88092;587;8;595
88093;43;2;45
88094;1708;50;1758
88095;1702;44;1746
88096;112;8;120
88097;43;1;44
88098;901;25;926
88099;1367;22;1389
88100;46;2;48
88101;1236;24;1260
88102;95;1;96
88103;87;2;89
88104;185;10;195
88105;213;4;217
88106;946;29;975
88107;34;0;34
88108;508;19;527
88109;646;13;659
88110;219;5;224
88111;355;4;359
88113;134;1;135
88114;3190;224;3414
88115;1500;14;1514
88116;3111;71;3182
88117;78;1;79
88118;713;20;733
88119;174;2;176
88120;486;9;495
88121;271;6;277
88122;364;7;371
88123;252;5;257
88124;1076;53;1129
88125;66;1;67
88126;1380;31;1411
88127;59;2;61
88128;249;5;254
88129;114;3;117
88130;248;4;252
88131;307;14;321
88132;1361;38;1399
88133;199;9;208
88134;624;14;638
88135;864;17;881
88136;1484;27;1511
88137;100;0;100
88138;79;2;81
88139;120;1;121
88140;368;14;382
88141;239;3;242
88142;406;8;414
88143;265;14;279
88144;56;0;56
88145;216;2;218
88146;175;2;177
88147;382;5;387
88148;1882;51;1933
88149;54;0;54
88150;294;6;300
88151;1108;28;1136
88152;249;14;263
88153;346;8;354
88154;91;2;93
88155;101;8;109
88156;132;2;134
88157;856;18;874
88158;3122;60;3182
88159;497;8;505
88160;32256;1450;33706
88161;434;12;446
88162;193;5;198
88163;745;9;754
88164;94;1;95
88165;2610;53;2663
88166;356;3;359
88167;233;5;238
88168;136;2;138
88169;215;6;221
88170;725;17;742
88171;47;1;48
88172;227;4;231
88173;462;12;474
88174;151;4;155
88175;458;20;478
88176;508;35;543
88177;520;11;531
88178;1833;69;1902
88179;44;3;47
88180;126;2;128
88181;2841;46;2887
88182;195;9;204
88183;335;7;342
88184;440;11;451
88185;109;4;113
88186;46;0;46
88187;54;1;55
88188;1726;48;1774
88189;135;4;139
88190;521;6;527
88192;105;1;106
88193;145;1;146
88194;140;12;152
88195;105;3;108
88196;7807;624;8431
88197;352;11;363
88198;601;12;613
88199;78;3;81
88200;53;1;54
88201;900;14;914
88202;191;3;194
88203;351;11;362
88205;254;17;271
88206;889;17;906
88208;115;4;119
88209;8798;123;8921
88210;173;6;179
88212;351;10;361
88213;135;0;135
88214;76;4;80
88215;77;2;79
88216;744;11;755
88218;2613;56;2669
88219;149;6;155
88220;46;1;47
88221;237;11;248
88222;253;19;272
88223;164;7;171
88224;388;12;400
88225;2359;105;2464
88226;126;3;129
88227;86;1;87
88228;174;4;178
88229;73;4;77
88230;40;0;40
88231;477;18;495
88232;219;4;223
88233;628;52;680
88236;125;0;125
88237;370;7;377
88238;393;12;405
88239;135;3;138
88240;279;2;281
88241;441;12;453
88242;45;1;46
88243;485;7;492
88244;547;18;565
88245;319;13;332
88246;484;12;496
88247;1160;14;1174
88248;174;4;178
88249;76;3;79
88250;478;5;483
88251;1119;35;1154
88252;132;7;139
88253;683;16;699
88254;82;1;83
88255;91;3;94
88256;270;5;275
88257;179;3;182
88258;858;16;874
88259;298;9;307
88260;154;2;156
88261;626;11;637
88262;582;12;594
88263;206;6;212
88264;61;3;64
88265;30;0;30
88266;834;18;852
88267;451;16;467
88268;142;8;150
88269;297;7;304
88270;2124;61;2185
88271;307;7;314
88272;71;0;71
88273;456;11;467
88274;78;1;79
88275;239;2;241
88276;395;16;411
88277;115;3;118
88278;72;1;73
88279;50;1;51
88280;137;0;137
88281;405;12;417
88283;81;2;83
88284;581;12;593
88285;440;129;569
88286;98;0;98
88287;63;1;64
88288;7;0;7
88289;816;66;882
88290;105;2;107
88291;131;3;134
88292;806;25;831
88293;216;4;220
88294;263;3;266
88295;228;7;235
88296;74;0;74
88297;157;5;162
88298;67;0;67
88299;147;1;148
88300;131;6;137
88301;294;11;305
88302;1026;22;1048
88303;199;1;200
88304;4949;487;5436
88305;196;5;201
88306;51;0;51
88307;95;2;97
88308;302;5;307
88309;159;9;168
88310;909;18;927
88311;37;1;38
88312;197;5;202
88313;420;8;428
88314;101;4;105
88315;171;2;173
88316;48;2;50
88317;566;5;571
88318;227;5;232
88319;3089;64;3153
88320;780;39;819
88321;6636;284;6920
88322;506;12;518
88324;379;10;389
88325;183;7;190
88326;349;10;359
88327;2005;22;2027
88328;542;23;565
88330;195;2;197
88331;53;2;55
88332;215;6;221
88333;123;1;124
88334;312;5;317
88335;154;3;157
88336;73;1;74
88338;84;0;84
88340;499;11;510
88341;508;10;518
88342;164;3;167
88343;159;4;163
88344;182;5;187
88345;72;3;75
88346;742;12;754
88347;118;1;119
88348;131;2;133
88349;1641;26;1667
88350;78;3;81
88351;1604;34;1638
88352;195;5;200
88353;108;3;111
88354;185;0;185
88355;1239;21;1260
88356;272;5;277
88357;685;21;706
88358;1980;35;2015
88359;91;2;93
88360;153;5;158
88361;1343;115;1458
88362;113;1;114
88363;156;5;161
88364;146;3;149
88365;158;9;167
88366;279;12;291
88367;5096;135;5231
88368;191;4;195
88369;1889;135;2024
88370;61;1;62
88371;1228;18;1246
88372;6205;141;6346
88373;147;2;149
88374;23;0;23
88375;471;7;478
88376;278;7;285
88377;122;2;124
88378;96;2;98
88379;356;6;362
88380;209;2;211
88381;199;11;210
88382;67;1;68
88383;7691;301;7992
88385;573;10;583
88386;457;4;461
88387;217;4;221
88388;121;3;124
88389;81;0;81
88390;106;8;114
88391;686;17;703
88393;315;9;324
88394;51;0;51
88395;375;8;383
88398;85;4;89
88399;202;4;206
88400;274;12;286
88401;447;9;456
88402;370;139;509
88403;190;2;192
88404;67;1;68
88406;134;1;135
88407;141;3;144
88408;3529;68;3597
88409;2146;38;2184
88410;272;4;276
88411;78;1;79
88412;438;9;447
88413;19576;484;20060
88415;3847;80;3927
88416;135;2;137
88417;386;9;395
88418;456;4;460
88419;119;0;119
88421;109;2;111
88423;1351;22;1373
88424;2308;69;2377
88425;181;5;186
88426;1367;36;1403
88427;129;1;130
88428;1836;56;1892
88429;3994;257;4251
88430;503;13;516
88431;165;3;168
88432;153;3;156
88433;76;1;77
88434;222;4;226
88435;518;12;530
88436;72;1;73
88437;99;3;102
88438;392;7;399
88439;943;36;979
88440;168;4;172
88441;128;2;130
88442;635;9;644
88443;95;2;97
88444;326;11;337
88445;2328;56;2384
88446;250;2;252
88447;2517;80;2597
88448;178;7;185
88449;187;0;187
88450;183;1;184
88451;2423;35;2458
88452;132;0;132
88453;34;0;34
88454;231;10;241
88455;98;6;104
88456;84;3;87
88457;144;1;145
88458;277;3;280
88459;43;1;44
88460;655;13;668
88461;215;0;215
88462;1884;40;1924
88463;1529;42;1571
88464;510;7;517
88465;8634;214;8848
88466;129;5;134
88467;577;15;592
88468;3376;56;3432
88469;99;4;103
88470;1555;43;1598
88471;102;1;103
88472;117;4;121
88473;106;4;110
88474;64;0;64
88475;121;5;126
88476;119;1;120
88477;97;1;98
88478;104;1;105
88479;259;4;263
88480;167;0;167
88481;1340;22;1362
88482;56;2;58
88483;2296;67;2363
88484;1035;30;1065
88485;120;0;120
88486;3911;108;4019
88487;3864;99;3963
88488;235;5;240
88489;253;8;261
88490;178;4;182
88491;119;5;124
88492;73;2;75
88493;24;1;25
88494;121;2;123
88495;177;6;183
88496;161;3;164
88497;443;8;451
88498;858;21;879
88499;160;3;163
88500;832;14;846
88501;71;0;71
88502;133;4;137
88503;148;3;151
88504;207;4;211
88505;124;2;126
88506;314;6;320
88507;200;6;206
88508;541;11;552
88509;109;1;110
88510;154;0;154
88511;86;2;88
88512;254;3;257
88513;2190;26;2216
88514;160;7;167
88515;151;2;153
88516;4832;138;4970
88517;202;3;205
88518;37;0;37
88519;676;22;698
88520;298;9;307
88521;259;3;262
88522;71;3;74
88523;153;5;158
88524;351;4;355
88525;129;2;131
88526;419;10;429
88527;144;2;146
88528;156;3;159
88529;111;4;115
88530;2586;49;2635
88531;1515;50;1565
88532;77;4;81
89002;77;3;80
89003;2856;60;2916
89004;238;11;249
89005;853;22;875
89006;160;6;166
89007;425;12;437
89008;157;7;164
89009;349;17;366
89010;207;5;212
89011;122;10;132
89012;84;2;86
89013;3245;50;3295
89014;607;8;615
89015;472;12;484
89016;78;3;81
89017;220;2;222
89018;769;6;775
89019;151;1;152
89020;113;2;115
89021;291;13;304
89022;132;3;135
89023;1008;23;1031
89024;34451;1103;35554
89025;6462;220;6682
89027;205;5;210
89028;61;5;66
89029;877;20;897
89030;413;9;422
89031;632;12;644
89032;67;3;70
89033;394;11;405
89034;470;13;483
89035;443;14;457
89036;246;6;252
89037;519;18;537
89038;112;0;112
89039;76;4;80
89040;188;3;191
89041;301;15;316
89042;166;5;171
89043;100;1;101
89044;106;1;107
89045;283;7;290
89046;1176;17;1193
89048;341;7;348
89049;21;3;24
89050;859;10;869
89051;542;12;554
89053;439;10;449
89054;787;9;796
89055;3192;71;3263
89056;628;14;642
89057;303;4;307
89058;122;2;124
89059;716;11;727
89060;457;11;468
89061;251;3;254
89062;360;4;364
89063;805;19;824
89064;56;1;57
89065;39;1;40
89066;972;24;996
89067;1106;16;1122
89068;2205;39;2244
89069;531;11;542
89071;103;0;103
89072;306;3;309
89073;920;40;960
89074;2117;40;2157
89075;723;11;734
89076;787;11;798
89077;1571;92;1663
89079;659;23;682
89080;642;4;646
89081;89;0;89
89083;1854;47;1901
89084;281;5;286
89085;1130;23;1153
89086;4815;71;4886
89087;300;9;309
89088;464;12;476
89089;137;5;142
89091;597;15;612
89092;207;11;218
89093;645;11;656
89094;708;15;723
89095;140;8;148
89096;906;26;932
89098;225;6;231
89099;2356;38;2394
89100;1676;16;1692
89101;551;11;562
89102;2169;64;2233
89104;303;13;316
89105;484;17;501
89108;345;9;354
89111;301;5;306
89112;163;8;171
89113;676;17;693
89115;206;6;212
89116;359;7;366
89117;217;1;218
89118;806;19;825
89119;512;10;522
89120;129;3;132
89122;569;8;577
89123;260;8;268
89124;1190;20;1210
89125;939;20;959
89126;33;1;34
89127;784;24;808
89128;137;4;141
89129;410;9;419
89130;1265;29;1294
89131;234;4;238
89132;165;6;171
89133;351;4;355
89134;327;8;335
89136;861;29;890
89137;472;10;482
89139;1102;35;1137
89141;116;7;123
89142;918;26;944
89143;316;3;319
89144;812;14;826
89145;379;12;391
89146;86;3;89
89147;233;2;235
89148;266;4;270
89149;214;6;220
89150;449;9;458
89151;1346;21;1367
89152;742;15;757
89153;554;17;571
89154;886;24;910
89155;699;11;710
89156;394;7;401
89158;626;15;641
89159;390;10;400
89160;761;25;786
89161;195;5;200
89162;390;3;393
89163;526;9;535
89164;91;0;91
89165;107;2;109
89167;1112;35;1147
89168;175;3;178
89169;974;21;995
89170;124;2;126
89171;297;3;300
89172;503;25;528
89173;469;5;474
89175;149;6;155
89176;137;2;139
89177;72;0;72
89179;300;8;308
89180;480;10;490
89181;119;2;121
89182;171;4;175
89183;68;0;68
89184;130;2;132
89186;530;13;543
89187;88;2;90
89188;167;6;173
89189;575;19;594
89190;180;8;188
89191;46;2;48
89194;116;6;122
89195;1251;73;1324
89196;1755;52;1807
89197;748;8;756
89198;1699;38;1737
89199;454;10;464
89200;389;16;405
89201;1786;40;1826
89202;260;7;267
89203;186;6;192
89204;661;14;675
89205;579;4;583
89206;9557;322;9879
89207;25;0;25
89208;1153;18;1171
89209;512;11;523
89210;131;7;138
89211;68;0;68
89212;368;15;383
89214;194;2;196
89215;186;4;190
89216;319;10;329
89217;137;2;139
89218;1260;22;1282
89219;144;0;144
89220;459;8;467
89221;327;5;332
89222;219;6;225
89223;661;20;681
89224;156;3;159
89225;44;0;44
89226;190;5;195
89227;1228;27;1255
89228;1393;43;1436
89229;472;12;484
89230;437;18;455
89232;289;16;305
89233;200;5;205
89234;120;2;122
89235;873;22;895
89236;1178;31;1209
89237;497;9;506
89238;545;6;551
89239;1547;45;1592
89240;327;9;336
89242;805;19;824
89244;86;4;90
89245;843;19;862
89246;355;5;360
89247;237;2;239
89248;41;2;43
89249;78;1;79
89250;201;3;204
89251;371;9;380
89252;177;4;181
89253;192;1;193
89254;523;8;531
89255;1067;22;1089
89256;415;3;418
89257;7258;112;7370
89259;90;2;92
89261;275;6;281
89262;171;8;179
89263;4125;79;4204
89264;732;27;759
89265;583;20;603
89266;262;7;269
89267;177;6;183
89268;793;16;809
89270;127;2;129
89271;104;1;105
89272;293;2;295
89273;280;4;284
89274;1336;36;1372
89276;885;40;925
89277;367;10;377
89278;552;5;557
89279;589;18;607
89280;393;9;402
89281;362;2;364
89282;678;12;690
89283;599;16;615
89284;183;4;187
89285;314;3;317
89286;830;15;845
89287;4828;118;4946
89288;179;3;182
89289;283;12;295
89290;44;1;45
89291;340;10;350
89292;250;5;255
89295;1258;32;1290
89296;130;1;131
89297;112;1;113
89298;612;9;621
89299;63;2;65
89300;80;1;81
89302;205;5;210
89303;251;6;257
89304;677;17;694
89306;366;11;377
89307;749;9;758
89308;188;7;195
89309;3316;60;3376
89310;140;3;143
89311;1392;34;1426
89312;248;5;253
89313;425;16;441
89314;181;1;182
89315;153;1;154
89316;254;8;262
89318;633;20;653
89319;483;14;497
89320;63;2;65
89321;718;17;735
89323;141;4;145
89324;657;17;674
89325;91;1;92
89326;1090;32;1122
89327;395;10;405
89328;371;9;380
89329;75;1;76
89331;312;12;324
89332;953;27;980
89333;152;4;156
89334;557;7;564
89335;418;13;431
89336;283;7;290
89337;1021;26;1047
89338;2740;77;2817
89339;190;7;197
89341;448;5;453
89342;650;18;668
89344;1495;15;1510
89345;4240;62;4302
89346;3225;143;3368
89347;349;10;359
89348;2236;48;2284
89349;354;6;360
89350;261;4;265
89351;482;8;490
89352;268;7;275
89353;418;4;422
89354;1525;42;1567
89355;145;6;151
89359;417;5;422
89360;372;6;378
89361;255;2;257
89362;178;5;183
89363;107;2;109
89364;295;5;300
89365;526;15;541
89367;548;11;559
89368;892;20;912
89369;572;12;584
89370;1727;21;1748
89371;84;0;84
89373;675;10;685
89374;73;3;76
89375;84;3;87
89376;144;7;151
89377;70;0;70
89378;722;15;737
89379;151;3;154
89380;454;7;461
89382;1476;37;1513
89383;104;2;106
89384;683;24;707
89385;77;3;80
89386;115;1;116
89387;26688;515;27203
89388;519;14;533
89390;663;10;673
89391;1269;26;1295
89392;248;3;251
89393;110;2;112
89394;80;1;81
89395;409;8;417
89397;364;5;369
89398;360;4;364
89399;1592;45;1637
89400;316;5;321
89402;221;4;225
89403;88;8;96
89404;523;9;532
89405;499;6;505
89406;72;2;74
89407;935;31;966
89408;277;7;284
89409;61;1;62
89410;100;1;101
89411;1038;18;1056
89412;185;8;193
89413;36;1;37
89414;1417;30;1447
89415;200;3;203
89416;439;7;446
89417;109;2;111
89418;4381;165;4546
89419;2615;141;2756
89420;969;20;989
89422;41;2;43
89423;127;3;130
89424;134;6;140
89425;674;20;694
89426;387;12;399
89427;681;19;700
89428;564;6;570
89430;322;9;331
89431;71;1;72
89432;461;8;469
89433;274;5;279
89434;349;8;357
89436;877;15;892
89437;301;7;308
89438;1759;200;1959
89439;1528;24;1552
89440;413;5;418
89441;1255;25;1280
89442;241;7;248
89443;1887;62;1949
89445;52;2;54
89446;418;4;422
89447;156;5;161
89449;1815;35;1850
89450;627;22;649
89451;250;4;254
89452;380;13;393
89453;1126;30;1156
89456;668;8;676
89458;166;9;175
89459;318;0;318
89460;3515;46;3561
89461;1112;19;1131
89462;296;3;299
89463;254;4;258
89464;5165;85;5250
89465;321;1;322
89466;388;9;397
89467;819;14;833
89468;419;59;478
89469;949;21;970
89470;121;7;128
89471;467;15;482
89472;448;9;457
89474;275;6;281
89475;109;2;111
89477;112;2;114
89478;914;15;929
89479;292;6;298
89480;1594;24;1618
89481;107;6;113
89482;111;1;112
89483;509;18;527
89485;204;6;210
89486;154;3;157
90001;1171;21;1192
90002;356;8;364
90003;589;22;611
90004;512;15;527
90005;453;13;466
90006;286;7;293
90007;288;12;300
90008;4659;108;4767
90009;5010;64;5074
90010;46443;799;47242
90011;378;9;387
90012;1283;46;1329
90013;239;11;250
90014;488;8;496
90015;238;9;247
90016;123;2;125
90017;1903;26;1929
90018;396;7;403
90019;270;6;276
90020;275;9;284
90021;363;4;367
90022;2667;51;2718
90023;1164;32;1196
90024;141;3;144
90025;344;4;348
90026;1570;38;1608
90027;116;0;116
90028;388;7;395
90029;1951;53;2004
90030;168;3;171
90031;344;9;353
90032;3620;68;3688
90033;5667;86;5753
90034;757;26;783
90035;797;10;807
90036;270;9;279
90037;941;26;967
90039;3321;103;3424
90041;1430;51;1481
90042;2032;69;2101
90043;582;2;584
90044;239;5;244
90045;762;13;775
90046;447;6;453
90047;596;15;611
90048;122;3;125
90049;919;18;937
90050;240;7;247
90051;467;8;475
90052;2929;80;3009
90053;3003;61;3064
90054;521;10;531
90055;336;2;338
90056;1410;29;1439
90057;746;26;772
90058;580;6;586
90059;227;10;237
90060;139;3;142
90061;43;2;45
90062;284;10;294
90063;415;9;424
90064;303;4;307
90065;1156;21;1177
90066;242;1;243
90067;397;18;415
90068;1368;31;1399
90069;1308;24;1332
90070;404;9;413
90071;1175;21;1196
90072;1076;22;1098
90074;302;4;306
90075;4219;99;4318
90076;1176;41;1217
90077;299;7;306
90078;189;5;194
90079;314;6;320
90080;439;13;452
90081;776;13;789
90082;277;9;286
90083;124;0;124
90084;343;10;353
90085;95;2;97
90086;221;6;227
90087;1040;31;1071
90088;966;25;991
90089;1497;65;1562
90090;435;12;447
90091;643;23;666
90093;916;20;936
90094;702;24;726
90095;434;3;437
90096;282;8;290
90097;1283;32;1315
90098;242;11;253
90099;5269;239;5508
90100;201;12;213
90101;243;6;249
90102;719;23;742
90103;660;22;682
90104;986;23;1009
90105;179;5;184
91001;324;8;332
91016;4353;70;4423
91017;1723;26;1749
91021;11355;92;11447
91022;135;5;140
91027;35670;331;36001
91035;374;6;380
91037;324;1;325
91038;1273;22;1295
91041;995;7;1002
91044;4600;42;4642
91045;7593;100;7693
91047;1311;13;1324
91064;4823;112;4935
91067;117;4;121
91069;387;10;397
91075;80;1;81
91079;510;7;517
91080;1341;14;1355
91081;689;17;706
91085;3828;47;3875
91086;10046;98;10144
91093;648;21;669
91095;2113;26;2139
91097;7983;75;8058
91098;426;5;431
91099;2963;41;3004
91100;646;16;662
91103;27412;321;27733
91105;8566;120;8686
91106;1290;12;1302
91109;1260;9;1269
91111;3342;39;3381
91112;128;4;132
91114;25330;427;25757
91115;3497;43;3540
91121;434;7;441
91122;9408;220;9628
91129;3337;165;3502
91130;1026;28;1054
91131;404;8;412
91132;1133;12;1145
91135;2867;56;2923
91136;2778;18;2796
91137;370;6;376
91145;69;0;69
91148;137;0;137
91156;2226;30;2256
91159;1590;28;1618
91161;19822;128;19950
91174;51234;294;51528
91175;1718;31;1749
91179;4844;45;4889
91180;337;10;347
91184;276;7;283
91186;577;8;585
91191;9369;58;9427
91195;822;6;828
91198;1495;24;1519
91200;10452;187;10639
91201;28602;265;28867
91204;791;17;808
91207;6322;53;6375
91215;12266;83;12349
91216;11184;145;11329
91223;25629;184;25813
91225;3144;150;3294
91226;6729;92;6821
91228;66851;466;67317
91232;3659;55;3714
91235;13641;18;13659
91240;182;4;186
91243;2232;32;2264
91244;1591;26;1617
91247;519;7;526
91248;161;1;162
91249;3923;75;3998
91272;21007;595;21602
91273;766;18;784
91274;1502;24;1526
91275;2664;50;2714
91284;1177;23;1200
91286;28201;98;28299
91292;842;15;857
91293;903;17;920
91294;814;11;825
91312;9917;303;10220
91315;6522;61;6583
91318;1970;49;2019
91319;635;10;645
91326;17454;127;17581
91330;5483;102;5585
91332;1477;24;1501
91333;4378;43;4421
91338;6492;121;6613
91339;6842;51;6893
91340;7333;63;7396
91345;21269;143;21412
91347;6375;53;6428
91359;2780;40;2820
91363;8138;157;8295
91374;237;3;240
91376;5610;54;5664
91377;50644;352;50996
91378;289;3;292
91386;15292;291;15583
91390;3305;43;3348
91393;625;8;633
91399;227;5;232
91405;4635;92;4727
91408;1252;30;1282
91411;1874;49;1923
91412;738;15;753
91414;382;5;387
91421;23760;293;24053
91425;7681;223;7904
91432;13424;78;13502
91433;4346;106;4452
91434;20124;165;20289
91435;550;27;577
91441;503;11;514
91457;4331;46;4377
91458;4511;73;4584
91461;4759;58;4817
91463;1044;21;1065
91468;2158;21;2179
91469;911;49;960
91471;15503;329;15832
91473;168;2;170
91477;35236;332;35568
91479;7814;58;7872
91482;548;11;559
91494;4140;58;4198
91495;337;3;340
91507;289;5;294
91508;258;4;262
91511;2106;29;2135
91514;9426;47;9473
91519;393;11;404
91521;29745;182;29927
91525;1340;25;1365
91526;107;1;108
91533;1859;24;1883
91534;4256;57;4313
91538;696;20;716
91540;5238;79;5317
91544;524;9;533
91546;937;22;959
91547;506;17;523
91549;35830;310;36140
91552;10983;77;11060
91553;7488;97;7585
91556;410;9;419
91560;487;7;494
91568;1544;37;1581
91570;20484;147;20631
91573;11220;111;11331
91577;5797;65;5862
91578;278;5;283
91579;3059;52;3111
91581;902;10;912
91587;6416;56;6472
91589;36577;246;36823
91593;1610;38;1648
91599;1282;22;1304
91600;7213;138;7351
91602;441;9;450
91613;216;8;224
91617;4294;76;4370
91619;274;10;284
91629;620;12;632
91630;1486;32;1518
91631;2300;31;2331
91634;1355;31;1386
91635;2064;32;2096
91639;959;68;1027
91645;14888;360;15248
91648;2262;27;2289
91649;2818;38;2856
91654;595;17;612
91657;31394;181;31575
91659;5487;43;5530
91661;10466;165;10631
91662;726;22;748
91665;8010;65;8075
91666;2425;18;2443
91667;7058;90;7148
91671;604;7;611
91679;1212;17;1229
91685;4600;39;4639
91687;30865;214;31079
91689;7133;69;7202
91691;29318;209;29527
91692;25024;150;25174
92002;62760;775;63535
92004;87143;666;87809
92007;40936;134;41070
92009;28841;241;29082
92012;121583;1242;122825
92014;21050;360;21410
92019;34021;357;34378
92020;36639;295;36934
92022;20771;310;21081
92023;52925;499;53424
92024;63089;257;63346
92025;86534;586;87120
92026;81558;655;82213
92032;25531;231;25762
92033;17795;438;18233
92035;29642;247;29889
92036;48530;216;48746
92040;67981;704;68685
92044;66082;571;66653
92046;30950;201;31151
92047;1774;61;1835
92048;45818;684;46502
92049;48352;235;48587
92050;96277;640;96917
92051;59599;985;60584
92060;30061;154;30215
92062;45157;289;45446
92063;78317;1471;79788
92064;30012;598;30610
92071;20004;370;20374
92072;23463;389;23852
92073;49311;505;49816
92075;27846;285;28131
92076;8683;325;9008
92077;11225;302;11527
92078;24097;86;24183
93001;88948;191;89139
93005;86969;410;87379
93006;36060;106;36166
93007;57498;166;57664
93008;54363;165;54528
93010;54587;159;54746
93013;15905;43;15948
93014;28782;92;28874
93015;4921;42;4963
93027;45053;128;45181
93029;72376;282;72658
93030;11073;40;11113
93031;54611;157;54768
93032;39661;199;39860
93033;6844;61;6905
93039;8288;41;8329
93045;23447;128;23575
93046;45692;216;45908
93047;27928;130;28058
93048;111240;570;111810
93049;20878;129;21007
93050;35907;121;36028
93051;67871;385;68256
93053;44463;128;44591
93055;59846;181;60027
93057;23898;97;23995
93059;30861;47;30908
93061;17351;72;17423
93062;14569;198;14767
93063;30087;84;30171
93064;46024;174;46198
93066;112852;914;113766
93070;50697;129;50826
93071;51734;173;51907
93072;38285;76;38361
93073;36461;163;36624
93074;7181;89;7270
93077;30405;185;30590
93078;37713;83;37796
93079;13574;82;13656
94001;5852;27;5879
94002;44805;161;44966
94003;21788;122;21910
94004;16977;55;17032
94011;18062;72;18134
94015;17525;198;17723
94016;30440;274;30714
94017;76990;344;77334
94018;29882;204;30086
94019;18039;114;18153
94021;19988;69;20057
94022;46150;209;46359
94028;93246;476;93722
94033;52008;419;52427
94034;28710;112;28822
94037;18815;106;18921
94038;32071;173;32244
94041;63748;250;63998
94042;19652;155;19807
94043;24971;114;25085
94044;27833;112;27945
94046;56483;291;56774
94047;4777;48;4825
94048;4783;105;4888
94052;34042;236;34278
94053;4607;42;4649
94054;24627;178;24805
94055;10419;91;10510
94056;2688;24;2712
94058;33588;303;33891
94059;19829;78;19907
94060;12051;133;12184
94065;5657;67;5724
94067;22377;199;22576
94068;74976;912;75888
94069;14189;118;14307
94070;4014;61;4075
94071;27157;258;27415
94073;30676;234;30910
94074;14883;51;14934
94075;11779;65;11844
94076;55208;243;55451
94077;21679;96;21775
94078;34890;102;34992
94079;28895;119;29014
94080;49788;442;50230
94081;95510;459;95969
95002;1124;14;1138
95008;887;12;899
95011;387;3;390
95012;205;6;211
95014;2574;54;2628
95018;111038;557;111595
95019;14255;80;14335
95023;637;3;640
95024;271;5;276
95026;2939;39;2978
95028;1691;8;1699
95039;6813;102;6915
95040;857;14;871
95042;1899;15;1914
95046;148;2;150
95051;8687;94;8781
95052;9504;103;9607
95054;212;5;217
95055;477;3;480
95056;2203;9;2212
95058;2733;24;2757
95059;350;3;353
95060;7878;61;7939
95061;410;2;412
95063;31671;124;31795
95074;818;15;833
95078;1844;31;1875
95088;1129;2;1131
95091;6578;58;6636
95094;302;3;305
95101;962;12;974
95102;404;9;413
95110;212;3;215
95116;4347;34;4381
95119;322;3;325
95120;2276;24;2300
95127;65911;518;66429
95134;5018;42;5060
95139;316;5;321
95141;36;0;36
95142;2046;17;2063
95144;76;1;77
95149;3241;54;3295
95150;582;15;597
95151;299;5;304
95154;305;3;308
95157;124;4;128
95166;465;7;472
95169;498;3;501
95170;548;1;549
95176;25406;214;25620
95177;1333;14;1347
95181;288;3;291
95183;6709;111;6820
95197;22149;187;22336
95199;15504;194;15698
95203;25335;318;25653
95205;7125;44;7169
95210;11470;158;11628
95211;2418;24;2442
95212;109;0;109
95213;616;15;631
95214;70;0;70
95218;18296;120;18416
95219;28939;244;29183
95229;9656;56;9712
95241;2007;16;2023
95250;9791;61;9852
95252;37394;170;37564
95253;520;11;531
95254;558;7;565
95256;3342;44;3386
95257;4701;41;4742
95258;349;8;357
95268;43239;94;43333
95270;541;19;560
95271;519;9;528
95277;26106;122;26228
95280;31068;143;31211
95282;160;1;161
95287;694;12;706
95288;8509;52;8561
95295;142;3;145
95298;561;7;568
95301;286;6;292
95303;206;1;207
95304;281;2;283
95306;31314;231;31545
95308;576;12;588
95309;207;3;210
95313;12063;216;12279
95316;271;2;273
95323;16741;132;16873
95328;643;7;650
95331;190;3;193
95341;383;9;392
95348;550;6;556
95351;11037;83;11120
95352;4733;79;4812
95353;1834;17;1851
95355;5846;58;5904
95365;707;8;715
95369;2846;50;2896
95370;3446;52;3498
95371;5663;43;5706
95379;188;2;190
95387;62;0;62
95388;5902;53;5955
95392;5168;53;5221
95394;9865;97;9962
95395;898;9;907
95409;1287;3;1290
95422;347;3;350
95424;21528;110;21638
95426;2937;75;3012
95427;14523;65;14588
95428;21723;252;21975
95429;406;10;416
95430;3633;35;3668
95436;1629;9;1638
95438;121;2;123
95445;747;4;751
95446;1803;31;1834
95447;220;4;224
95450;2043;28;2071
95452;863;7;870
95456;653;4;657
95459;699;15;714
95462;323;8;331
95476;17446;239;17685
95480;5589;112;5701
95483;533;4;537
95487;13734;54;13788
95488;9423;39;9462
95489;671;69;740
95491;8514;75;8589
95492;74;0;74
95493;128;1;129
95500;32405;486;32891
95504;3923;51;3974
95509;3563;32;3595
95510;583;11;594
95523;479;37;516
95527;2833;26;2859
95529;866;8;874
95535;1104;26;1130
95539;15043;78;15121
95541;1001;13;1014
95543;240;1;241
95554;896;19;915
95555;20895;166;21061
95563;16130;174;16304
95566;2697;24;2721
95572;24674;115;24789
95574;7036;107;7143
95580;2379;104;2483
95582;26565;336;26901
95584;663;7;670
95585;59196;252;59448
95592;1290;14;1304
95594;1025;14;1039
95598;18033;161;18194
95604;4213;25;4238
95607;26872;190;27062
95610;300;7;307
95611;50;0;50
95612;4567;21;4588
95625;1339;12;1351
95627;598;13;611
95628;1213;25;1238
95633;98;0;98
95637;16456;219;16675
95641;2699;22;2721
95651;884;19;903
95652;5194;73;5267
95656;379;6;385
95658;1083;22;1105
95660;775;8;783
95675;1506;14;1520
95676;490;10;500
95678;861;11;872
95680;28423;117;28540
95682;189;3;192
95690;330;7;337
971101;53514;513;54027
971102;4001;64;4065
971103;30837;498;31335
971104;5203;92;5295
971105;9861;244;10105
971106;6847;111;6958
971107;17741;173;17914
971108;3298;43;3341
971109;7760;185;7945
971110;1419;34;1453
971111;3998;65;4063
971112;4870;132;5002
971113;26489;344;26833
971114;7621;138;7759
971115;16354;297;16651
971116;16495;197;16692
971117;22149;274;22423
971118;24753;421;25174
971119;8203;123;8326
971120;15181;108;15289
971121;6031;144;6175
971122;5618;70;5688
971124;10466;265;10731
971125;11689;160;11849
971126;2397;54;2451
971127;32489;592;33081
971128;24151;269;24420
971129;17985;294;18279
971130;975;24;999
971131;1519;51;1570
971132;7862;148;8010
971133;1842;31;1873
971134;7110;190;7300
972201;1756;31;1787
972202;3494;53;3547
972203;2823;42;2865
972204;3461;47;3508
972205;4455;68;4523
972206;5511;74;5585
972207;17655;287;17942
972208;680;12;692
972209;76512;898;77410
972210;15980;210;16190
972211;610;11;621
972212;9689;88;9777
972213;40095;590;40685
972214;6768;76;6844
972215;1050;8;1058
972216;3117;49;3166
972217;8751;145;8896
972218;4795;53;4848
972219;1203;23;1226
972220;11877;143;12020
972221;11874;237;12111
972222;21913;183;22096
972223;9890;97;9987
972224;15883;249;16132
972225;4121;55;4176
972226;4444;59;4503
972227;9487;204;9691
972228;15487;165;15652
972229;19612;218;19830
972230;12025;152;12177
972231;7242;123;7365
972232;8619;96;8715
972233;1816;26;1842
972234;1813;126;1939
973301;854;26;880
973302;65493;385;65878
973303;1748;20;1768
973304;24903;245;25148
973305;16219;186;16405
973306;11675;170;11845
973307;33458;238;33696
973308;4245;90;4335
973309;26358;381;26739
973310;3458;54;3512
973311;47621;342;47963
973312;2875;44;2919
973313;2957;19;2976
973314;242;1;243
973352;152;7;159
973353;11842;125;11967
973356;1864;24;1888
973357;8779;5;8784
973358;247;1;248
973360;9482;15;9497
973361;1449;12;1461
973362;5757;17;5774
974401;11440;210;11650
974402;13057;203;13260
974403;6927;65;6992
974404;14059;199;14258
974405;12395;123;12518
974406;6626;99;6725
974407;32977;258;33235
974408;32985;420;33405
974409;56902;464;57366
974410;37036;249;37285
974411;153810;1492;155302
974412;37918;507;38425
974413;34586;476;35062
974414;53120;573;53693
974415;103208;1348;104556
974416;84982;896;85878
974417;5198;66;5264
974418;34061;450;34511
974419;6345;77;6422
974420;24065;227;24292
974421;7136;73;7209
974422;79824;1009;80833
974423;7015;91;7106
974424;5538;85;5623
